Date,EmpID,Gender,Age,EthnicGroup,FP,TermDate,isNewHire,BU Region,HireDate,PayType,TermReason,AgeGroup,TenureDays,TenureMonths,BadHires
12/1/2017,196,F,18,Group B,PT,2/9/2013, ,North,11/28/2013,Hourly,Voluntary,<30,11,0.37,1
12/1/2017,1780,F,21,Group F,PT,, ,North,11/15/2013,Hourly, ,<30,16,0.53,0
12/1/2017,1842,F,24,Group E,PT,, ,North,8/21/2013,Hourly, ,<30,102,3.4,0
12/1/2017,1920,F,20,Group A,PT,12/22/2013, ,North,10/23/2013,Hourly,Voluntary,<30,60,2,1
12/1/2017,1924,M,25,Group G,PT,12/21/2013, ,North,1/5/2012,Hourly,Voluntary,<30,716,23.87,0
12/1/2017,1936,F,19,Group E,PT,, ,North,9/12/2013,Hourly, ,<30,80,2.67,0
12/1/2017,1950,M,38,Group A,PT,, ,North,8/27/2008,Hourly, ,30-49,1922,64.07,0
12/1/2017,1958,M,21,Group B,PT,, ,North,8/21/2013,Hourly, ,<30,102,3.4,0
12/1/2017,1966,M,35,Group A,PT,, ,North,9/8/2012,Hourly, ,30-49,449,14.97,0
12/1/2017,1972,M,20,Group F,PT,, ,North,9/26/2013,Hourly, ,<30,66,2.2,0
12/1/2017,1976,M,42,Group A,PT,, ,North,9/20/2013,Hourly, ,30-49,72,2.4,0
12/1/2017,1988,F,19,Group A,PT,, ,Midwest,8/24/2013,Hourly, ,<30,99,3.3,0
12/1/2017,2056,M,19,Group D,PT,, ,Midwest,6/14/2013,Hourly, ,<30,170,5.67,0
12/1/2017,2058,M,24,Group F,PT,, ,Midwest,8/8/2013,Hourly, ,<30,115,3.83,0
12/1/2017,2090,M,25,Group G,PT,, ,Midwest,6/21/2013,Hourly, ,<30,163,5.43,0
12/1/2017,2202,F,22,Group C,PT,, ,Midwest,10/31/2013,Hourly, ,<30,31,1.03,0
12/1/2017,3954,M,41,Group B,PT,, ,South,9/19/2013,Hourly, ,30-49,73,2.43,0
12/1/2017,4076,F,26,Group B,PT,, ,South,8/15/2013,Hourly, ,<30,108,3.6,0
12/1/2017,4138,M,25,Group E,PT,, ,South,7/13/2012,Hourly, ,<30,506,16.87,0
12/1/2017,4154,M,40,Group D,PT,, ,South,8/7/2013,Hourly, ,30-49,116,3.87,0
12/1/2017,4340,F,24,Group B,PT,, ,South,11/1/2012,Hourly, ,<30,395,13.17,0
12/1/2017,4600,F,41,Group D,PT,12/31/2013,Yes,South,12/28/2013,Hourly,Voluntary,30-49,3,0.1,1
12/1/2017,5052,F,22,Group C,PT,, ,South,6/2/2011,Hourly, ,<30,913,30.43,0
12/1/2017,5202,M,24,Group E,PT,, ,North,8/12/2010,Hourly, ,<30,1207,40.23,0
12/1/2017,5216,F,19,Group A,PT,, ,North,10/30/2013,Hourly, ,<30,32,1.07,0
12/1/2017,5238,M,18,Group D,PT,, ,North,6/5/2013,Hourly, ,<30,179,5.97,0
12/1/2017,5268,M,19,Group A,PT,, ,North,8/16/2013,Hourly, ,<30,107,3.57,0
12/1/2017,7104,F,24,Group E,PT,, ,North,3/20/2013,Hourly, ,<30,256,8.53,0
12/1/2017,7324,M,24,Group B,PT,12/20/2013, ,Midwest,11/28/2013,Hourly,Voluntary,<30,22,0.73,1
12/1/2017,7754,F,25,Group G,PT,12/7/2013, ,Midwest,11/30/2013,Hourly,Voluntary,<30,7,0.23,1
12/1/2017,7972,M,22,Group G,PT,12/8/2013, ,Midwest,11/28/2013,Hourly,Involuntary,<30,10,0.33,1
12/1/2017,8432,M,21,Group G,PT,12/31/2013, ,Midwest,11/28/2013,Hourly,Voluntary,<30,33,1.1,1
12/1/2017,8506,F,20,Group C,PT,, ,Midwest,9/12/2012,Hourly, ,<30,445,14.83,0
12/1/2017,9000,M,21,Group B,PT,12/21/2013, ,North,11/28/2013,Hourly,Voluntary,<30,23,0.77,1
12/1/2017,9102,F,25,Group B,PT,12/13/2013, ,North,11/28/2013,Hourly,Involuntary,<30,15,0.5,1
12/1/2017,9108,F,21,Group B,PT,, ,North,11/14/2013,Hourly, ,<30,17,0.57,0
12/1/2017,9222,F,19,Group A,PT,, ,North,11/14/2013,Hourly, ,<30,17,0.57,0
12/1/2017,9296,M,21,Group E,PT,12/12/2013, ,North,11/27/2013,Hourly,Voluntary,<30,15,0.5,1
12/1/2017,9352,M,18,Group E,PT,12/30/2013, ,North,11/29/2013,Hourly,Voluntary,<30,31,1.03,1
12/1/2017,9460,M,20,Group D,PT,, ,North,9/27/2011,Hourly, ,<30,796,26.53,0
12/1/2017,9492,M,33,Group E,PT,, ,North,8/8/2013,Hourly, ,30-49,115,3.83,0
12/1/2017,9500,M,55,Group G,PT,, ,North,9/13/2013,Hourly, ,50+,79,2.63,0
12/1/2017,9502,M,53,Group F,PT,, ,North,8/20/2013,Hourly, ,50+,103,3.43,0
12/1/2017,9962,M,33,Group B,PT,12/19/2013, ,North,10/26/2013,Hourly,Voluntary,30-49,54,1.8,1
12/1/2017,10522,M,22,Group E,PT,, ,South,8/7/2013,Hourly, ,<30,116,3.87,0
12/1/2017,10742,F,24,Group G,PT,, ,South,6/20/2012,Hourly, ,<30,529,17.63,0
12/1/2017,10786,M,25,Group B,PT,, ,South,10/16/2013,Hourly, ,<30,46,1.53,0
12/1/2017,10854,F,19,Group G,PT,, ,South,10/31/2013,Hourly, ,<30,31,1.03,0
12/1/2017,10970,F,21,Group E,PT,, ,South,8/8/2013,Hourly, ,<30,115,3.83,0
12/1/2017,10980,M,21,Group D,PT,, ,South,7/12/2013,Hourly, ,<30,142,4.73,0
12/1/2017,11022,M,20,Group E,PT,,Yes,South,12/11/2013,Hourly, ,<30,0,0,0
12/1/2017,11036,M,25,Group D,PT,12/20/2013, ,South,11/13/2013,Hourly,Voluntary,<30,37,1.23,1
12/1/2017,11152,F,18,Group G,PT,12/30/2013, ,South,11/27/2013,Hourly,Voluntary,<30,33,1.1,1
12/1/2017,11388,F,20,Group D,PT,, ,South,10/23/2013,Hourly, ,<30,39,1.3,0
12/1/2017,11614,M,22,Group G,PT,, ,South,11/20/2013,Hourly, ,<30,11,0.37,0
12/1/2017,11834,M,18,Group D,PT,12/24/2013, ,South,11/27/2013,Hourly,Voluntary,<30,27,0.9,1
12/1/2017,11890,F,22,Group C,PT,12/29/2013, ,South,11/27/2013,Hourly,Voluntary,<30,32,1.07,1
12/1/2017,12414,F,18,Group F,PT,12/20/2013, ,South,11/27/2013,Hourly,Voluntary,<30,23,0.77,1
12/1/2017,12494,F,22,Group F,PT,12/31/2013, ,South,11/27/2013,Hourly,Voluntary,<30,34,1.13,1
12/1/2017,12494,F,22,Group F,PT,, ,South,11/27/2013,Hourly, ,<30,4,0.13,0
12/1/2017,13156,F,20,Group D,PT,,Yes,Northwest,12/17/2013,Hourly, ,<30,0,0,0
12/1/2017,13166,F,22,Group B,PT,12/7/2013, ,Central,11/29/2013,Hourly,Involuntary,<30,8,0.27,1
12/1/2017,13480,M,23,Group F,PT,12/19/2013, ,Northwest,11/27/2013,Hourly,Involuntary,<30,22,0.73,1
12/1/2017,13646,F,18,Group E,PT,12/23/2013, ,North,11/27/2013,Hourly,Voluntary,<30,26,0.87,1
12/1/2017,14066,M,22,Group D,PT,, ,West,11/9/2013,Hourly, ,<30,22,0.73,0
12/1/2017,14786,M,18,Group B,PT,, ,East,10/15/2013,Hourly, ,<30,47,1.57,0
12/1/2017,15890,M,33,Group C,PT,12/14/20113, ,West,11/29/2013,Hourly,Voluntary,30-49,15,0.5,1
12/1/2017,15922,F,22,Group C,PT,12/11/2013, ,West,11/13/2013,Hourly,Voluntary,<30,28,0.93,1
12/1/2017,16080,M,18,Group F,PT,, ,Northwest,11/6/2013,Hourly, ,<30,25,0.83,0
12/1/2017,16082,F,19,Group D,PT,12/19/2013, ,Northwest,11/30/2013,Hourly,Voluntary,<30,19,0.63,1
12/1/2017,16444,M,20,Group G,PT,12/6/2013, ,Northwest,10/31/2013,Hourly,Voluntary,<30,36,1.2,1
12/1/2017,16664,M,26,Group F,PT,, ,North,9/25/2008,Hourly, ,<30,1893,63.1,0
12/1/2017,16672,F,24,Group G,PT,, ,Midwest,8/7/2013,Hourly, ,<30,116,3.87,0
12/1/2017,16678,M,56,Group A,FT,, ,Northwest,6/7/2012,Hourly, ,50+,542,18.07,0
12/1/2017,16718,M,27,Group A,PT,, ,South,2/8/2013,Hourly, ,<30,296,9.87,0
12/1/2017,16730,F,76,Group E,FT,, ,North,5/24/2011,Hourly, ,50+,922,30.73,0
12/1/2017,17056,F,19,Group C,PT,, ,West,7/5/2013,Hourly, ,<30,149,4.97,0
12/1/2017,17146,F,23,Group D,PT,, ,West,11/16/2010,Hourly, ,<30,1111,37.03,0
12/1/2017,17184,F,22,Group E,FT,12/6/2013, ,East,8/24/2013,Hourly,Voluntary,<30,104,3.47,0
12/1/2017,17268,F,20,Group C,PT,, ,West,8/20/2013,Hourly, ,<30,103,3.43,0
12/1/2017,17362,F,28,Group B,FT,, ,East,12/20/2011,Hourly, ,<30,712,23.73,0
12/1/2017,17548,M,25,Group E,PT,, ,East,9/17/2013,Hourly, ,<30,75,2.5,0
12/1/2017,17754,M,30,Group C,PT,, ,Northwest,8/15/2013,Hourly, ,30-49,108,3.6,0
12/1/2017,17854,M,22,Group E,PT,, ,West,3/15/2012,Hourly, ,<30,626,20.87,0
12/1/2017,17932,M,55,Group F,PT,, ,Central,10/3/2013,Hourly, ,50+,59,1.97,0
12/1/2017,17998,M,46,Group C,PT,, ,Northwest,9/2/2012,Hourly, ,30-49,455,15.17,0
12/1/2017,18008,F,21,Group C,PT,, ,Northwest,9/25/2013,Hourly, ,<30,67,2.23,0
12/1/2017,18026,M,18,Group G,PT,, ,Northwest,8/10/2013,Hourly, ,<30,113,3.77,0
12/1/2017,18130,M,24,Group D,PT,, ,Northwest,10/31/2013,Hourly, ,<30,31,1.03,0
12/1/2017,18152,M,27,Group A,PT,12/16/2013, ,Northwest,10/12/2013,Hourly,Involuntary,<30,65,2.17,0
12/1/2017,18214,F,22,Group F,PT,, ,Northwest,11/9/2013,Hourly, ,<30,22,0.73,0
12/1/2017,18230,M,47,Group A,PT,, ,North,10/24/2007,Hourly, ,30-49,2230,74.33,0
12/1/2017,18254,M,19,Group D,PT,,Yes,Central,12/17/2013,Hourly, ,<30,0,0,0
12/1/2017,18786,M,39,Group C,PT,, ,Central,10/16/2013,Hourly, ,30-49,46,1.53,0
12/1/2017,18926,F,22,Group A,PT,, ,West,11/30/2012,Hourly, ,<30,366,12.2,0
12/1/2017,18994,F,20,Group B,FT,, ,Northwest,9/9/2013,Hourly, ,<30,83,2.77,0
12/1/2017,19002,M,29,Group D,PT,12/18/2013, ,Northwest,11/27/2013,Hourly,Voluntary,<30,21,0.7,1
12/1/2017,19130,F,43,Group F,PT,, ,North,9/14/2012,Hourly, ,30-49,443,14.77,0
12/1/2017,19204,F,19,Group G,PT,, ,West,8/17/2013,Hourly, ,<30,106,3.53,0
12/1/2017,19376,M,18,Group C,PT,, ,Central,10/3/2013,Hourly, ,<30,59,1.97,0
12/1/2017,19600,F,23,Group A,FT,, ,Northwest,4/27/2011,Hourly, ,<30,949,31.63,0
12/1/2017,19650,M,20,Group D,PT,, ,Northwest,9/6/2013,Hourly, ,<30,86,2.87,0
12/1/2017,19702,F,21,Group E,PT,, ,Northwest,8/15/2013,Hourly, ,<30,108,3.6,0
12/1/2017,19754,M,38,Group E,PT,12/15/2013, ,Northwest,10/30/2013,Hourly,Voluntary,30-49,46,1.53,1
12/1/2017,19870,M,23,Group A,PT,, ,Northwest,10/24/2013,Hourly, ,<30,38,1.27,0
12/1/2017,20248,M,23,Group E,PT,, ,Northwest,5/30/2013,Hourly, ,<30,185,6.17,0
12/1/2017,20574,M,28,Group B,PT,, ,West,8/7/2013,Hourly, ,<30,116,3.87,0
12/1/2017,20706,M,44,Group F,PT,, ,South,7/21/2011,Hourly, ,30-49,864,28.8,0
12/1/2017,20938,M,30,Group E,PT,, ,West,11/16/2013,Hourly, ,30-49,15,0.5,0
12/1/2017,21208,M,29,Group A,FT,, ,Northwest,7/13/2000,Hourly, ,<30,4889,162.97,0
12/1/2017,21274,M,18,Group E,PT,12/29/2013, ,Northwest,11/28/2013,Hourly,Involuntary,<30,31,1.03,1
12/1/2017,21476,M,18,Group B,PT,12/5/2013, ,Northwest,10/31/2013,Hourly,Voluntary,<30,35,1.17,1
12/1/2017,21544,F,26,Group B,PT,, ,Northwest,9/2/2010,Hourly, ,<30,1186,39.53,0
12/1/2017,21618,F,22,Group C,PT,, ,Central,10/30/2013,Hourly, ,<30,32,1.07,0
12/1/2017,21870,F,20,Group C,PT,, ,North,9/13/2013,Hourly, ,<30,79,2.63,0
12/1/2017,22466,F,19,Group F,PT,, ,East,9/24/2013,Hourly, ,<30,68,2.27,0
12/1/2017,22574,F,22,Group G,PT,, ,Northwest,10/5/2013,Hourly, ,<30,57,1.9,0
12/1/2017,22578,F,68,Group C,FT,, ,Northwest,5/5/2011,Hourly, ,50+,941,31.37,0
12/1/2017,22644,F,42,Group A,PT,12/26/2013, ,North,11/27/2013,Hourly,Voluntary,30-49,29,0.97,1
12/1/2017,22912,M,32,Group C,FT,, ,Northwest,10/31/2013,Hourly, ,30-49,31,1.03,0
12/1/2017,23112,F,20,Group G,PT,, ,North,2/22/2012,Hourly, ,<30,648,21.6,0
12/1/2017,23252,M,19,Group F,PT,, ,Central,5/8/2013,Hourly, ,<30,207,6.9,0
12/1/2017,23394,M,22,Group B,PT,, ,Central,9/22/2012,Hourly, ,<30,435,14.5,0
12/1/2017,23402,M,21,Group B,PT,12/12/2013, ,Northwest,8/22/2013,Hourly,Voluntary,<30,112,3.73,0
12/1/2017,23538,M,25,Group G,PT,12/13/2013, ,Northwest,11/28/2013,Hourly,Involuntary,<30,15,0.5,1
12/1/2017,23750,F,24,Group E,PT,12/22/2013, ,Midwest,11/28/2013,Hourly,Voluntary,<30,24,0.8,1
12/1/2017,24502,F,22,Group F,PT,, ,East,9/17/2013,Hourly, ,<30,75,2.5,0
12/1/2017,24514,F,24,Group A,PT,,Yes,East,12/19/2013,Hourly, ,<30,0,0,0
12/1/2017,24608,M,40,Group G,PT,, ,North,11/18/2013,Hourly, ,30-49,13,0.43,0
12/1/2017,24614,F,23,Group A,PT,, ,North,8/23/2013,Hourly, ,<30,100,3.33,0
12/1/2017,24692,F,21,Group E,PT,, ,West,7/6/2013,Hourly, ,<30,148,4.93,0
12/1/2017,24994,M,20,Group B,PT,, ,Northwest,11/19/2013,Hourly, ,<30,12,0.4,0
12/1/2017,25044,F,19,Group G,PT,, ,Central,6/21/2013,Hourly, ,<30,163,5.43,0
12/1/2017,25050,M,21,Group B,PT,, ,Central,10/23/2013,Hourly, ,<30,39,1.3,0
12/1/2017,25148,F,22,Group C,PT,, ,Central,11/13/2013,Hourly, ,<30,18,0.6,0
12/1/2017,25168,F,20,Group D,PT,12/20/2013, ,Midwest,10/25/2012,Hourly,Voluntary,<30,421,14.03,0
12/1/2017,25212,F,20,Group F,PT,, ,West,7/17/2013,Hourly, ,<30,137,4.57,0
12/1/2017,25640,M,25,Group D,PT,12/26/2013, ,West,8/24/2012,Hourly,Voluntary,<30,489,16.3,0
12/1/2017,25882,F,21,Group D,PT,, ,Northwest,6/22/2012,Hourly, ,<30,527,17.57,0
12/1/2017,25892,F,19,Group F,PT,, ,Northwest,6/29/2012,Hourly, ,<30,520,17.33,0
12/1/2017,25898,F,19,Group G,PT,, ,Northwest,8/30/2013,Hourly, ,<30,93,3.1,0
12/1/2017,26148,F,19,Group B,PT,, ,Central,9/4/2013,Hourly, ,<30,88,2.93,0
12/1/2017,26228,M,55,Group D,PT,12/15/2013, ,North,9/17/2008,Hourly,Voluntary,50+,1915,63.83,0
12/1/2017,26778,M,17,Group C,PT,, ,Central,1/20/2013,Hourly, ,<30,315,10.5,0
12/1/2017,26924,F,22,Group F,PT,, ,West,9/21/2012,Hourly, ,<30,436,14.53,0
12/1/2017,26954,M,87,Group B,PT,, ,West,8/27/2009,Hourly, ,50+,1557,51.9,0
12/1/2017,27450,F,21,Group G,PT,, ,North,11/10/2011,Hourly, ,<30,752,25.07,0
12/1/2017,27560,F,49,Group C,PT,12/14/2013, ,West,11/28/2013,Hourly,Voluntary,30-49,16,0.53,1
12/1/2017,28016,M,51,Group E,PT,, ,Northwest,2/28/2013,Hourly, ,50+,276,9.2,0
12/1/2017,28222,M,22,Group D,PT,, ,Central,10/16/2013,Hourly, ,<30,46,1.53,0
12/1/2017,28238,F,26,Group G,PT,, ,Central,6/11/2013,Hourly, ,<30,173,5.77,0
12/1/2017,28262,M,60,Group B,PT,, ,Central,11/1/2013,Hourly, ,50+,30,1,0
12/1/2017,28266,F,22,Group F,PT,, ,Central,9/12/2013,Hourly, ,<30,80,2.67,0
12/1/2017,28276,M,21,Group A,PT,, ,Central,4/30/2013,Hourly, ,<30,215,7.17,0
12/1/2017,28380,F,45,Group F,PT,, ,Central,5/9/2013,Hourly, ,30-49,206,6.87,0
12/1/2017,28412,F,23,Group C,PT,, ,West,9/5/2013,Hourly, ,<30,87,2.9,0
12/1/2017,28738,F,22,Group G,PT,, ,Central,9/16/2012,Hourly, ,<30,441,14.7,0
12/1/2017,29062,M,43,Group G,FT,, ,Midwest,5/26/2009,Hourly, ,30-49,1650,55,0
12/1/2017,29274,F,23,Group F,PT,, ,Central,5/16/2013,Hourly, ,<30,199,6.63,0
12/1/2017,29276,F,24,Group G,PT,12/23/2013, ,Central,11/13/2013,Hourly,Voluntary,<30,40,1.33,1
12/1/2017,29552,F,26,Group B,PT,, ,West,3/15/2013,Hourly, ,<30,261,8.7,0
12/1/2017,29632,M,28,Group F,PT,, ,Central,4/1/2010,Hourly, ,<30,1340,44.67,0
12/1/2017,29862,M,21,Group B,PT,, ,Central,11/6/2013,Hourly, ,<30,25,0.83,0
12/1/2017,30152,F,25,Group A,PT,12/31/2013, ,Northwest,11/27/2013,Hourly,Voluntary,<30,34,1.13,1
12/1/2017,30198,F,22,Group D,PT,12/13/2013, ,Northwest,11/28/2013,Hourly,Voluntary,<30,15,0.5,1
12/1/2017,30238,M,31,Group B,PT,, ,Northwest,9/19/2013,Hourly, ,30-49,73,2.43,0
12/1/2017,30248,F,39,Group C,FT,, ,Northwest,11/14/2006,Hourly, ,30-49,2574,85.8,0
12/1/2017,30868,M,18,Group D,PT,, ,Northwest,8/21/2013,Hourly, ,<30,102,3.4,0
12/1/2017,30934,M,53,Group B,PT,, ,Northwest,11/3/2011,Hourly, ,50+,759,25.3,0
12/1/2017,30964,M,20,Group F,PT,, ,Northwest,5/30/2013,Hourly, ,<30,185,6.17,0
12/1/2017,31256,M,34,Group C,PT,, ,Central,10/9/2013,Hourly, ,30-49,53,1.77,0
12/1/2017,31346,M,43,Group D,PT,12/10/2013, ,Central,11/29/2013,Hourly,Voluntary,30-49,11,0.37,1
12/1/2017,31806,M,22,Group G,PT,, ,West,9/24/2013,Hourly, ,<30,68,2.27,0
12/1/2017,31824,M,23,Group B,PT,, ,North,6/1/2012,Hourly, ,<30,548,18.27,0
12/1/2017,31918,M,48,Group F,PT,, ,Midwest,3/24/2012,Hourly, ,30-49,617,20.57,0
12/1/2017,32034,F,18,Group E,PT,, ,North,11/5/2013,Hourly, ,<30,26,0.87,0
12/1/2017,32044,M,16,Group B,PT,12/21/2013, ,Midwest,9/7/2013,Hourly,Voluntary,<30,105,3.5,0
12/1/2017,32068,M,16,Group A,PT,12/24/2013, ,Northwest,11/27/2013,Hourly,Voluntary,<30,27,0.9,1
12/1/2017,32136,F,18,Group B,PT,12/28/2013,Yes,Midwest,12/27/2013,Hourly,Voluntary,<30,1,0.03,1
12/1/2017,32462,F,19,Group E,PT,12/15/2013, ,Central,11/28/2013,Hourly,Voluntary,<30,17,0.57,1
12/1/2017,32952,M,28,Group F,PT,, ,North,10/1/2013,Hourly, ,<30,61,2.03,0
12/1/2017,33066,F,30,Group E,PT,, ,South,4/13/2011,Hourly, ,30-49,963,32.1,0
12/1/2017,33132,M,19,Group A,PT,, ,South,6/9/2012,Hourly, ,<30,540,18,0
12/1/2017,33140,M,27,Group B,PT,, ,West,10/23/2013,Hourly, ,<30,39,1.3,0
12/1/2017,33148,M,52,Group F,PT,, ,South,8/1/2012,Hourly, ,50+,487,16.23,0
12/1/2017,33240,F,30,Group E,FT,, ,Midwest,6/26/2002,Salary, ,30-49,4176,139.2,0
12/1/2017,33258,M,35,Group D,FT,, ,West,4/4/2008,Salary, ,30-49,2067,68.9,0
12/1/2017,33262,F,48,Group E,FT,, ,Northwest,3/19/2008,Salary, ,30-49,2083,69.43,0
12/1/2017,33278,F,32,Group E,FT,, ,Midwest,9/29/2011,Salary, ,30-49,794,26.47,0
12/1/2017,33288,F,46,Group G,FT,, ,East,7/16/2008,Salary, ,30-49,1964,65.47,0
12/1/2017,33296,F,33,Group G,FT,, ,East,8/27/2008,Salary, ,30-49,1922,64.07,0
12/1/2017,33310,M,22,Group D,FT,, ,East,6/25/2013,Salary, ,<30,159,5.3,0
12/1/2017,33312,F,51,Group C,FT,, ,East,10/4/2011,Salary, ,50+,789,26.3,0
12/1/2017,33812,M,27,Group B,PT,, ,Midwest,1/13/2012,Hourly, ,<30,688,22.93,0
12/1/2017,40406,M,48,Group B,FT,, ,North,4/9/2005,Hourly, ,30-49,3158,105.27,0
12/1/2017,40416,F,19,Group C,FT,, ,North,5/21/2013,Hourly, ,<30,194,6.47,0
12/1/2017,40434,M,55,Group E,FT,, ,North,8/16/2012,Hourly, ,50+,472,15.73,0
12/1/2017,40436,F,24,Group C,PT,, ,North,6/21/2007,Hourly, ,<30,2355,78.5,0
12/1/2017,40452,M,46,Group A,PT,, ,North,10/16/2013,Hourly, ,30-49,46,1.53,0
12/1/2017,40462,F,19,Group A,PT,, ,North,9/19/2013,Hourly, ,<30,73,2.43,0
12/1/2017,40472,F,56,Group E,FT,, ,North,5/18/2005,Hourly, ,50+,3119,103.97,0
12/1/2017,40478,M,21,Group C,PT,, ,North,6/22/2011,Hourly, ,<30,893,29.77,0
12/1/2017,40484,M,20,Group F,PT,, ,North,12/13/2011,Hourly, ,<30,719,23.97,0
12/1/2017,40486,M,27,Group A,PT,, ,North,11/2/2011,Hourly, ,<30,760,25.33,0
12/1/2017,40488,M,36,Group D,FT,, ,North,5/23/2011,Hourly, ,30-49,923,30.77,0
12/1/2017,40506,M,20,Group G,PT,, ,North,7/27/2012,Hourly, ,<30,492,16.4,0
12/1/2017,40542,M,46,Group D,PT,, ,North,6/21/2005,Hourly, ,30-49,3085,102.83,0
12/1/2017,40548,F,30,Group E,FT,, ,North,5/2/2007,Hourly, ,30-49,2405,80.17,0
12/1/2017,40554,M,67,Group C,PT,, ,North,2/23/2007,Hourly, ,50+,2473,82.43,0
12/1/2017,40754,F,23,Group D,PT,, ,North,8/7/2008,Hourly, ,<30,1942,64.73,0
12/1/2017,41030,F,19,Group F,PT,, ,Midwest,5/16/2013,Hourly, ,<30,199,6.63,0
12/1/2017,41038,M,43,Group F,PT,, ,Midwest,3/16/2012,Hourly, ,30-49,625,20.83,0
12/1/2017,41042,F,36,Group D,PT,, ,Midwest,8/9/2013,Hourly, ,30-49,114,3.8,0
12/1/2017,41050,M,28,Group F,PT,, ,Midwest,12/29/2007,Hourly, ,<30,2164,72.13,0
12/1/2017,41058,F,23,Group C,PT,, ,Midwest,10/26/2011,Hourly, ,<30,767,25.57,0
12/1/2017,41082,F,22,Group F,PT,, ,Midwest,2/18/2010,Hourly, ,<30,1382,46.07,0
12/1/2017,41288,F,21,Group B,FT,, ,Midwest,3/2/2012,Hourly, ,<30,639,21.3,0
12/1/2017,41292,F,21,Group D,PT,, ,Midwest,11/3/2012,Hourly, ,<30,393,13.1,0
12/1/2017,41332,M,25,Group G,FT,, ,Midwest,10/20/2009,Hourly, ,<30,1503,50.1,0
12/1/2017,41344,M,65,Group F,PT,, ,Midwest,8/30/2005,Hourly, ,50+,3015,100.5,0
12/1/2017,41372,F,30,Group G,FT,, ,Midwest,7/26/2013,Hourly, ,30-49,128,4.27,0
12/1/2017,41388,F,21,Group B,FT,, ,South,6/26/2013,Hourly, ,<30,158,5.27,0
12/1/2017,41416,M,20,Group C,PT,, ,South,8/28/2013,Hourly, ,<30,95,3.17,0
12/1/2017,41420,M,19,Group C,PT,, ,South,4/18/2013,Hourly, ,<30,227,7.57,0
12/1/2017,41510,M,24,Group A,PT,, ,South,10/26/2011,Hourly, ,<30,767,25.57,0
12/1/2017,41512,F,20,Group G,PT,, ,South,8/25/2012,Hourly, ,<30,463,15.43,0
12/1/2017,41518,M,51,Group C,PT,, ,South,7/12/2013,Hourly, ,50+,142,4.73,0
12/1/2017,41692,M,47,Group D,FT,, ,South,11/22/2012,Hourly, ,30-49,374,12.47,0
12/1/2017,42106,M,58,Group B,PT,, ,South,8/23/2012,Hourly, ,50+,465,15.5,0
12/1/2017,42236,M,64,Group G,FT,, ,South,6/15/2011,Hourly, ,50+,900,30,0
12/1/2017,42238,F,20,Group B,PT,, ,South,10/20/2012,Hourly, ,<30,407,13.57,0
12/1/2017,42680,M,62,Group D,PT,, ,South,6/20/2013,Hourly, ,50+,164,5.47,0
12/1/2017,42684,M,24,Group A,FT,, ,South,2/14/2006,Hourly, ,<30,2847,94.9,0
12/1/2017,42708,M,61,Group E,PT,, ,South,10/27/2011,Hourly, ,50+,766,25.53,0
12/1/2017,42804,F,23,Group F,PT,, ,South,9/7/2012,Hourly, ,<30,450,15,0
12/1/2017,42892,M,58,Group G,FT,, ,South,6/19/2007,Hourly, ,50+,2357,78.57,0
12/1/2017,42896,M,19,Group B,PT,, ,South,8/14/2013,Hourly, ,<30,109,3.63,0
12/1/2017,42924,F,23,Group E,PT,, ,South,6/23/2011,Hourly, ,<30,892,29.73,0
12/1/2017,43058,M,36,Group C,PT,, ,South,8/16/2013,Hourly, ,30-49,107,3.57,0
12/1/2017,43128,M,22,Group B,PT,, ,South,2/25/2012,Hourly, ,<30,645,21.5,0
12/1/2017,43134,F,19,Group E,PT,, ,South,7/31/2013,Hourly, ,<30,123,4.1,0
12/1/2017,43308,M,17,Group C,PT,, ,South,10/31/2012,Hourly, ,<30,396,13.2,0
12/1/2017,43336,M,21,Group E,PT,, ,South,3/31/2012,Hourly, ,<30,610,20.33,0
12/1/2017,43340,F,22,Group G,FT,, ,South,8/20/2013,Hourly, ,<30,103,3.43,0
12/1/2017,43342,F,22,Group F,FT,, ,South,3/31/2012,Hourly, ,<30,610,20.33,0
12/1/2017,43350,M,68,Group E,PT,, ,South,11/6/2013,Hourly, ,50+,25,0.83,0
12/1/2017,43356,F,22,Group B,FT,, ,South,9/2/2009,Hourly, ,<30,1551,51.7,0
12/1/2017,43376,F,47,Group A,PT,, ,North,10/16/2012,Hourly, ,30-49,411,13.7,0
12/1/2017,43380,M,26,Group C,PT,, ,North,7/5/2012,Hourly, ,<30,514,17.13,0
12/1/2017,43414,F,18,Group E,FT,, ,North,9/26/2013,Hourly, ,<30,66,2.2,0
12/1/2017,43430,F,48,Group A,FT,, ,North,9/16/2011,Hourly, ,30-49,807,26.9,0
12/1/2017,43432,F,35,Group C,FT,, ,North,3/10/2011,Hourly, ,30-49,997,33.23,0
12/1/2017,43438,M,59,Group G,FT,, ,North,7/19/2012,Hourly, ,50+,500,16.67,0
12/1/2017,43440,F,25,Group G,FT,, ,North,5/31/2007,Hourly, ,<30,2376,79.2,0
12/1/2017,43526,M,57,Group C,FT,, ,North,4/26/2008,Hourly, ,50+,2045,68.17,0
12/1/2017,43538,M,25,Group C,PT,, ,North,6/12/2008,Hourly, ,<30,1998,66.6,0
12/1/2017,43570,F,19,Group A,PT,, ,North,11/6/2013,Hourly, ,<30,25,0.83,0
12/1/2017,43606,F,23,Group B,PT,, ,North,8/31/2011,Hourly, ,<30,823,27.43,0
12/1/2017,43610,M,24,Group C,PT,, ,North,3/20/2007,Hourly, ,<30,2448,81.6,0
12/1/2017,43612,M,54,Group G,PT,, ,North,2/27/2007,Hourly, ,50+,2469,82.3,0
12/1/2017,43626,M,18,Group F,PT,, ,North,11/29/2013,Hourly, ,<30,2,0.07,0
12/1/2017,43672,F,22,Group D,FT,, ,North,11/3/2006,Hourly, ,<30,2585,86.17,0
12/1/2017,43678,M,59,Group A,FT,, ,North,4/9/2007,Hourly, ,50+,2428,80.93,0
12/1/2017,43682,M,63,Group F,PT,, ,North,11/13/2013,Hourly, ,50+,18,0.6,0
12/1/2017,43728,F,22,Group D,PT,, ,North,10/3/2011,Hourly, ,<30,790,26.33,0
12/1/2017,43738,M,22,Group D,PT,, ,North,6/22/2010,Hourly, ,<30,1258,41.93,0
12/1/2017,43776,M,26,Group D,PT,, ,Midwest,7/6/2005,Hourly, ,<30,3070,102.33,0
12/1/2017,43784,F,20,Group B,PT,, ,Midwest,8/15/2013,Hourly, ,<30,108,3.6,0
12/1/2017,43790,F,64,Group D,FT,, ,Midwest,8/1/2009,Hourly, ,50+,1583,52.77,0
12/1/2017,43918,M,49,Group A,PT,, ,Midwest,3/9/2010,Hourly, ,30-49,1363,45.43,0
12/1/2017,43990,M,19,Group A,PT,, ,Midwest,9/19/2013,Hourly, ,<30,73,2.43,0
12/1/2017,44032,F,22,Group A,PT,, ,Midwest,10/28/2013,Hourly, ,<30,34,1.13,0
12/1/2017,44038,M,46,Group G,PT,, ,Midwest,10/12/2013,Hourly, ,30-49,50,1.67,0
12/1/2017,44044,M,62,Group A,PT,, ,Midwest,2/13/2007,Hourly, ,50+,2483,82.77,0
12/1/2017,44062,M,31,Group C,FT,, ,Midwest,8/12/2006,Hourly, ,30-49,2668,88.93,0
12/1/2017,44066,M,20,Group C,FT,, ,Midwest,3/26/2013,Hourly, ,<30,250,8.33,0
12/1/2017,44110,M,26,Group D,PT,, ,Midwest,6/24/2009,Hourly, ,<30,1621,54.03,0
12/1/2017,44114,M,19,Group G,PT,, ,Midwest,7/11/2013,Hourly, ,<30,143,4.77,0
12/1/2017,49036,M,54,Group G,FT,, ,Central,10/13/2005,Hourly, ,50+,2971,99.03,0
12/1/2017,49040,F,47,Group F,PT,, ,South,6/2/2010,Hourly, ,30-49,1278,42.6,0
12/1/2017,49142,M,33,Group A,PT,, ,Midwest,3/22/2008,Hourly, ,30-49,2080,69.33,0
12/1/2017,49164,F,52,Group A,FT,, ,South,4/17/2008,Hourly, ,50+,2054,68.47,0
12/1/2017,49188,F,50,Group B,FT,, ,Midwest,3/10/1981,Hourly, ,50+,11954,398.47,0
12/1/2017,49216,F,40,Group D,FT,, ,Central,5/15/2013,Hourly, ,30-49,200,6.67,0
12/1/2017,49232,M,50,Group E,FT,, ,Northwest,7/5/2012,Hourly, ,50+,514,17.13,0
12/1/2017,49296,M,39,Group F,PT,, ,Northwest,12/6/2011,Hourly, ,30-49,726,24.2,0
12/1/2017,49302,F,21,Group A,PT,, ,North,12/13/2007,Hourly, ,<30,2180,72.67,0
12/1/2017,49368,M,23,Group E,PT,, ,West,11/14/2012,Hourly, ,<30,382,12.73,0
12/1/2017,49376,F,30,Group G,FT,, ,West,1/9/2013,Hourly, ,30-49,326,10.87,0
12/1/2017,49416,M,31,Group E,PT,, ,Central,11/2/2011,Hourly, ,30-49,760,25.33,0
12/1/2017,49444,M,27,Group F,PT,, ,South,9/21/2012,Hourly, ,<30,436,14.53,0
12/1/2017,49550,M,48,Group G,FT,, ,West,3/16/2008,Hourly, ,30-49,2086,69.53,0
12/1/2017,49576,F,57,Group E,PT,, ,West,11/1/2012,Hourly, ,50+,395,13.17,0
12/1/2017,49666,F,33,Group A,FT,, ,Midwest,1/26/2007,Hourly, ,30-49,2501,83.37,0
12/1/2017,49716,F,61,Group E,FT,, ,Central,7/27/2007,Hourly, ,50+,2319,77.3,0
12/1/2017,49748,F,51,Group E,FT,, ,Northwest,11/21/2001,Hourly, ,50+,4393,146.43,0
12/1/2017,49776,F,28,Group A,FT,, ,North,7/12/2006,Hourly, ,<30,2699,89.97,0
12/1/2017,49794,F,42,Group G,FT,, ,South,1/18/1989,Hourly, ,30-49,9083,302.77,0
12/1/2017,49832,F,29,Group F,FT,, ,West,7/14/2004,Hourly, ,<30,3427,114.23,0
12/1/2017,49848,M,46,Group B,FT,, ,West,3/15/2012,Hourly, ,30-49,626,20.87,0
12/1/2017,49908,F,22,Group F,PT,,Yes,Central,12/6/2013,Hourly, ,<30,0,0,0
12/1/2017,49932,F,22,Group E,PT,, ,Central,10/18/2013,Hourly, ,<30,44,1.47,0
12/1/2017,49976,F,20,Group B,PT,, ,West,8/9/2012,Hourly, ,<30,479,15.97,0
12/1/2017,50272,M,21,Group F,FT,, ,North,3/20/2012,Hourly, ,<30,621,20.7,0
12/1/2017,50278,F,56,Group F,FT,, ,North,10/13/2000,Hourly, ,50+,4797,159.9,0
12/1/2017,50282,F,54,Group D,PT,, ,South,10/15/2002,Hourly, ,50+,4065,135.5,0
12/1/2017,50294,F,20,Group E,PT,, ,Central,11/19/2013,Hourly, ,<30,12,0.4,0
12/1/2017,50304,F,31,Group F,FT,, ,Central,7/23/2009,Hourly, ,30-49,1592,53.07,0
12/1/2017,50306,F,43,Group C,FT,, ,Central,11/8/2005,Hourly, ,30-49,2945,98.17,0
12/1/2017,50312,F,45,Group D,FT,, ,Northwest,8/31/2012,Hourly, ,30-49,457,15.23,0
12/1/2017,50318,F,42,Group A,FT,, ,Midwest,9/13/2005,Hourly, ,30-49,3001,100.03,0
12/1/2017,50322,F,29,Group G,FT,, ,West,12/1/2007,Hourly, ,<30,2192,73.07,0
12/1/2017,50332,M,22,Group B,PT,, ,North,12/18/2012,Hourly, ,<30,348,11.6,0
12/1/2017,50336,F,29,Group A,FT,, ,West,9/15/2005,Hourly, ,<30,2999,99.97,0
12/1/2017,50340,F,26,Group F,FT,, ,Northwest,6/24/2012,Hourly, ,<30,525,17.5,0
12/1/2017,50342,F,32,Group C,FT,, ,Central,5/1/2008,Hourly, ,30-49,2040,68,0
12/1/2017,50378,F,35,Group A,FT,, ,North,9/7/2012,Hourly, ,30-49,450,15,0
12/1/2017,50384,F,22,Group A,PT,, ,Midwest,9/13/2011,Hourly, ,<30,810,27,0
12/1/2017,50386,F,22,Group A,FT,, ,North,9/11/2010,Hourly, ,<30,1177,39.23,0
12/1/2017,50396,F,21,Group A,FT,, ,Midwest,10/11/2012,Hourly, ,<30,416,13.87,0
12/1/2017,50426,F,42,Group E,FT,, ,Northwest,6/30/2004,Hourly, ,30-49,3441,114.7,0
12/1/2017,50438,F,58,Group G,FT,, ,West,3/29/2005,Hourly, ,50+,3169,105.63,0
12/1/2017,50470,F,57,Group D,FT,, ,Midwest,11/21/1974,Hourly, ,50+,14255,475.17,0
12/1/2017,50472,F,23,Group B,PT,, ,West,9/13/2011,Hourly, ,<30,810,27,0
12/1/2017,50812,M,21,Group B,PT,, ,Northwest,2/23/2013,Hourly, ,<30,281,9.37,0
12/1/2017,50838,M,24,Group G,FT,, ,West,4/23/2010,Hourly, ,<30,1318,43.93,0
12/1/2017,50854,M,19,Group F,PT,, ,Northwest,7/18/2013,Hourly, ,<30,136,4.53,0
12/1/2017,50884,F,56,Group E,FT,, ,North,4/15/2005,Hourly, ,50+,3152,105.07,0
12/1/2017,51010,M,34,Group B,FT,, ,West,8/5/2009,Hourly, ,30-49,1579,52.63,0
12/1/2017,51134,M,23,Group B,PT,, ,Central,8/7/2013,Hourly, ,<30,116,3.87,0
12/1/2017,51146,F,35,Group D,FT,, ,Central,6/24/1995,Hourly, ,30-49,6735,224.5,0
12/1/2017,51166,F,23,Group E,PT,, ,Central,5/10/2013,Hourly, ,<30,205,6.83,0
12/1/2017,51236,F,70,Group B,FT,, ,Central,4/15/2004,Hourly, ,50+,3517,117.23,0
12/1/2017,51312,M,27,Group D,FT,, ,Northwest,9/22/2004,Hourly, ,<30,3357,111.9,0
12/1/2017,51316,F,67,Group C,FT,, ,Northwest,10/30/2007,Hourly, ,50+,2224,74.13,0
12/1/2017,51324,M,30,Group B,FT,, ,Northwest,3/18/2004,Hourly, ,30-49,3545,118.17,0
12/1/2017,51338,M,45,Group A,FT,, ,Northwest,11/2/2012,Hourly, ,30-49,394,13.13,0
12/1/2017,51340,F,22,Group G,PT,, ,Northwest,6/6/2013,Hourly, ,<30,178,5.93,0
12/1/2017,51548,M,49,Group B,FT,, ,Central,12/14/2008,Hourly, ,30-49,1813,60.43,0
12/1/2017,51622,F,40,Group D,FT,, ,Central,6/23/1998,Hourly, ,30-49,5640,188,0
12/1/2017,51690,F,20,Group A,PT,, ,West,11/15/2013,Hourly, ,<30,16,0.53,0
12/1/2017,51776,M,25,Group A,PT,, ,West,6/26/2013,Hourly, ,<30,158,5.27,0
12/1/2017,51812,M,59,Group E,PT,, ,West,11/15/2013,Hourly, ,50+,16,0.53,0
12/1/2017,51916,F,56,Group C,FT,, ,South,5/13/2003,Hourly, ,50+,3855,128.5,0
12/1/2017,51922,M,50,Group G,FT,, ,South,8/12/2004,Hourly, ,50+,3398,113.27,0
12/1/2017,51974,F,24,Group E,PT,, ,Northwest,8/2/2011,Hourly, ,<30,852,28.4,0
12/1/2017,51994,M,57,Group E,PT,, ,Northwest,11/10/2004,Hourly, ,50+,3308,110.27,0
12/1/2017,52004,M,22,Group B,PT,, ,Northwest,1/25/2013,Hourly, ,<30,310,10.33,0
12/1/2017,52010,M,34,Group F,PT,, ,Northwest,5/1/2003,Hourly, ,30-49,3867,128.9,0
12/1/2017,52018,M,43,Group F,FT,, ,Northwest,1/10/2012,Hourly, ,30-49,691,23.03,0
12/1/2017,52024,M,19,Group E,PT,, ,Northwest,8/15/2013,Hourly, ,<30,108,3.6,0
12/1/2017,52238,M,43,Group E,PT,, ,Northwest,7/13/2005,Hourly, ,30-49,3063,102.1,0
12/1/2017,52248,M,42,Group B,FT,, ,West,11/16/2011,Hourly, ,30-49,746,24.87,0
12/1/2017,52290,M,63,Group G,PT,, ,West,10/30/2007,Hourly, ,50+,2224,74.13,0
12/1/2017,52292,M,34,Group D,FT,, ,West,6/7/2005,Hourly, ,30-49,3099,103.3,0
12/1/2017,52304,M,21,Group D,PT,, ,Northwest,10/24/2013,Hourly, ,<30,38,1.27,0
12/1/2017,52332,M,60,Group C,PT,, ,South,1/22/2002,Hourly, ,50+,4331,144.37,0
12/1/2017,52424,M,53,Group C,PT,, ,Central,5/23/2013,Hourly, ,50+,192,6.4,0
12/1/2017,52446,M,23,Group B,PT,, ,Northwest,2/15/2013,Hourly, ,<30,289,9.63,0
12/1/2017,52536,M,42,Group D,FT,, ,Central,11/25/2003,Hourly, ,30-49,3659,121.97,0
12/1/2017,52566,M,56,Group B,FT,, ,Central,9/23/2009,Hourly, ,50+,1530,51,0
12/1/2017,52576,M,41,Group C,PT,, ,Central,10/19/2012,Hourly, ,30-49,408,13.6,0
12/1/2017,52652,M,46,Group A,FT,, ,Northwest,11/15/2013,Hourly, ,30-49,16,0.53,0
12/1/2017,52682,M,41,Group G,PT,, ,Central,4/4/2002,Hourly, ,30-49,4259,141.97,0
12/1/2017,52698,M,50,Group E,PT,, ,West,5/7/2013,Hourly, ,50+,208,6.93,0
12/1/2017,52764,M,30,Group F,FT,, ,Central,4/6/2010,Hourly, ,30-49,1335,44.5,0
12/1/2017,52770,F,19,Group E,PT,, ,Northwest,7/12/2012,Hourly, ,<30,507,16.9,0
12/1/2017,52826,M,55,Group C,FT,, ,Northwest,3/1/2006,Hourly, ,50+,2832,94.4,0
12/1/2017,52834,M,22,Group G,FT,, ,Northwest,1/25/2012,Salary, ,<30,676,22.53,0
12/1/2017,52926,F,45,Group A,PT,, ,North,5/11/1988,Hourly, ,30-49,9335,311.17,0
12/1/2017,52934,M,26,Group B,PT,, ,North,4/14/2007,Hourly, ,<30,2423,80.77,0
12/1/2017,52954,M,51,Group G,FT,, ,North,2/28/1989,Salary, ,50+,9042,301.4,0
12/1/2017,52966,F,24,Group E,PT,, ,North,4/15/2009,Hourly, ,<30,1691,56.37,0
12/1/2017,52968,M,36,Group F,FT,, ,North,3/28/2007,Salary, ,30-49,2440,81.33,0
12/1/2017,52970,M,37,Group A,FT,, ,North,10/12/1996,Salary, ,30-49,6259,208.63,0
12/1/2017,52972,F,24,Group C,PT,, ,North,10/9/2007,Hourly, ,<30,2245,74.83,0
12/1/2017,52980,M,69,Group A,PT,, ,North,6/1/2011,Hourly, ,50+,914,30.47,0
12/1/2017,52982,M,27,Group G,FT,, ,North,6/29/2006,Hourly, ,<30,2712,90.4,0
12/1/2017,52984,M,45,Group A,FT,, ,North,11/10/1988,Hourly, ,30-49,9152,305.07,0
12/1/2017,52986,F,19,Group C,PT,, ,North,7/13/2012,Hourly, ,<30,506,16.87,0
12/1/2017,53004,M,34,Group A,FT,, ,North,11/26/1998,Hourly, ,30-49,5484,182.8,0
12/1/2017,53176,F,45,Group G,FT,, ,Midwest,11/25/1992,Hourly, ,30-49,7676,255.87,0
12/1/2017,53218,M,67,Group C,PT,, ,Midwest,5/15/2009,Hourly, ,50+,1661,55.37,0
12/1/2017,53250,F,44,Group E,FT,, ,South,5/4/2010,Salary, ,30-49,1307,43.57,0
12/1/2017,53266,M,51,Group F,FT,, ,South,6/11/1991,Hourly, ,50+,8209,273.63,0
12/1/2017,53290,F,21,Group G,PT,, ,South,8/15/2012,Hourly, ,<30,473,15.77,0
12/1/2017,53292,F,40,Group E,FT,, ,South,6/4/1993,Salary, ,30-49,7485,249.5,0
12/1/2017,53368,F,37,Group G,FT,, ,South,3/23/2012,Hourly, ,30-49,618,20.6,0
12/1/2017,53370,M,45,Group D,FT,, ,South,5/20/1986,Salary, ,30-49,10057,335.23,0
12/1/2017,53402,F,33,Group B,FT,, ,South,8/20/2009,Salary, ,30-49,1564,52.13,0
12/1/2017,53410,F,36,Group G,FT,, ,South,11/8/2013,Hourly, ,30-49,23,0.77,0
12/1/2017,53412,M,48,Group F,FT,, ,South,4/25/2006,Salary, ,30-49,2777,92.57,0
12/1/2017,53554,F,31,Group F,FT,, ,Central,3/28/2006,Salary, ,30-49,2805,93.5,0
12/1/2017,53612,F,53,Group E,FT,, ,Central,10/2/2001,Salary, ,50+,4443,148.1,0
12/1/2017,53616,F,21,Group C,PT,, ,Central,8/15/2013,Hourly, ,<30,108,3.6,0
12/1/2017,53652,M,41,Group A,FT,, ,Central,12/21/1990,Salary, ,30-49,8381,279.37,0
12/1/2017,53726,F,26,Group F,PT,, ,Central,4/12/2012,Hourly, ,<30,598,19.93,0
12/1/2017,53744,F,28,Group E,FT,,Yes,Central,12/10/2013,Salary, ,<30,0,0,0
12/1/2017,53752,M,40,Group A,PT,, ,Central,11/20/2007,Hourly, ,30-49,2203,73.43,0
12/1/2017,53804,F,27,Group B,FT,, ,Central,10/31/2005,Hourly, ,<30,2953,98.43,0
12/1/2017,53826,F,50,Group G,FT,, ,West,8/29/2006,Salary, ,50+,2651,88.37,0
12/1/2017,53838,M,45,Group A,FT,, ,West,11/28/2013,Salary, ,30-49,3,0.1,0
12/1/2017,53868,M,52,Group G,PT,,Yes,West,12/1/2013,Hourly, ,50+,0,0,0
12/1/2017,53874,F,23,Group D,PT,, ,West,11/1/2013,Hourly, ,<30,30,1,0
12/1/2017,53876,F,28,Group E,FT,, ,West,8/22/2013,Hourly, ,<30,101,3.37,0
12/1/2017,53938,F,19,Group F,PT,, ,West,5/9/2013,Hourly, ,<30,206,6.87,0
12/1/2017,53952,M,18,Group B,PT,, ,West,7/6/2013,Hourly, ,<30,148,4.93,0
12/1/2017,53988,F,22,Group D,PT,, ,West,1/26/2012,Hourly, ,<30,675,22.5,0
12/1/2017,53992,F,61,Group D,FT,, ,West,2/23/2007,Hourly, ,50+,2473,82.43,0
12/1/2017,54048,M,44,Group A,FT,, ,West,6/27/2004,Salary, ,30-49,3444,114.8,0
12/1/2017,54064,F,43,Group B,FT,, ,West,5/14/2011,Salary, ,30-49,932,31.07,0
12/1/2017,54082,M,50,Group G,FT,, ,West,8/23/2007,Hourly, ,50+,2292,76.4,0
12/1/2017,54100,M,54,Group B,FT,, ,West,12/15/2007,Hourly, ,50+,2178,72.6,0
12/1/2017,54304,M,24,Group E,PT,, ,South,6/8/2011,Hourly, ,<30,907,30.23,0
12/1/2017,54306,M,37,Group D,PT,, ,South,10/12/2011,Hourly, ,30-49,781,26.03,0
12/1/2017,54316,M,23,Group B,PT,, ,Northwest,9/13/2006,Hourly, ,<30,2636,87.87,0
12/1/2017,54338,M,27,Group B,FT,, ,North,1/6/2011,Hourly, ,<30,1060,35.33,0
12/1/2017,54356,M,21,Group E,FT,, ,South,4/27/2012,Hourly, ,<30,583,19.43,0
12/1/2017,54366,M,21,Group D,PT,, ,West,7/7/2013,Hourly, ,<30,147,4.9,0
12/1/2017,54372,F,37,Group G,FT,, ,North,1/10/2012,Salary, ,30-49,691,23.03,0
12/1/2017,54384,F,26,Group G,FT,, ,North,1/23/2013,Salary, ,<30,312,10.4,0
12/1/2017,54472,F,68,Group B,FT,, ,Northwest,8/27/2002,Salary, ,50+,4114,137.13,0
12/1/2017,54506,M,27,Group D,FT,,Yes,East,12/3/2013,Salary, ,<30,0,0,0
12/1/2017,54510,M,44,Group C,FT,, ,Northwest,10/30/2007,Hourly, ,30-49,2224,74.13,0
12/1/2017,54518,M,20,Group D,FT,, ,North,11/8/2013,Hourly, ,<30,23,0.77,0
12/1/2017,54528,F,22,Group B,PT,, ,Midwest,12/15/2011,Hourly, ,<30,717,23.9,0
12/1/2017,54552,M,45,Group C,PT,, ,Midwest,10/19/2012,Hourly, ,30-49,408,13.6,0
12/1/2017,54556,M,21,Group F,PT,, ,South,3/2/2012,Hourly, ,<30,639,21.3,0
12/1/2017,54564,M,20,Group B,PT,, ,South,9/2/2012,Hourly, ,<30,455,15.17,0
12/1/2017,54582,M,48,Group F,PT,, ,Northwest,1/4/2013,Hourly, ,30-49,331,11.03,0
12/1/2017,54614,M,20,Group D,PT,, ,South,10/25/2012,Hourly, ,<30,402,13.4,0
12/1/2017,54662,M,21,Group F,PT,, ,North,2/28/2013,Hourly, ,<30,276,9.2,0
12/1/2017,54890,F,63,Group A,FT,, ,West,4/5/2005,Hourly, ,50+,3162,105.4,0
12/1/2017,54894,F,22,Group F,PT,, ,West,4/26/2013,Hourly, ,<30,219,7.3,0
12/1/2017,54906,F,22,Group F,PT,, ,Midwest,3/15/2012,Hourly, ,<30,626,20.87,0
12/1/2017,54918,F,20,Group C,PT,, ,Midwest,5/31/2013,Hourly, ,<30,184,6.13,0
12/1/2017,55442,F,73,Group G,FT,, ,West,3/11/2003,Hourly, ,50+,3918,130.6,0
12/1/2017,55468,F,19,Group A,PT,, ,West,5/10/2012,Hourly, ,<30,570,19,0
12/1/2017,55512,M,54,Group G,PT,, ,West,9/7/2012,Hourly, ,50+,450,15,0
12/1/2017,55514,M,23,Group D,PT,, ,West,4/15/2011,Hourly, ,<30,961,32.03,0
12/1/2017,55566,M,21,Group A,PT,, ,Northwest,8/29/2013,Hourly, ,<30,94,3.13,0
12/1/2017,55578,M,29,Group B,PT,, ,Northwest,11/7/2012,Hourly, ,<30,389,12.97,0
12/1/2017,55632,F,61,Group B,FT,, ,Northwest,9/13/2011,Hourly, ,50+,810,27,0
12/1/2017,55646,M,19,Group A,FT,, ,Northwest,11/13/2013,Hourly, ,<30,18,0.6,0
12/1/2017,55648,M,55,Group B,FT,, ,Northwest,7/14/2004,Hourly, ,50+,3427,114.23,0
12/1/2017,55650,M,22,Group E,PT,, ,North,9/26/2008,Hourly, ,<30,1892,63.07,0
12/1/2017,55666,M,20,Group D,PT,, ,South,7/13/2011,Hourly, ,<30,872,29.07,0
12/1/2017,55700,F,51,Group B,FT,, ,Central,8/30/2005,Hourly, ,50+,3015,100.5,0
12/1/2017,55704,M,51,Group G,FT,, ,Central,5/10/2005,Hourly, ,50+,3127,104.23,0
12/1/2017,55722,M,39,Group C,PT,, ,Central,5/4/2010,Hourly, ,30-49,1307,43.57,0
12/1/2017,55726,M,41,Group E,FT,, ,Central,10/23/2008,Hourly, ,30-49,1865,62.17,0
12/1/2017,55730,M,21,Group A,PT,, ,Central,8/27/2010,Hourly, ,<30,1192,39.73,0
12/1/2017,55734,M,45,Group F,PT,, ,Central,4/30/2008,Hourly, ,30-49,2041,68.03,0
12/1/2017,55750,M,39,Group A,FT,, ,Central,8/24/2011,Hourly, ,30-49,830,27.67,0
12/1/2017,55770,M,29,Group E,PT,, ,North,8/11/2000,Hourly, ,<30,4860,162,0
12/1/2017,55776,F,23,Group E,PT,, ,South,2/1/2012,Hourly, ,<30,669,22.3,0
12/1/2017,55778,M,42,Group B,PT,, ,South,5/18/2011,Hourly, ,30-49,928,30.93,0
12/1/2017,55780,M,63,Group A,PT,, ,North,8/18/2011,Hourly, ,50+,836,27.87,0
12/1/2017,56246,M,33,Group E,PT,, ,Central,10/4/2001,Hourly, ,30-49,4441,148.03,0
12/1/2017,56276,M,23,Group G,PT,, ,Central,5/21/2013,Hourly, ,<30,194,6.47,0
12/1/2017,56292,F,32,Group G,FT,, ,Central,12/11/2007,Hourly, ,30-49,2182,72.73,0
12/1/2017,56296,M,55,Group D,FT,, ,Central,3/26/2010,Hourly, ,50+,1346,44.87,0
12/1/2017,56314,M,48,Group C,PT,, ,Central,8/9/2012,Hourly, ,30-49,479,15.97,0
12/1/2017,56330,M,52,Group E,FT,, ,West,11/17/2009,Hourly, ,50+,1475,49.17,0
12/1/2017,56334,F,24,Group G,PT,, ,West,3/27/2013,Hourly, ,<30,249,8.3,0
12/1/2017,56354,M,67,Group D,PT,, ,West,8/9/2011,Hourly, ,50+,845,28.17,0
12/1/2017,56358,M,63,Group E,PT,, ,West,2/23/2007,Hourly, ,50+,2473,82.43,0
12/1/2017,56360,M,21,Group B,PT,, ,West,10/17/2013,Hourly, ,<30,45,1.5,0
12/1/2017,56424,M,39,Group D,PT,, ,Northwest,11/6/2013,Hourly, ,30-49,25,0.83,0
12/1/2017,56446,M,19,Group F,PT,, ,Northwest,9/28/2013,Hourly, ,<30,64,2.13,0
12/1/2017,56456,M,19,Group E,PT,, ,Northwest,6/28/2013,Hourly, ,<30,156,5.2,0
12/1/2017,56472,M,19,Group F,PT,, ,Northwest,10/17/2013,Hourly, ,<30,45,1.5,0
12/1/2017,56490,M,65,Group G,FT,, ,South,10/19/1988,Hourly, ,50+,9174,305.8,0
12/1/2017,56498,M,50,Group C,FT,, ,Midwest,1/27/2000,Hourly, ,50+,5057,168.57,0
12/1/2017,56508,F,28,Group F,FT,, ,Midwest,8/4/2004,Hourly, ,<30,3406,113.53,0
12/1/2017,56516,M,49,Group E,FT,, ,Midwest,9/20/1984,Hourly, ,30-49,10664,355.47,0
12/1/2017,56526,M,62,Group C,FT,, ,South,6/30/1987,Hourly, ,50+,9651,321.7,0
12/1/2017,91744,F,29,Group F,FT,, ,North,12/19/2006,Salary, ,<30,2539,84.63,0
12/1/2017,91790,M,19,Group A,PT,, ,North,1/4/2013,Hourly, ,<30,331,11.03,0
12/1/2017,91824,M,23,Group D,FT,, ,North,5/24/2008,Hourly, ,<30,2017,67.23,0
12/1/2017,92018,F,60,Group D,FT,, ,East,11/7/2012,Hourly, ,50+,389,12.97,0
12/1/2017,92056,F,51,Group F,FT,, ,East,3/21/2006,Hourly, ,50+,2812,93.73,0
12/1/2017,92072,F,51,Group B,FT,, ,East,8/26/2008,Salary, ,50+,1923,64.1,0
12/1/2017,92166,F,58,Group D,FT,, ,East,1/17/2006,Hourly, ,50+,2875,95.83,0
12/1/2017,92168,F,42,Group B,FT,, ,East,5/13/2003,Hourly, ,30-49,3855,128.5,0
12/1/2017,92240,M,29,Group D,PT,, ,East,5/7/2008,Hourly, ,<30,2034,67.8,0
12/1/2017,92246,F,37,Group B,FT,, ,East,10/5/2010,Salary, ,30-49,1153,38.43,0
12/1/2017,92250,M,54,Group C,FT,, ,East,9/8/1981,Salary, ,50+,11772,392.4,0
12/1/2017,92254,M,52,Group F,FT,, ,East,11/15/2011,Salary, ,50+,747,24.9,0
12/1/2017,92258,F,60,Group C,FT,, ,East,12/13/2011,Hourly, ,50+,719,23.97,0
12/1/2017,92260,M,50,Group B,FT,, ,East,6/27/2008,Hourly, ,50+,1983,66.1,0
12/1/2017,92270,F,38,Group F,FT,, ,East,3/28/2006,Salary, ,30-49,2805,93.5,0
12/1/2017,92282,F,29,Group E,FT,, ,East,12/1/2009,Salary, ,<30,1461,48.7,0
12/1/2017,92290,F,43,Group F,FT,, ,East,10/29/2013,Salary, ,30-49,33,1.1,0
12/1/2017,92292,F,30,Group F,FT,, ,East,8/2/2011,Salary, ,30-49,852,28.4,0
12/1/2017,92302,M,36,Group E,FT,, ,East,3/1/2008,Salary, ,30-49,2101,70.03,0
12/1/2017,92310,M,38,Group B,FT,, ,East,6/25/2008,Salary, ,30-49,1985,66.17,0
12/1/2017,92324,F,27,Group F,FT,, ,East,6/2/2005,Salary, ,<30,3104,103.47,0
12/1/2017,92328,F,36,Group A,FT,, ,East,2/4/2009,Salary, ,30-49,1761,58.7,0
12/1/2017,92332,F,45,Group G,FT,, ,East,2/21/2006,Salary, ,30-49,2840,94.67,0
12/1/2017,92334,M,46,Group F,FT,, ,East,1/7/2009,Salary, ,30-49,1789,59.63,0
12/1/2017,92336,F,39,Group E,FT,, ,East,2/25/2009,Salary, ,30-49,1740,58,0
12/1/2017,92338,F,50,Group F,FT,, ,East,8/11/2009,Salary, ,50+,1573,52.43,0
12/1/2017,92340,F,29,Group B,FT,, ,East,9/29/2009,Salary, ,<30,1524,50.8,0
12/1/2017,92352,F,53,Group C,FT,, ,East,8/9/2011,Hourly, ,50+,845,28.17,0
12/1/2017,92354,F,52,Group D,FT,, ,East,8/6/2013,Hourly, ,50+,117,3.9,0
12/1/2017,92358,F,57,Group C,FT,, ,East,5/14/2002,Hourly, ,50+,4219,140.63,0
12/1/2017,92366,F,61,Group F,FT,, ,East,4/4/2006,Hourly, ,50+,2798,93.27,0
12/1/2017,92386,F,45,Group F,FT,, ,East,4/3/2013,Hourly, ,30-49,242,8.07,0
12/1/2017,92404,F,30,Group D,FT,, ,East,9/6/2013,Hourly, ,30-49,86,2.87,0
12/1/2017,92420,M,26,Group D,FT,, ,East,6/23/2004,Hourly, ,<30,3448,114.93,0
12/1/2017,92438,F,52,Group B,FT,, ,East,12/18/2007,Hourly, ,50+,2175,72.5,0
12/1/2017,92440,F,38,Group B,FT,, ,East,2/7/2012,Hourly, ,30-49,663,22.1,0
12/1/2017,92484,F,31,Group C,FT,, ,East,4/28/2011,Salary, ,30-49,948,31.6,0
12/1/2017,95692,M,49,Group F,FT,, ,East,9/2/2009,Salary, ,30-49,1551,51.7,0
12/1/2017,95694,M,33,Group A,FT,, ,East,7/21/2005,Salary, ,30-49,3055,101.83,0
12/1/2017,95696,F,55,Group E,FT,, ,East,11/3/1987,Salary, ,50+,9525,317.5,0
12/1/2017,95710,F,25,Group F,FT,, ,East,2/9/2012,Salary, ,<30,661,22.03,0
12/1/2017,95716,M,28,Group F,FT,, ,East,7/23/2013,Salary, ,<30,131,4.37,0
12/1/2017,95722,F,37,Group A,FT,, ,East,4/2/2013,Salary, ,30-49,243,8.1,0
12/1/2017,95726,F,37,Group D,FT,, ,East,7/23/2013,Salary, ,30-49,131,4.37,0
12/1/2017,95728,M,51,Group F,FT,, ,East,5/28/2003,Salary, ,50+,3840,128,0
12/1/2017,95730,F,29,Group D,FT,, ,East,6/24/2008,Salary, ,<30,1986,66.2,0
12/1/2017,95740,M,34,Group E,FT,, ,East,8/13/2008,Salary, ,30-49,1936,64.53,0
12/1/2017,95744,F,50,Group B,FT,, ,East,3/3/1987,Salary, ,50+,9770,325.67,0
12/1/2017,95752,F,31,Group D,FT,, ,East,12/1/2006,Salary, ,30-49,2557,85.23,0
12/1/2017,95754,M,57,Group G,FT,, ,East,6/6/2006,Salary, ,50+,2735,91.17,0
12/1/2017,95762,F,36,Group D,FT,, ,East,8/27/2008,Salary, ,30-49,1922,64.07,0
12/1/2017,95770,F,25,Group F,FT,, ,East,5/29/2013,Salary, ,<30,186,6.2,0
12/1/2017,95772,F,53,Group A,FT,, ,East,5/15/1984,Salary, ,50+,10792,359.73,0
12/1/2017,95782,F,41,Group E,FT,, ,East,9/17/2008,Salary, ,30-49,1901,63.37,0
12/1/2017,95784,M,42,Group F,FT,, ,East,7/17/2007,Salary, ,30-49,2329,77.63,0
12/1/2017,95788,F,51,Group G,FT,, ,East,1/5/2010,Salary, ,50+,1426,47.53,0
12/1/2017,95792,F,36,Group D,PT,, ,East,8/27/2013,Salary, ,30-49,96,3.2,0
12/1/2017,96180,M,25,Group E,FT,, ,East,1/29/2008,Hourly, ,<30,2133,71.1,0
12/1/2017,96218,F,31,Group A,PT,, ,East,7/30/2013,Hourly, ,30-49,124,4.13,0
12/1/2017,96236,F,33,Group A,FT,, ,East,10/11/2011,Hourly, ,30-49,782,26.07,0
12/1/2017,96352,F,22,Group E,FT,, ,East,2/13/2013,Hourly, ,<30,291,9.7,0
12/1/2017,96382,F,24,Group A,FT,, ,East,11/20/2007,Hourly, ,<30,2203,73.43,0
12/1/2017,96442,M,45,Group C,FT,, ,East,9/20/2005,Hourly, ,30-49,2994,99.8,0
12/1/2017,96764,F,35,Group E,FT,, ,East,7/13/2001,Hourly, ,30-49,4524,150.8,0
12/1/2017,97020,F,40,Group B,FT,, ,East,6/21/2002,Hourly, ,30-49,4181,139.37,0
12/1/2017,97038,F,25,Group E,FT,, ,East,10/2/2007,Hourly, ,<30,2252,75.07,0
12/1/2017,97052,F,49,Group A,FT,, ,East,5/14/2008,Hourly, ,30-49,2027,67.57,0
12/1/2017,97066,F,24,Group F,FT,, ,East,7/19/2011,Hourly, ,<30,866,28.87,0
12/1/2017,97198,M,24,Group A,PT,, ,East,10/24/2012,Hourly, ,<30,403,13.43,0
12/1/2017,97318,F,25,Group A,PT,, ,East,5/13/2009,Hourly, ,<30,1663,55.43,0
12/1/2017,97344,F,36,Group F,FT,, ,East,2/27/2003,Hourly, ,30-49,3930,131,0
12/1/2017,97528,F,18,Group B,PT,, ,East,10/29/2013,Hourly, ,<30,33,1.1,0
12/1/2017,97546,F,59,Group E,FT,, ,East,7/24/2003,Hourly, ,50+,3783,126.1,0
12/1/2017,98080,F,31,Group A,FT,, ,East,10/9/2001,Hourly, ,30-49,4436,147.87,0
12/1/2017,98352,F,22,Group B,FT,, ,East,8/9/2011,Hourly, ,<30,845,28.17,0
12/1/2017,98432,F,31,Group E,FT,, ,East,4/5/2005,Hourly, ,30-49,3162,105.4,0
