Date,EmpID,Gender,Age,EthnicGroup,FP,TermDate,isNewHire,BU Region,HireDate,PayType,TermReason,AgeGroup,TenureDays,TenureMonths,BadHires
8/1/2017,1842,F,24,Group E,PT,,Yes,North,8/21/2013,Hourly, ,<30,0,0,0
8/1/2017,1924,M,25,Group G,PT,, ,North,1/5/2012,Hourly, ,<30,574,19.13,0
8/1/2017,1950,M,38,Group A,PT,, ,North,8/27/2008,Hourly, ,30-49,1800,60,0
8/1/2017,1958,M,21,Group B,PT,,Yes,North,8/21/2013,Hourly, ,<30,0,0,0
8/1/2017,1966,M,35,Group A,PT,, ,North,9/8/2012,Hourly, ,30-49,327,10.9,0
8/1/2017,1988,F,19,Group A,PT,,Yes,Midwest,8/24/2013,Hourly, ,<30,0,0,0
8/1/2017,2056,M,19,Group D,PT,, ,Midwest,6/14/2013,Hourly, ,<30,48,1.6,0
8/1/2017,2058,M,24,Group F,PT,,Yes,Midwest,8/8/2013,Hourly, ,<30,0,0,0
8/1/2017,2090,M,25,Group G,PT,, ,Midwest,6/21/2013,Hourly, ,<30,41,1.37,0
8/1/2017,4076,F,26,Group B,PT,,Yes,South,8/15/2013,Hourly, ,<30,0,0,0
8/1/2017,4138,M,25,Group E,PT,, ,South,7/13/2012,Hourly, ,<30,384,12.8,0
8/1/2017,4154,M,40,Group D,PT,,Yes,South,8/7/2013,Hourly, ,30-49,0,0,0
8/1/2017,4340,F,24,Group B,PT,, ,South,11/1/2012,Hourly, ,<30,273,9.1,0
8/1/2017,5052,F,22,Group C,PT,, ,South,6/2/2011,Hourly, ,<30,791,26.37,0
8/1/2017,5202,M,24,Group E,PT,, ,North,8/12/2010,Hourly, ,<30,1085,36.17,0
8/1/2017,5238,M,18,Group D,PT,, ,North,6/5/2013,Hourly, ,<30,57,1.9,0
8/1/2017,5268,M,19,Group A,PT,,Yes,North,8/16/2013,Hourly, ,<30,0,0,0
8/1/2017,7104,F,24,Group E,PT,, ,North,3/20/2013,Hourly, ,<30,134,4.47,0
8/1/2017,8506,F,20,Group C,PT,, ,Midwest,9/12/2012,Hourly, ,<30,323,10.77,0
8/1/2017,9460,M,20,Group D,PT,, ,North,9/27/2011,Hourly, ,<30,674,22.47,0
8/1/2017,9492,M,33,Group E,PT,,Yes,North,8/8/2013,Hourly, ,30-49,0,0,0
8/1/2017,9502,M,53,Group F,PT,,Yes,North,8/20/2013,Hourly, ,50+,0,0,0
8/1/2017,10522,M,22,Group E,PT,,Yes,South,8/7/2013,Hourly, ,<30,0,0,0
8/1/2017,10742,F,24,Group G,PT,, ,South,6/20/2012,Hourly, ,<30,407,13.57,0
8/1/2017,10970,F,21,Group E,PT,,Yes,South,8/8/2013,Hourly, ,<30,0,0,0
8/1/2017,10980,M,21,Group D,PT,, ,South,7/12/2013,Hourly, ,<30,20,0.67,0
8/1/2017,16664,M,26,Group F,PT,, ,North,9/25/2008,Hourly, ,<30,1771,59.03,0
8/1/2017,16672,F,24,Group G,PT,,Yes,Midwest,8/7/2013,Hourly, ,<30,0,0,0
8/1/2017,16678,M,56,Group A,FT,, ,Northwest,6/7/2012,Hourly, ,50+,420,14,0
8/1/2017,16718,M,27,Group A,PT,, ,South,2/8/2013,Hourly, ,<30,174,5.8,0
8/1/2017,16730,F,76,Group E,FT,, ,North,5/24/2011,Hourly, ,50+,800,26.67,0
8/1/2017,17056,F,19,Group C,PT,, ,West,7/5/2013,Hourly, ,<30,27,0.9,0
8/1/2017,17146,F,23,Group D,PT,, ,West,11/16/2010,Hourly, ,<30,989,32.97,0
8/1/2017,17184,F,22,Group E,FT,,Yes,East,8/24/2013,Hourly, ,<30,0,0,0
8/1/2017,17268,F,20,Group C,PT,,Yes,West,8/20/2013,Hourly, ,<30,0,0,0
8/1/2017,17362,F,28,Group B,FT,, ,East,12/20/2011,Hourly, ,<30,590,19.67,0
8/1/2017,17754,M,30,Group C,PT,,Yes,Northwest,8/15/2013,Hourly, ,30-49,0,0,0
8/1/2017,17854,M,22,Group E,PT,, ,West,3/15/2012,Hourly, ,<30,504,16.8,0
8/1/2017,17998,M,46,Group C,PT,, ,Northwest,9/2/2012,Hourly, ,30-49,333,11.1,0
8/1/2017,18026,M,18,Group G,PT,,Yes,Northwest,8/10/2013,Hourly, ,<30,0,0,0
8/1/2017,18230,M,47,Group A,PT,, ,North,10/24/2007,Hourly, ,30-49,2108,70.27,0
8/1/2017,18926,F,22,Group A,PT,, ,West,11/30/2012,Hourly, ,<30,244,8.13,0
8/1/2017,19130,F,43,Group F,PT,, ,North,9/14/2012,Hourly, ,30-49,321,10.7,0
8/1/2017,19204,F,19,Group G,PT,,Yes,West,8/17/2013,Hourly, ,<30,0,0,0
8/1/2017,19600,F,23,Group A,FT,, ,Northwest,4/27/2011,Hourly, ,<30,827,27.57,0
8/1/2017,19702,F,21,Group E,PT,,Yes,Northwest,8/15/2013,Hourly, ,<30,0,0,0
8/1/2017,20248,M,23,Group E,PT,, ,Northwest,5/30/2013,Hourly, ,<30,63,2.1,0
8/1/2017,20574,M,28,Group B,PT,,Yes,West,8/7/2013,Hourly, ,<30,0,0,0
8/1/2017,20706,M,44,Group F,PT,, ,South,7/21/2011,Hourly, ,30-49,742,24.73,0
8/1/2017,21208,M,29,Group A,FT,, ,Northwest,7/13/2000,Hourly, ,<30,4767,158.9,0
8/1/2017,21544,F,26,Group B,PT,, ,Northwest,9/2/2010,Hourly, ,<30,1064,35.47,0
8/1/2017,22578,F,68,Group C,FT,, ,Northwest,5/5/2011,Hourly, ,50+,819,27.3,0
8/1/2017,23112,F,20,Group G,PT,, ,North,2/22/2012,Hourly, ,<30,526,17.53,0
8/1/2017,23252,M,19,Group F,PT,, ,Central,5/8/2013,Hourly, ,<30,85,2.83,0
8/1/2017,23394,M,22,Group B,PT,, ,Central,9/22/2012,Hourly, ,<30,313,10.43,0
8/1/2017,23402,M,21,Group B,PT,,Yes,Northwest,8/22/2013,Hourly, ,<30,0,0,0
8/1/2017,24614,F,23,Group A,PT,,Yes,North,8/23/2013,Hourly, ,<30,0,0,0
8/1/2017,24692,F,21,Group E,PT,, ,West,7/6/2013,Hourly, ,<30,26,0.87,0
8/1/2017,25044,F,19,Group G,PT,, ,Central,6/21/2013,Hourly, ,<30,41,1.37,0
8/1/2017,25168,F,20,Group D,PT,, ,Midwest,10/25/2012,Hourly, ,<30,280,9.33,0
8/1/2017,25212,F,20,Group F,PT,, ,West,7/17/2013,Hourly, ,<30,15,0.5,0
8/1/2017,25640,M,25,Group D,PT,, ,West,8/24/2012,Hourly, ,<30,342,11.4,0
8/1/2017,25882,F,21,Group D,PT,, ,Northwest,6/22/2012,Hourly, ,<30,405,13.5,0
8/1/2017,25892,F,19,Group F,PT,, ,Northwest,6/29/2012,Hourly, ,<30,398,13.27,0
8/1/2017,25898,F,19,Group G,PT,,Yes,Northwest,8/30/2013,Hourly, ,<30,0,0,0
8/1/2017,26228,M,55,Group D,PT,, ,North,9/17/2008,Hourly, ,50+,1779,59.3,0
8/1/2017,26778,M,17,Group C,PT,, ,Central,1/20/2013,Hourly, ,<30,193,6.43,0
8/1/2017,26924,F,22,Group F,PT,, ,West,9/21/2012,Hourly, ,<30,314,10.47,0
8/1/2017,26954,M,87,Group B,PT,, ,West,8/27/2009,Hourly, ,50+,1435,47.83,0
8/1/2017,27450,F,21,Group G,PT,, ,North,11/10/2011,Hourly, ,<30,630,21,0
8/1/2017,28016,M,51,Group E,PT,, ,Northwest,2/28/2013,Hourly, ,50+,154,5.13,0
8/1/2017,28238,F,26,Group G,PT,, ,Central,6/11/2013,Hourly, ,<30,51,1.7,0
8/1/2017,28276,M,21,Group A,PT,, ,Central,4/30/2013,Hourly, ,<30,93,3.1,0
8/1/2017,28380,F,45,Group F,PT,, ,Central,5/9/2013,Hourly, ,30-49,84,2.8,0
8/1/2017,28738,F,22,Group G,PT,, ,Central,9/16/2012,Hourly, ,<30,319,10.63,0
8/1/2017,29062,M,43,Group G,FT,, ,Midwest,5/26/2009,Hourly, ,30-49,1528,50.93,0
8/1/2017,29274,F,23,Group F,PT,, ,Central,5/16/2013,Hourly, ,<30,77,2.57,0
8/1/2017,29552,F,26,Group B,PT,, ,West,3/15/2013,Hourly, ,<30,139,4.63,0
8/1/2017,29632,M,28,Group F,PT,, ,Central,4/1/2010,Hourly, ,<30,1218,40.6,0
8/1/2017,30248,F,39,Group C,FT,, ,Northwest,11/14/2006,Hourly, ,30-49,2452,81.73,0
8/1/2017,30868,M,18,Group D,PT,,Yes,Northwest,8/21/2013,Hourly, ,<30,0,0,0
8/1/2017,30934,M,53,Group B,PT,, ,Northwest,11/3/2011,Hourly, ,50+,637,21.23,0
8/1/2017,30964,M,20,Group F,PT,, ,Northwest,5/30/2013,Hourly, ,<30,63,2.1,0
8/1/2017,31824,M,23,Group B,PT,, ,North,6/1/2012,Hourly, ,<30,426,14.2,0
8/1/2017,31918,M,48,Group F,PT,, ,Midwest,3/24/2012,Hourly, ,30-49,495,16.5,0
8/1/2017,33066,F,30,Group E,PT,, ,South,4/13/2011,Hourly, ,30-49,841,28.03,0
8/1/2017,33132,M,19,Group A,PT,, ,South,6/9/2012,Hourly, ,<30,418,13.93,0
8/1/2017,33148,M,52,Group F,PT,, ,South,8/1/2012,Hourly, ,50+,365,12.17,0
8/1/2017,33240,F,30,Group E,FT,, ,Midwest,6/26/2002,Salary, ,30-49,4054,135.13,0
8/1/2017,33258,M,35,Group D,FT,, ,West,4/4/2008,Salary, ,30-49,1945,64.83,0
8/1/2017,33262,F,48,Group E,FT,, ,Northwest,3/19/2008,Salary, ,30-49,1961,65.37,0
8/1/2017,33278,F,32,Group E,FT,, ,Midwest,9/29/2011,Salary, ,30-49,672,22.4,0
8/1/2017,33288,F,46,Group G,FT,, ,East,7/16/2008,Salary, ,30-49,1842,61.4,0
8/1/2017,33296,F,33,Group G,FT,, ,East,8/27/2008,Salary, ,30-49,1800,60,0
8/1/2017,33310,M,22,Group D,FT,, ,East,6/25/2013,Salary, ,<30,37,1.23,0
8/1/2017,33312,F,51,Group C,FT,, ,East,10/4/2011,Salary, ,50+,667,22.23,0
8/1/2017,33812,M,27,Group B,PT,, ,Midwest,1/13/2012,Hourly, ,<30,566,18.87,0
8/1/2017,40406,M,48,Group B,FT,, ,North,4/9/2005,Hourly, ,30-49,3036,101.2,0
8/1/2017,40416,F,19,Group C,FT,, ,North,5/21/2013,Hourly, ,<30,72,2.4,0
8/1/2017,40434,M,55,Group E,FT,, ,North,8/16/2012,Hourly, ,50+,350,11.67,0
8/1/2017,40436,F,24,Group C,PT,, ,North,6/21/2007,Hourly, ,<30,2233,74.43,0
8/1/2017,40472,F,56,Group E,FT,, ,North,5/18/2005,Hourly, ,50+,2997,99.9,0
8/1/2017,40478,M,21,Group C,PT,, ,North,6/22/2011,Hourly, ,<30,771,25.7,0
8/1/2017,40484,M,20,Group F,PT,, ,North,12/13/2011,Hourly, ,<30,597,19.9,0
8/1/2017,40486,M,27,Group A,PT,, ,North,11/2/2011,Hourly, ,<30,638,21.27,0
8/1/2017,40488,M,36,Group D,FT,, ,North,5/23/2011,Hourly, ,30-49,801,26.7,0
8/1/2017,40506,M,20,Group G,PT,, ,North,7/27/2012,Hourly, ,<30,370,12.33,0
8/1/2017,40542,M,46,Group D,PT,, ,North,6/21/2005,Hourly, ,30-49,2963,98.77,0
8/1/2017,40548,F,30,Group E,FT,, ,North,5/2/2007,Hourly, ,30-49,2283,76.1,0
8/1/2017,40554,M,67,Group C,PT,, ,North,2/23/2007,Hourly, ,50+,2351,78.37,0
8/1/2017,40754,F,23,Group D,PT,, ,North,8/7/2008,Hourly, ,<30,1820,60.67,0
8/1/2017,41030,F,19,Group F,PT,, ,Midwest,5/16/2013,Hourly, ,<30,77,2.57,0
8/1/2017,41038,M,43,Group F,PT,, ,Midwest,3/16/2012,Hourly, ,30-49,503,16.77,0
8/1/2017,41042,F,36,Group D,PT,,Yes,Midwest,8/9/2013,Hourly, ,30-49,0,0,0
8/1/2017,41050,M,28,Group F,PT,, ,Midwest,12/29/2007,Hourly, ,<30,2042,68.07,0
8/1/2017,41058,F,23,Group C,PT,, ,Midwest,10/26/2011,Hourly, ,<30,645,21.5,0
8/1/2017,41082,F,22,Group F,PT,, ,Midwest,2/18/2010,Hourly, ,<30,1260,42,0
8/1/2017,41288,F,21,Group B,FT,, ,Midwest,3/2/2012,Hourly, ,<30,517,17.23,0
8/1/2017,41292,F,21,Group D,PT,, ,Midwest,11/3/2012,Hourly, ,<30,271,9.03,0
8/1/2017,41332,M,25,Group G,FT,, ,Midwest,10/20/2009,Hourly, ,<30,1381,46.03,0
8/1/2017,41344,M,65,Group F,PT,, ,Midwest,8/30/2005,Hourly, ,50+,2893,96.43,0
8/1/2017,41372,F,30,Group G,FT,, ,Midwest,7/26/2013,Hourly, ,30-49,6,0.2,0
8/1/2017,41388,F,21,Group B,FT,, ,South,6/26/2013,Hourly, ,<30,36,1.2,0
8/1/2017,41416,M,20,Group C,PT,,Yes,South,8/28/2013,Hourly, ,<30,0,0,0
8/1/2017,41420,M,19,Group C,PT,, ,South,4/18/2013,Hourly, ,<30,105,3.5,0
8/1/2017,41510,M,24,Group A,PT,, ,South,10/26/2011,Hourly, ,<30,645,21.5,0
8/1/2017,41512,F,20,Group G,PT,, ,South,8/25/2012,Hourly, ,<30,341,11.37,0
8/1/2017,41518,M,51,Group C,PT,, ,South,7/12/2013,Hourly, ,50+,20,0.67,0
8/1/2017,41692,M,47,Group D,FT,, ,South,11/22/2012,Hourly, ,30-49,252,8.4,0
8/1/2017,42106,M,58,Group B,PT,, ,South,8/23/2012,Hourly, ,50+,343,11.43,0
8/1/2017,42236,M,64,Group G,FT,, ,South,6/15/2011,Hourly, ,50+,778,25.93,0
8/1/2017,42238,F,20,Group B,PT,, ,South,10/20/2012,Hourly, ,<30,285,9.5,0
8/1/2017,42680,M,62,Group D,PT,, ,South,6/20/2013,Hourly, ,50+,42,1.4,0
8/1/2017,42684,M,24,Group A,FT,, ,South,2/14/2006,Hourly, ,<30,2725,90.83,0
8/1/2017,42708,M,61,Group E,PT,, ,South,10/27/2011,Hourly, ,50+,644,21.47,0
8/1/2017,42804,F,23,Group F,PT,, ,South,9/7/2012,Hourly, ,<30,328,10.93,0
8/1/2017,42892,M,58,Group G,FT,, ,South,6/19/2007,Hourly, ,50+,2235,74.5,0
8/1/2017,42896,M,19,Group B,PT,,Yes,South,8/14/2013,Hourly, ,<30,0,0,0
8/1/2017,42924,F,23,Group E,PT,, ,South,6/23/2011,Hourly, ,<30,770,25.67,0
8/1/2017,43058,M,36,Group C,PT,,Yes,South,8/16/2013,Hourly, ,30-49,0,0,0
8/1/2017,43128,M,22,Group B,PT,, ,South,2/25/2012,Hourly, ,<30,523,17.43,0
8/1/2017,43134,F,19,Group E,PT,, ,South,7/31/2013,Hourly, ,<30,1,0.03,0
8/1/2017,43308,M,17,Group C,PT,, ,South,10/31/2012,Hourly, ,<30,274,9.13,0
8/1/2017,43336,M,21,Group E,PT,, ,South,3/31/2012,Hourly, ,<30,488,16.27,0
8/1/2017,43340,F,22,Group G,FT,,Yes,South,8/20/2013,Hourly, ,<30,0,0,0
8/1/2017,43342,F,22,Group F,FT,, ,South,3/31/2012,Hourly, ,<30,488,16.27,0
8/1/2017,43356,F,22,Group B,FT,, ,South,9/2/2009,Hourly, ,<30,1429,47.63,0
8/1/2017,43376,F,47,Group A,PT,, ,North,10/16/2012,Hourly, ,30-49,289,9.63,0
8/1/2017,43380,M,26,Group C,PT,, ,North,7/5/2012,Hourly, ,<30,392,13.07,0
8/1/2017,43430,F,48,Group A,FT,, ,North,9/16/2011,Hourly, ,30-49,685,22.83,0
8/1/2017,43432,F,35,Group C,FT,, ,North,3/10/2011,Hourly, ,30-49,875,29.17,0
8/1/2017,43438,M,59,Group G,FT,, ,North,7/19/2012,Hourly, ,50+,378,12.6,0
8/1/2017,43440,F,25,Group G,FT,, ,North,5/31/2007,Hourly, ,<30,2254,75.13,0
8/1/2017,43526,M,57,Group C,FT,, ,North,4/26/2008,Hourly, ,50+,1923,64.1,0
8/1/2017,43538,M,25,Group C,PT,, ,North,6/12/2008,Hourly, ,<30,1876,62.53,0
8/1/2017,43606,F,23,Group B,PT,, ,North,8/31/2011,Hourly, ,<30,701,23.37,0
8/1/2017,43610,M,24,Group C,PT,, ,North,3/20/2007,Hourly, ,<30,2326,77.53,0
8/1/2017,43612,M,54,Group G,PT,, ,North,2/27/2007,Hourly, ,50+,2347,78.23,0
8/1/2017,43672,F,22,Group D,FT,, ,North,11/3/2006,Hourly, ,<30,2463,82.1,0
8/1/2017,43678,M,59,Group A,FT,, ,North,4/9/2007,Hourly, ,50+,2306,76.87,0
8/1/2017,43728,F,22,Group D,PT,, ,North,10/3/2011,Hourly, ,<30,668,22.27,0
8/1/2017,43738,M,22,Group D,PT,, ,North,6/22/2010,Hourly, ,<30,1136,37.87,0
8/1/2017,43776,M,26,Group D,PT,, ,Midwest,7/6/2005,Hourly, ,<30,2948,98.27,0
8/1/2017,43784,F,20,Group B,PT,,Yes,Midwest,8/15/2013,Hourly, ,<30,0,0,0
8/1/2017,43790,F,64,Group D,FT,, ,Midwest,8/1/2009,Hourly, ,50+,1461,48.7,0
8/1/2017,43918,M,49,Group A,PT,, ,Midwest,3/9/2010,Hourly, ,30-49,1241,41.37,0
8/1/2017,44044,M,62,Group A,PT,, ,Midwest,2/13/2007,Hourly, ,50+,2361,78.7,0
8/1/2017,44062,M,31,Group C,FT,, ,Midwest,8/12/2006,Hourly, ,30-49,2546,84.87,0
8/1/2017,44066,M,20,Group C,FT,, ,Midwest,3/26/2013,Hourly, ,<30,128,4.27,0
8/1/2017,44110,M,26,Group D,PT,, ,Midwest,6/24/2009,Hourly, ,<30,1499,49.97,0
8/1/2017,44114,M,19,Group G,PT,, ,Midwest,7/11/2013,Hourly, ,<30,21,0.7,0
8/1/2017,49036,M,54,Group G,FT,, ,Central,10/13/2005,Hourly, ,50+,2849,94.97,0
8/1/2017,49040,F,47,Group F,PT,, ,South,6/2/2010,Hourly, ,30-49,1156,38.53,0
8/1/2017,49142,M,33,Group A,PT,, ,Midwest,3/22/2008,Hourly, ,30-49,1958,65.27,0
8/1/2017,49164,F,52,Group A,FT,, ,South,4/17/2008,Hourly, ,50+,1932,64.4,0
8/1/2017,49188,F,50,Group B,FT,, ,Midwest,3/10/1981,Hourly, ,50+,11832,394.4,0
8/1/2017,49216,F,40,Group D,FT,, ,Central,5/15/2013,Hourly, ,30-49,78,2.6,0
8/1/2017,49232,M,50,Group E,FT,, ,Northwest,7/5/2012,Hourly, ,50+,392,13.07,0
8/1/2017,49296,M,39,Group F,PT,, ,Northwest,12/6/2011,Hourly, ,30-49,604,20.13,0
8/1/2017,49302,F,21,Group A,PT,, ,North,12/13/2007,Hourly, ,<30,2058,68.6,0
8/1/2017,49368,M,23,Group E,PT,, ,West,11/14/2012,Hourly, ,<30,260,8.67,0
8/1/2017,49376,F,30,Group G,FT,, ,West,1/9/2013,Hourly, ,30-49,204,6.8,0
8/1/2017,49416,M,31,Group E,PT,, ,Central,11/2/2011,Hourly, ,30-49,638,21.27,0
8/1/2017,49444,M,27,Group F,PT,, ,South,9/21/2012,Hourly, ,<30,314,10.47,0
8/1/2017,49550,M,48,Group G,FT,, ,West,3/16/2008,Hourly, ,30-49,1964,65.47,0
8/1/2017,49576,F,57,Group E,PT,, ,West,11/1/2012,Hourly, ,50+,273,9.1,0
8/1/2017,49666,F,33,Group A,FT,, ,Midwest,1/26/2007,Hourly, ,30-49,2379,79.3,0
8/1/2017,49716,F,61,Group E,FT,, ,Central,7/27/2007,Hourly, ,50+,2197,73.23,0
8/1/2017,49748,F,51,Group E,FT,, ,Northwest,11/21/2001,Hourly, ,50+,4271,142.37,0
8/1/2017,49776,F,28,Group A,FT,, ,North,7/12/2006,Hourly, ,<30,2577,85.9,0
8/1/2017,49794,F,42,Group G,FT,, ,South,1/18/1989,Hourly, ,30-49,8961,298.7,0
8/1/2017,49832,F,29,Group F,FT,, ,West,7/14/2004,Hourly, ,<30,3305,110.17,0
8/1/2017,49848,M,46,Group B,FT,, ,West,3/15/2012,Hourly, ,30-49,504,16.8,0
8/1/2017,49976,F,20,Group B,PT,, ,West,8/9/2012,Hourly, ,<30,357,11.9,0
8/1/2017,50272,M,21,Group F,FT,, ,North,3/20/2012,Hourly, ,<30,499,16.63,0
8/1/2017,50278,F,56,Group F,FT,, ,North,10/13/2000,Hourly, ,50+,4675,155.83,0
8/1/2017,50282,F,54,Group D,PT,, ,South,10/15/2002,Hourly, ,50+,3943,131.43,0
8/1/2017,50304,F,31,Group F,FT,, ,Central,7/23/2009,Hourly, ,30-49,1470,49,0
8/1/2017,50306,F,43,Group C,FT,, ,Central,11/8/2005,Hourly, ,30-49,2823,94.1,0
8/1/2017,50312,F,45,Group D,FT,, ,Northwest,8/31/2012,Hourly, ,30-49,335,11.17,0
8/1/2017,50318,F,42,Group A,FT,, ,Midwest,9/13/2005,Hourly, ,30-49,2879,95.97,0
8/1/2017,50322,F,29,Group G,FT,, ,West,12/1/2007,Hourly, ,<30,2070,69,0
8/1/2017,50332,M,22,Group B,PT,, ,North,12/18/2012,Hourly, ,<30,226,7.53,0
8/1/2017,50336,F,29,Group A,FT,, ,West,9/15/2005,Hourly, ,<30,2877,95.9,0
8/1/2017,50340,F,26,Group F,FT,, ,Northwest,6/24/2012,Hourly, ,<30,403,13.43,0
8/1/2017,50342,F,32,Group C,FT,, ,Central,5/1/2008,Hourly, ,30-49,1918,63.93,0
8/1/2017,50378,F,35,Group A,FT,, ,North,9/7/2012,Hourly, ,30-49,328,10.93,0
8/1/2017,50384,F,22,Group A,PT,, ,Midwest,9/13/2011,Hourly, ,<30,688,22.93,0
8/1/2017,50386,F,22,Group A,FT,, ,North,9/11/2010,Hourly, ,<30,1055,35.17,0
8/1/2017,50396,F,21,Group A,FT,, ,Midwest,10/11/2012,Hourly, ,<30,294,9.8,0
8/1/2017,50426,F,42,Group E,FT,, ,Northwest,6/30/2004,Hourly, ,30-49,3319,110.63,0
8/1/2017,50438,F,58,Group G,FT,, ,West,3/29/2005,Hourly, ,50+,3047,101.57,0
8/1/2017,50470,F,57,Group D,FT,, ,Midwest,11/21/1974,Hourly, ,50+,14133,471.1,0
8/1/2017,50472,F,23,Group B,PT,, ,West,9/13/2011,Hourly, ,<30,688,22.93,0
8/1/2017,50812,M,21,Group B,PT,, ,Northwest,2/23/2013,Hourly, ,<30,159,5.3,0
8/1/2017,50838,M,24,Group G,FT,, ,West,4/23/2010,Hourly, ,<30,1196,39.87,0
8/1/2017,50854,M,19,Group F,PT,, ,Northwest,7/18/2013,Hourly, ,<30,14,0.47,0
8/1/2017,50884,F,56,Group E,FT,, ,North,4/15/2005,Hourly, ,50+,3030,101,0
8/1/2017,51010,M,34,Group B,FT,, ,West,8/5/2009,Hourly, ,30-49,1457,48.57,0
8/1/2017,51134,M,23,Group B,PT,,Yes,Central,8/7/2013,Hourly, ,<30,0,0,0
8/1/2017,51146,F,35,Group D,FT,, ,Central,6/24/1995,Hourly, ,30-49,6613,220.43,0
8/1/2017,51166,F,23,Group E,PT,, ,Central,5/10/2013,Hourly, ,<30,83,2.77,0
8/1/2017,51236,F,70,Group B,FT,, ,Central,4/15/2004,Hourly, ,50+,3395,113.17,0
8/1/2017,51312,M,27,Group D,FT,, ,Northwest,9/22/2004,Hourly, ,<30,3235,107.83,0
8/1/2017,51316,F,67,Group C,FT,, ,Northwest,10/30/2007,Hourly, ,50+,2102,70.07,0
8/1/2017,51324,M,30,Group B,FT,, ,Northwest,3/18/2004,Hourly, ,30-49,3423,114.1,0
8/1/2017,51338,M,45,Group A,FT,, ,Northwest,11/2/2012,Hourly, ,30-49,272,9.07,0
8/1/2017,51340,F,22,Group G,PT,, ,Northwest,6/6/2013,Hourly, ,<30,56,1.87,0
8/1/2017,51548,M,49,Group B,FT,, ,Central,12/14/2008,Hourly, ,30-49,1691,56.37,0
8/1/2017,51622,F,40,Group D,FT,, ,Central,6/23/1998,Hourly, ,30-49,5518,183.93,0
8/1/2017,51776,M,25,Group A,PT,, ,West,6/26/2013,Hourly, ,<30,36,1.2,0
8/1/2017,51916,F,56,Group C,FT,, ,South,5/13/2003,Hourly, ,50+,3733,124.43,0
8/1/2017,51922,M,50,Group G,FT,, ,South,8/12/2004,Hourly, ,50+,3276,109.2,0
8/1/2017,51974,F,24,Group E,PT,, ,Northwest,8/2/2011,Hourly, ,<30,730,24.33,0
8/1/2017,51994,M,57,Group E,PT,, ,Northwest,11/10/2004,Hourly, ,50+,3186,106.2,0
8/1/2017,52004,M,22,Group B,PT,, ,Northwest,1/25/2013,Hourly, ,<30,188,6.27,0
8/1/2017,52010,M,34,Group F,PT,, ,Northwest,5/1/2003,Hourly, ,30-49,3745,124.83,0
8/1/2017,52018,M,43,Group F,FT,, ,Northwest,1/10/2012,Hourly, ,30-49,569,18.97,0
8/1/2017,52024,M,19,Group E,PT,,Yes,Northwest,8/15/2013,Hourly, ,<30,0,0,0
8/1/2017,52212,M,65,Group E,PT,, ,Northwest,9/13/2006,Hourly, ,50+,2514,83.8,0
8/1/2017,52238,M,43,Group E,PT,, ,Northwest,7/13/2005,Hourly, ,30-49,2941,98.03,0
8/1/2017,52248,M,42,Group B,FT,, ,West,11/16/2011,Hourly, ,30-49,624,20.8,0
8/1/2017,52290,M,63,Group G,PT,, ,West,10/30/2007,Hourly, ,50+,2102,70.07,0
8/1/2017,52292,M,34,Group D,FT,, ,West,6/7/2005,Hourly, ,30-49,2977,99.23,0
8/1/2017,52332,M,60,Group C,PT,, ,South,1/22/2002,Hourly, ,50+,4209,140.3,0
8/1/2017,52424,M,53,Group C,PT,, ,Central,5/23/2013,Hourly, ,50+,70,2.33,0
8/1/2017,52446,M,23,Group B,PT,, ,Northwest,2/15/2013,Hourly, ,<30,167,5.57,0
8/1/2017,52536,M,42,Group D,FT,, ,Central,11/25/2003,Hourly, ,30-49,3537,117.9,0
8/1/2017,52566,M,56,Group B,FT,, ,Central,9/23/2009,Hourly, ,50+,1408,46.93,0
8/1/2017,52576,M,41,Group C,PT,, ,Central,10/19/2012,Hourly, ,30-49,286,9.53,0
8/1/2017,52682,M,41,Group G,PT,, ,Central,4/4/2002,Hourly, ,30-49,4137,137.9,0
8/1/2017,52698,M,50,Group E,PT,, ,West,5/7/2013,Hourly, ,50+,86,2.87,0
8/1/2017,52764,M,30,Group F,FT,, ,Central,4/6/2010,Hourly, ,30-49,1213,40.43,0
8/1/2017,52770,F,19,Group E,PT,, ,Northwest,7/12/2012,Hourly, ,<30,385,12.83,0
8/1/2017,52826,M,55,Group C,FT,, ,Northwest,3/1/2006,Hourly, ,50+,2710,90.33,0
8/1/2017,52834,M,22,Group G,FT,, ,Northwest,1/25/2012,Salary, ,<30,554,18.47,0
8/1/2017,52926,F,45,Group A,PT,, ,North,5/11/1988,Hourly, ,30-49,9213,307.1,0
8/1/2017,52934,M,26,Group B,PT,, ,North,4/14/2007,Hourly, ,<30,2301,76.7,0
8/1/2017,52954,M,51,Group G,FT,, ,North,2/28/1989,Salary, ,50+,8920,297.33,0
8/1/2017,52966,F,24,Group E,PT,, ,North,4/15/2009,Hourly, ,<30,1569,52.3,0
8/1/2017,52968,M,36,Group F,FT,, ,North,3/28/2007,Salary, ,30-49,2318,77.27,0
8/1/2017,52970,M,37,Group A,FT,, ,North,10/12/1996,Salary, ,30-49,6137,204.57,0
8/1/2017,52972,F,24,Group C,PT,, ,North,10/9/2007,Hourly, ,<30,2123,70.77,0
8/1/2017,52980,M,69,Group A,PT,, ,North,6/1/2011,Hourly, ,50+,792,26.4,0
8/1/2017,52982,M,27,Group G,FT,, ,North,6/29/2006,Hourly, ,<30,2590,86.33,0
8/1/2017,52984,M,45,Group A,FT,, ,North,11/10/1988,Hourly, ,30-49,9030,301,0
8/1/2017,52986,F,19,Group C,PT,, ,North,7/13/2012,Hourly, ,<30,384,12.8,0
8/1/2017,53004,M,34,Group A,FT,, ,North,11/26/1998,Hourly, ,30-49,5362,178.73,0
8/1/2017,53176,F,45,Group G,FT,, ,Midwest,11/25/1992,Hourly, ,30-49,7554,251.8,0
8/1/2017,53218,M,67,Group C,PT,, ,Midwest,5/15/2009,Hourly, ,50+,1539,51.3,0
8/1/2017,53250,F,44,Group E,FT,, ,South,5/4/2010,Salary, ,30-49,1185,39.5,0
8/1/2017,53266,M,51,Group F,FT,, ,South,6/11/1991,Hourly, ,50+,8087,269.57,0
8/1/2017,53290,F,21,Group G,PT,, ,South,8/15/2012,Hourly, ,<30,351,11.7,0
8/1/2017,53292,F,40,Group E,FT,, ,South,6/4/1993,Salary, ,30-49,7363,245.43,0
8/1/2017,53368,F,37,Group G,FT,, ,South,3/23/2012,Hourly, ,30-49,496,16.53,0
8/1/2017,53370,M,45,Group D,FT,, ,South,5/20/1986,Salary, ,30-49,9935,331.17,0
8/1/2017,53402,F,33,Group B,FT,, ,South,8/20/2009,Salary, ,30-49,1442,48.07,0
8/1/2017,53412,M,48,Group F,FT,, ,South,4/25/2006,Salary, ,30-49,2655,88.5,0
8/1/2017,53554,F,31,Group F,FT,, ,Central,3/28/2006,Salary, ,30-49,2683,89.43,0
8/1/2017,53612,F,53,Group E,FT,, ,Central,10/2/2001,Salary, ,50+,4321,144.03,0
8/1/2017,53616,F,21,Group C,PT,,Yes,Central,8/15/2013,Hourly, ,<30,0,0,0
8/1/2017,53652,M,41,Group A,FT,, ,Central,12/21/1990,Salary, ,30-49,8259,275.3,0
8/1/2017,53726,F,26,Group F,PT,, ,Central,4/12/2012,Hourly, ,<30,476,15.87,0
8/1/2017,53752,M,40,Group A,PT,, ,Central,11/20/2007,Hourly, ,30-49,2081,69.37,0
8/1/2017,53804,F,27,Group B,FT,, ,Central,10/31/2005,Hourly, ,<30,2831,94.37,0
8/1/2017,53826,F,50,Group G,FT,, ,West,8/29/2006,Salary, ,50+,2529,84.3,0
8/1/2017,53876,F,28,Group E,FT,,Yes,West,8/22/2013,Hourly, ,<30,0,0,0
8/1/2017,53938,F,19,Group F,PT,, ,West,5/9/2013,Hourly, ,<30,84,2.8,0
8/1/2017,53952,M,18,Group B,PT,, ,West,7/6/2013,Hourly, ,<30,26,0.87,0
8/1/2017,53988,F,22,Group D,PT,, ,West,1/26/2012,Hourly, ,<30,553,18.43,0
8/1/2017,53992,F,61,Group D,FT,, ,West,2/23/2007,Hourly, ,50+,2351,78.37,0
8/1/2017,54048,M,44,Group A,FT,, ,West,6/27/2004,Salary, ,30-49,3322,110.73,0
8/1/2017,54064,F,43,Group B,FT,, ,West,5/14/2011,Salary, ,30-49,810,27,0
8/1/2017,54082,M,50,Group G,FT,, ,West,8/23/2007,Hourly, ,50+,2170,72.33,0
8/1/2017,54100,M,54,Group B,FT,, ,West,12/15/2007,Hourly, ,50+,2056,68.53,0
8/1/2017,54304,M,24,Group E,PT,, ,South,6/8/2011,Hourly, ,<30,785,26.17,0
8/1/2017,54306,M,37,Group D,PT,, ,South,10/12/2011,Hourly, ,30-49,659,21.97,0
8/1/2017,54316,M,23,Group B,PT,, ,Northwest,9/13/2006,Hourly, ,<30,2514,83.8,0
8/1/2017,54338,M,27,Group B,FT,, ,North,1/6/2011,Hourly, ,<30,938,31.27,0
8/1/2017,54356,M,21,Group E,FT,, ,South,4/27/2012,Hourly, ,<30,461,15.37,0
8/1/2017,54366,M,21,Group D,PT,, ,West,7/7/2013,Hourly, ,<30,25,0.83,0
8/1/2017,54372,F,37,Group G,FT,, ,North,1/10/2012,Salary, ,30-49,569,18.97,0
8/1/2017,54384,F,26,Group G,FT,, ,North,1/23/2013,Salary, ,<30,190,6.33,0
8/1/2017,54472,F,68,Group B,FT,, ,Northwest,8/27/2002,Salary, ,50+,3992,133.07,0
8/1/2017,54510,M,44,Group C,FT,, ,Northwest,10/30/2007,Hourly, ,30-49,2102,70.07,0
8/1/2017,54528,F,22,Group B,PT,, ,Midwest,12/15/2011,Hourly, ,<30,595,19.83,0
8/1/2017,54552,M,45,Group C,PT,, ,Midwest,10/19/2012,Hourly, ,30-49,286,9.53,0
8/1/2017,54556,M,21,Group F,PT,, ,South,3/2/2012,Hourly, ,<30,517,17.23,0
8/1/2017,54564,M,20,Group B,PT,, ,South,9/2/2012,Hourly, ,<30,333,11.1,0
8/1/2017,54582,M,48,Group F,PT,, ,Northwest,1/4/2013,Hourly, ,30-49,209,6.97,0
8/1/2017,54614,M,20,Group D,PT,, ,South,10/25/2012,Hourly, ,<30,280,9.33,0
8/1/2017,54662,M,21,Group F,PT,, ,North,2/28/2013,Hourly, ,<30,154,5.13,0
8/1/2017,54890,F,63,Group A,FT,, ,West,4/5/2005,Hourly, ,50+,3040,101.33,0
8/1/2017,54894,F,22,Group F,PT,, ,West,4/26/2013,Hourly, ,<30,97,3.23,0
8/1/2017,54906,F,22,Group F,PT,, ,Midwest,3/15/2012,Hourly, ,<30,504,16.8,0
8/1/2017,54918,F,20,Group C,PT,, ,Midwest,5/31/2013,Hourly, ,<30,62,2.07,0
8/1/2017,55442,F,73,Group G,FT,, ,West,3/11/2003,Hourly, ,50+,3796,126.53,0
8/1/2017,55468,F,19,Group A,PT,, ,West,5/10/2012,Hourly, ,<30,448,14.93,0
8/1/2017,55512,M,54,Group G,PT,, ,West,9/7/2012,Hourly, ,50+,328,10.93,0
8/1/2017,55514,M,23,Group D,PT,, ,West,4/15/2011,Hourly, ,<30,839,27.97,0
8/1/2017,55566,M,21,Group A,PT,,Yes,Northwest,8/29/2013,Hourly, ,<30,0,0,0
8/1/2017,55578,M,29,Group B,PT,, ,Northwest,11/7/2012,Hourly, ,<30,267,8.9,0
8/1/2017,55632,F,61,Group B,FT,, ,Northwest,9/13/2011,Hourly, ,50+,688,22.93,0
8/1/2017,55648,M,55,Group B,FT,, ,Northwest,7/14/2004,Hourly, ,50+,3305,110.17,0
8/1/2017,55650,M,22,Group E,PT,, ,North,9/26/2008,Hourly, ,<30,1770,59,0
8/1/2017,55666,M,20,Group D,PT,, ,South,7/13/2011,Hourly, ,<30,750,25,0
8/1/2017,55700,F,51,Group B,FT,, ,Central,8/30/2005,Hourly, ,50+,2893,96.43,0
8/1/2017,55704,M,51,Group G,FT,, ,Central,5/10/2005,Hourly, ,50+,3005,100.17,0
8/1/2017,55722,M,39,Group C,PT,, ,Central,5/4/2010,Hourly, ,30-49,1185,39.5,0
8/1/2017,55726,M,41,Group E,FT,, ,Central,10/23/2008,Hourly, ,30-49,1743,58.1,0
8/1/2017,55730,M,21,Group A,PT,, ,Central,8/27/2010,Hourly, ,<30,1070,35.67,0
8/1/2017,55734,M,45,Group F,PT,, ,Central,4/30/2008,Hourly, ,30-49,1919,63.97,0
8/1/2017,55750,M,39,Group A,FT,, ,Central,8/24/2011,Hourly, ,30-49,708,23.6,0
8/1/2017,55770,M,29,Group E,PT,, ,North,8/11/2000,Hourly, ,<30,4738,157.93,0
8/1/2017,55776,F,23,Group E,PT,, ,South,2/1/2012,Hourly, ,<30,547,18.23,0
8/1/2017,55778,M,42,Group B,PT,, ,South,5/18/2011,Hourly, ,30-49,806,26.87,0
8/1/2017,55780,M,63,Group A,PT,, ,North,8/18/2011,Hourly, ,50+,714,23.8,0
8/1/2017,56246,M,33,Group E,PT,, ,Central,10/4/2001,Hourly, ,30-49,4319,143.97,0
8/1/2017,56276,M,23,Group G,PT,, ,Central,5/21/2013,Hourly, ,<30,72,2.4,0
8/1/2017,56292,F,32,Group G,FT,, ,Central,12/11/2007,Hourly, ,30-49,2060,68.67,0
8/1/2017,56296,M,55,Group D,FT,, ,Central,3/26/2010,Hourly, ,50+,1224,40.8,0
8/1/2017,56314,M,48,Group C,PT,, ,Central,8/9/2012,Hourly, ,30-49,357,11.9,0
8/1/2017,56330,M,52,Group E,FT,, ,West,11/17/2009,Hourly, ,50+,1353,45.1,0
8/1/2017,56334,F,24,Group G,PT,, ,West,3/27/2013,Hourly, ,<30,127,4.23,0
8/1/2017,56354,M,67,Group D,PT,, ,West,8/9/2011,Hourly, ,50+,723,24.1,0
8/1/2017,56358,M,63,Group E,PT,, ,West,2/23/2007,Hourly, ,50+,2351,78.37,0
8/1/2017,56456,M,19,Group E,PT,, ,Northwest,6/28/2013,Hourly, ,<30,34,1.13,0
8/1/2017,56490,M,65,Group G,FT,, ,South,10/19/1988,Hourly, ,50+,9052,301.73,0
8/1/2017,56498,M,50,Group C,FT,, ,Midwest,1/27/2000,Hourly, ,50+,4935,164.5,0
8/1/2017,56508,F,28,Group F,FT,, ,Midwest,8/4/2004,Hourly, ,<30,3284,109.47,0
8/1/2017,56516,M,49,Group E,FT,, ,Midwest,9/20/1984,Hourly, ,30-49,10542,351.4,0
8/1/2017,56526,M,62,Group C,FT,, ,South,6/30/1987,Hourly, ,50+,9529,317.63,0
8/1/2017,91744,F,29,Group F,FT,, ,North,12/19/2006,Salary, ,<30,2417,80.57,0
8/1/2017,91790,M,19,Group A,PT,, ,North,1/4/2013,Hourly, ,<30,209,6.97,0
8/1/2017,91824,M,23,Group D,FT,, ,North,5/24/2008,Hourly, ,<30,1895,63.17,0
8/1/2017,92018,F,60,Group D,FT,, ,East,11/7/2012,Hourly, ,50+,267,8.9,0
8/1/2017,92056,F,51,Group F,FT,, ,East,3/21/2006,Hourly, ,50+,2690,89.67,0
8/1/2017,92072,F,51,Group B,FT,, ,East,8/26/2008,Salary, ,50+,1801,60.03,0
8/1/2017,92166,F,58,Group D,FT,, ,East,1/17/2006,Hourly, ,50+,2753,91.77,0
8/1/2017,92168,F,42,Group B,FT,, ,East,5/13/2003,Hourly, ,30-49,3733,124.43,0
8/1/2017,92240,M,29,Group D,PT,, ,East,5/7/2008,Hourly, ,<30,1912,63.73,0
8/1/2017,92246,F,37,Group B,FT,, ,East,10/5/2010,Salary, ,30-49,1031,34.37,0
8/1/2017,92250,M,54,Group C,FT,, ,East,9/8/1981,Salary, ,50+,11650,388.33,0
8/1/2017,92254,M,52,Group F,FT,, ,East,11/15/2011,Salary, ,50+,625,20.83,0
8/1/2017,92258,F,60,Group C,FT,, ,East,12/13/2011,Hourly, ,50+,597,19.9,0
8/1/2017,92260,M,50,Group B,FT,, ,East,6/27/2008,Hourly, ,50+,1861,62.03,0
8/1/2017,92270,F,38,Group F,FT,, ,East,3/28/2006,Salary, ,30-49,2683,89.43,0
8/1/2017,92282,F,29,Group E,FT,, ,East,12/1/2009,Salary, ,<30,1339,44.63,0
8/1/2017,92292,F,30,Group F,FT,, ,East,8/2/2011,Salary, ,30-49,730,24.33,0
8/1/2017,92302,M,36,Group E,FT,, ,East,3/1/2008,Salary, ,30-49,1979,65.97,0
8/1/2017,92310,M,38,Group B,FT,, ,East,6/25/2008,Salary, ,30-49,1863,62.1,0
8/1/2017,92324,F,27,Group F,FT,, ,East,6/2/2005,Salary, ,<30,2982,99.4,0
8/1/2017,92328,F,36,Group A,FT,, ,East,2/4/2009,Salary, ,30-49,1639,54.63,0
8/1/2017,92332,F,45,Group G,FT,, ,East,2/21/2006,Salary, ,30-49,2718,90.6,0
8/1/2017,92334,M,46,Group F,FT,, ,East,1/7/2009,Salary, ,30-49,1667,55.57,0
8/1/2017,92336,F,39,Group E,FT,, ,East,2/25/2009,Salary, ,30-49,1618,53.93,0
8/1/2017,92338,F,50,Group F,FT,, ,East,8/11/2009,Salary, ,50+,1451,48.37,0
8/1/2017,92340,F,29,Group B,FT,, ,East,9/29/2009,Salary, ,<30,1402,46.73,0
8/1/2017,92352,F,53,Group C,FT,, ,East,8/9/2011,Hourly, ,50+,723,24.1,0
8/1/2017,92354,F,52,Group D,FT,,Yes,East,8/6/2013,Hourly, ,50+,0,0,0
8/1/2017,92358,F,57,Group C,FT,, ,East,5/14/2002,Hourly, ,50+,4097,136.57,0
8/1/2017,92366,F,61,Group F,FT,, ,East,4/4/2006,Hourly, ,50+,2676,89.2,0
8/1/2017,92386,F,45,Group F,FT,, ,East,4/3/2013,Hourly, ,30-49,120,4,0
8/1/2017,92420,M,26,Group D,FT,, ,East,6/23/2004,Hourly, ,<30,3326,110.87,0
8/1/2017,92438,F,52,Group B,FT,, ,East,12/18/2007,Hourly, ,50+,2053,68.43,0
8/1/2017,92440,F,38,Group B,FT,, ,East,2/7/2012,Hourly, ,30-49,541,18.03,0
8/1/2017,92484,F,31,Group C,FT,, ,East,4/28/2011,Salary, ,30-49,826,27.53,0
8/1/2017,95692,M,49,Group F,FT,, ,East,9/2/2009,Salary, ,30-49,1429,47.63,0
8/1/2017,95694,M,33,Group A,FT,, ,East,7/21/2005,Salary, ,30-49,2933,97.77,0
8/1/2017,95696,F,55,Group E,FT,, ,East,11/3/1987,Salary, ,50+,9403,313.43,0
8/1/2017,95710,F,25,Group F,FT,, ,East,2/9/2012,Salary, ,<30,539,17.97,0
8/1/2017,95716,M,28,Group F,FT,, ,East,7/23/2013,Salary, ,<30,9,0.3,0
8/1/2017,95722,F,37,Group A,FT,, ,East,4/2/2013,Salary, ,30-49,121,4.03,0
8/1/2017,95726,F,37,Group D,FT,, ,East,7/23/2013,Salary, ,30-49,9,0.3,0
8/1/2017,95728,M,51,Group F,FT,, ,East,5/28/2003,Salary, ,50+,3718,123.93,0
8/1/2017,95730,F,29,Group D,FT,, ,East,6/24/2008,Salary, ,<30,1864,62.13,0
8/1/2017,95740,M,34,Group E,FT,, ,East,8/13/2008,Salary, ,30-49,1814,60.47,0
8/1/2017,95744,F,50,Group B,FT,, ,East,3/3/1987,Salary, ,50+,9648,321.6,0
8/1/2017,95752,F,31,Group D,FT,, ,East,12/1/2006,Salary, ,30-49,2435,81.17,0
8/1/2017,95754,M,57,Group G,FT,, ,East,6/6/2006,Salary, ,50+,2613,87.1,0
8/1/2017,95762,F,36,Group D,FT,, ,East,8/27/2008,Salary, ,30-49,1800,60,0
8/1/2017,95770,F,25,Group F,FT,, ,East,5/29/2013,Salary, ,<30,64,2.13,0
8/1/2017,95772,F,53,Group A,FT,, ,East,5/15/1984,Salary, ,50+,10670,355.67,0
8/1/2017,95782,F,41,Group E,FT,, ,East,9/17/2008,Salary, ,30-49,1779,59.3,0
8/1/2017,95784,M,42,Group F,FT,, ,East,7/17/2007,Salary, ,30-49,2207,73.57,0
8/1/2017,95788,F,51,Group G,FT,, ,East,1/5/2010,Salary, ,50+,1304,43.47,0
8/1/2017,95792,F,36,Group D,PT,,Yes,East,8/27/2013,Salary, ,30-49,0,0,0
8/1/2017,96180,M,25,Group E,FT,, ,East,1/29/2008,Hourly, ,<30,2011,67.03,0
8/1/2017,96218,F,31,Group A,PT,, ,East,7/30/2013,Hourly, ,30-49,2,0.07,0
8/1/2017,96236,F,33,Group A,FT,, ,East,10/11/2011,Hourly, ,30-49,660,22,0
8/1/2017,96352,F,22,Group E,FT,, ,East,2/13/2013,Hourly, ,<30,169,5.63,0
8/1/2017,96382,F,24,Group A,FT,, ,East,11/20/2007,Hourly, ,<30,2081,69.37,0
8/1/2017,96442,M,45,Group C,FT,, ,East,9/20/2005,Hourly, ,30-49,2872,95.73,0
8/1/2017,96764,F,35,Group E,FT,, ,East,7/13/2001,Hourly, ,30-49,4402,146.73,0
8/1/2017,97020,F,40,Group B,FT,, ,East,6/21/2002,Hourly, ,30-49,4059,135.3,0
8/1/2017,97038,F,25,Group E,FT,, ,East,10/2/2007,Hourly, ,<30,2130,71,0
8/1/2017,97052,F,49,Group A,FT,, ,East,5/14/2008,Hourly, ,30-49,1905,63.5,0
8/1/2017,97066,F,24,Group F,FT,, ,East,7/19/2011,Hourly, ,<30,744,24.8,0
8/1/2017,97198,M,24,Group A,PT,, ,East,10/24/2012,Hourly, ,<30,281,9.37,0
8/1/2017,97318,F,25,Group A,PT,, ,East,5/13/2009,Hourly, ,<30,1541,51.37,0
8/1/2017,97344,F,36,Group F,FT,, ,East,2/27/2003,Hourly, ,30-49,3808,126.93,0
8/1/2017,97546,F,59,Group E,FT,, ,East,7/24/2003,Hourly, ,50+,3661,122.03,0
8/1/2017,98080,F,31,Group A,FT,, ,East,10/9/2001,Hourly, ,30-49,4314,143.8,0
8/1/2017,98352,F,22,Group B,FT,, ,East,8/9/2011,Hourly, ,<30,723,24.1,0
8/1/2017,98432,F,31,Group E,FT,, ,East,4/5/2005,Hourly, ,30-49,3040,101.33,0
8/1/2017,114568,F,22,Group G,PT,8/1/2013, ,Midwest,7/31/2013,Hourly,Voluntary,<30,1,0.03,1
8/1/2017,114590,F,22,Group D,PT,8/2/2013, ,South,11/9/2012,Hourly,Voluntary,<30,266,8.87,0
8/1/2017,114642,F,42,Group C,PT,8/2/2013, ,North,7/31/2013,Hourly,Voluntary,30-49,2,0.07,1
8/1/2017,114658,M,16,Group A,PT,8/3/2013, ,North,7/31/2013,Hourly,Voluntary,<30,3,0.1,1
8/1/2017,114780,F,21,Group G,PT,8/4/2013, ,South,11/3/2011,Hourly,Voluntary,<30,640,21.33,0
8/1/2017,114818,M,46,Group C,PT,8/4/2013, ,Northwest,7/24/2013,Hourly,Voluntary,30-49,11,0.37,1
8/1/2017,114856,F,19,Group E,PT,8/5/2013, ,Midwest,6/27/2013,Hourly,Voluntary,<30,39,1.3,1
8/1/2017,114858,M,60,Group C,PT,8/5/2013, ,Midwest,7/31/2013,Hourly,Voluntary,50+,5,0.17,1
8/1/2017,114874,M,57,Group C,PT,8/5/2013, ,South,5/30/2013,Hourly,Voluntary,50+,67,2.23,0
8/1/2017,114902,M,71,Group C,PT,8/5/2013, ,Northwest,7/31/2013,Hourly,Voluntary,50+,5,0.17,1
8/1/2017,114910,F,18,Group D,PT,8/5/2013, ,South,7/31/2013,Hourly,Involuntary,<30,5,0.17,1
8/1/2017,115094,M,59,Group F,PT,8/8/2013, ,Northwest,5/9/2013,Hourly,Voluntary,50+,91,3.03,0
8/1/2017,115136,F,19,Group E,PT,8/9/2013,Yes,Northwest,8/1/2013,Hourly,Voluntary,<30,8,0.27,1
8/1/2017,115148,M,20,Group C,PT,8/9/2013, ,Northwest,4/4/2012,Hourly,Voluntary,<30,492,16.4,0
8/1/2017,115286,F,20,Group D,PT,8/10/2013, ,North,7/31/2013,Hourly,Voluntary,<30,10,0.33,1
8/1/2017,115288,F,22,Group B,FT,8/10/2013, ,East,5/21/2013,Hourly,Voluntary,<30,81,2.7,0
8/1/2017,115306,M,21,Group D,FT,8/10/2013, ,East,5/21/2013,Hourly,Involuntary,<30,81,2.7,0
8/1/2017,115376,M,38,Group E,PT,8/11/2013, ,West,8/18/2012,Hourly,Voluntary,30-49,358,11.93,0
8/1/2017,115382,M,20,Group G,PT,8/11/2013, ,Midwest,7/27/2013,Hourly,Voluntary,<30,15,0.5,1
8/1/2017,115388,M,48,Group E,PT,8/11/2013, ,Central,11/15/2012,Hourly,Voluntary,30-49,269,8.97,0
8/1/2017,115468,F,22,Group F,PT,8/12/2013, ,South,2/28/2013,Hourly,Voluntary,<30,165,5.5,0
8/1/2017,115526,F,23,Group E,PT,8/12/2013, ,North,7/30/2008,Hourly,Voluntary,<30,1839,61.3,0
8/1/2017,115538,M,18,Group D,PT,8/12/2013, ,West,7/31/2013,Hourly,Involuntary,<30,12,0.4,1
8/1/2017,115632,M,32,Group C,PT,8/13/2013, ,West,7/31/2013,Hourly,Voluntary,30-49,13,0.43,1
8/1/2017,115694,M,20,Group C,PT,8/14/2013,Yes,Central,8/1/2013,Hourly,Voluntary,<30,13,0.43,1
8/1/2017,115724,M,32,Group D,PT,8/15/2013, ,North,5/1/2013,Hourly,Voluntary,30-49,106,3.53,0
8/1/2017,115910,F,21,Group C,PT,8/17/2013, ,Midwest,7/27/2013,Hourly,Voluntary,<30,21,0.7,1
8/1/2017,115986,F,19,Group C,PT,8/17/2013, ,Northwest,7/24/2013,Hourly,Voluntary,<30,24,0.8,1
8/1/2017,115994,F,20,Group E,PT,8/17/2013, ,North,4/12/2012,Hourly,Involuntary,<30,492,16.4,0
8/1/2017,116032,F,26,Group F,FT,8/18/2013, ,North,5/10/2006,Hourly,Voluntary,<30,2657,88.57,0
8/1/2017,116048,F,43,Group C,PT,8/18/2013, ,Midwest,7/31/2013,Hourly,Voluntary,30-49,18,0.6,1
8/1/2017,116120,M,20,Group F,PT,8/18/2013, ,North,7/30/2013,Hourly,Voluntary,<30,19,0.63,1
8/1/2017,116124,F,19,Group B,PT,8/18/2013, ,Central,6/5/2013,Hourly,Voluntary,<30,74,2.47,0
8/1/2017,116134,M,21,Group E,PT,8/18/2013, ,Northwest,2/28/2013,Hourly,Involuntary,<30,171,5.7,0
8/1/2017,116200,F,22,Group C,PT,8/19/2013, ,North,7/4/2013,Hourly,Voluntary,<30,46,1.53,1
8/1/2017,116306,M,21,Group C,PT,8/21/2013, ,Midwest,7/31/2013,Hourly,Voluntary,<30,21,0.7,1
8/1/2017,116336,F,52,Group G,FT,8/21/2013, ,North,8/11/2012,Hourly,Involuntary,50+,375,12.5,0
8/1/2017,116342,M,23,Group A,PT,8/21/2013, ,South,7/31/2013,Hourly,Involuntary,<30,21,0.7,1
8/1/2017,116478,F,62,Group A,PT,8/23/2013, ,South,7/31/2013,Hourly,Voluntary,50+,23,0.77,1
8/1/2017,116626,F,22,Group G,PT,8/24/2013, ,South,7/24/2013,Hourly,Voluntary,<30,31,1.03,1
8/1/2017,116712,F,17,Group E,PT,8/25/2013, ,Northwest,7/30/2013,Hourly,Involuntary,<30,26,0.87,1
8/1/2017,116714,F,22,Group C,PT,8/25/2013, ,Central,6/19/2013,Hourly,Voluntary,<30,67,2.23,0
8/1/2017,116728,F,20,Group F,PT,8/25/2013, ,Midwest,7/31/2013,Hourly,Voluntary,<30,25,0.83,1
8/1/2017,116758,M,36,Group A,FT,8/25/2013, ,Midwest,11/28/2012,Hourly,Involuntary,30-49,270,9,0
8/1/2017,116848,M,43,Group G,PT,8/26/2013,Yes,Northwest,8/1/2013,Hourly,Voluntary,30-49,25,0.83,1
8/1/2017,116866,F,17,Group D,PT,8/27/2013,Yes,Northwest,8/27/2013,Hourly,Voluntary,<30,0,0,1
8/1/2017,116886,M,40,Group B,PT,8/27/2013, ,Central,7/30/2013,Hourly,Involuntary,30-49,28,0.93,1
8/1/2017,116894,F,23,Group D,PT,8/27/2013,Yes,East,8/27/2013,Hourly,Voluntary,<30,0,0,1
8/1/2017,116902,M,33,Group B,PT,8/27/2013,Yes,Central,8/27/2013,Hourly,Involuntary,30-49,0,0,1
8/1/2017,116914,M,20,Group F,PT,8/28/2013, ,Northwest,7/31/2013,Hourly,Voluntary,<30,28,0.93,1
8/1/2017,116940,F,56,Group C,PT,8/28/2013,Yes,East,8/28/2013,Hourly,Voluntary,50+,0,0,1
8/1/2017,116944,F,27,Group C,PT,8/28/2013,Yes,East,8/28/2013,Hourly,Involuntary,<30,0,0,1
8/1/2017,116956,F,25,Group D,PT,8/28/2013, ,Midwest,7/31/2013,Hourly,Involuntary,<30,28,0.93,1
8/1/2017,116974,F,21,Group A,PT,8/28/2013, ,Northwest,7/31/2013,Hourly,Involuntary,<30,28,0.93,1
8/1/2017,116978,M,19,Group D,PT,8/29/2013, ,South,6/7/2013,Hourly,Voluntary,<30,83,2.77,0
8/1/2017,116996,F,22,Group A,PT,8/29/2013, ,South,6/15/2011,Hourly,Voluntary,<30,806,26.87,0
8/1/2017,117016,F,19,Group E,PT,8/29/2013,Yes,East,8/27/2013,Hourly,Voluntary,<30,2,0.07,1
8/1/2017,117028,M,21,Group B,PT,8/29/2013, ,South,7/30/2013,Hourly,Involuntary,<30,30,1,1
8/1/2017,117042,F,19,Group B,PT,8/29/2013, ,South,12/13/2011,Hourly,Involuntary,<30,625,20.83,0
8/1/2017,117068,M,63,Group B,PT,8/30/2013,Yes,South,8/27/2013,Hourly,Voluntary,50+,3,0.1,1
8/1/2017,117074,F,38,Group C,PT,8/30/2013,Yes,Central,8/30/2013,Hourly,Voluntary,30-49,0,0,1
8/1/2017,117078,M,28,Group B,PT,8/30/2013,Yes,South,8/1/2013,Hourly,Voluntary,<30,29,0.97,1
8/1/2017,117086,F,23,Group F,PT,8/30/2013,Yes,South,8/28/2013,Hourly,Voluntary,<30,2,0.07,1
8/1/2017,117112,F,32,Group C,PT,8/30/2013,Yes,Northwest,8/29/2013,Hourly,Voluntary,30-49,1,0.03,1
8/1/2017,117140,F,14,Group D,PT,8/31/2013,Yes,Midwest,8/28/2013,Hourly,Voluntary,<30,3,0.1,1
8/1/2017,117148,M,44,Group C,PT,8/31/2013,Yes,Central,8/27/2013,Hourly,Voluntary,30-49,4,0.13,1
8/1/2017,117154,F,23,Group A,PT,8/31/2013, ,Northwest,6/11/2013,Hourly,Voluntary,<30,81,2.7,0
8/1/2017,117154,F,23,Group A,PT,, ,Northwest,6/11/2013,Hourly, ,<30,51,1.7,0
8/1/2017,117162,F,20,Group C,PT,8/31/2013,Yes,North,8/8/2013,Hourly,Voluntary,<30,23,0.77,1
8/1/2017,117162,F,20,Group C,PT,,Yes,North,8/8/2013,Hourly, ,<30,0,0,0
8/1/2017,117172,M,28,Group A,PT,8/31/2013,Yes,West,8/31/2013,Hourly,Voluntary,<30,0,0,1
8/1/2017,117194,M,20,Group G,PT,8/31/2013,Yes,Central,8/30/2013,Hourly,Voluntary,<30,1,0.03,1
8/1/2017,117244,F,18,Group D,PT,8/31/2013, ,South,7/30/2013,Hourly,Involuntary,<30,32,1.07,1
8/1/2017,117250,M,22,Group E,PT,8/31/2013,Yes,Midwest,8/27/2013,Hourly,Voluntary,<30,4,0.13,1
8/1/2017,117376,M,45,Group B,PT,,Yes,North,8/7/2013,Hourly, ,30-49,0,0,0
8/1/2017,117476,M,64,Group A,PT,, ,Northwest,5/2/2012,Hourly, ,50+,456,15.2,0
8/1/2017,117490,M,22,Group F,PT,, ,West,7/5/2013,Hourly, ,<30,27,0.9,0
8/1/2017,117500,F,19,Group B,PT,, ,North,6/21/2013,Hourly, ,<30,41,1.37,0
8/1/2017,117582,M,20,Group D,PT,, ,South,6/6/2013,Hourly, ,<30,56,1.87,0
8/1/2017,117684,F,22,Group F,PT,,Yes,North,8/9/2013,Hourly, ,<30,0,0,0
8/1/2017,117710,M,26,Group F,PT,,Yes,Northwest,8/1/2013,Hourly, ,<30,0,0,0
8/1/2017,117760,F,47,Group A,FT,, ,East,9/6/2012,Salary, ,30-49,329,10.97,0
8/1/2017,118186,F,31,Group G,PT,,Yes,Northwest,8/14/2013,Hourly, ,30-49,0,0,0
8/1/2017,118334,M,20,Group C,PT,, ,Midwest,7/25/2013,Hourly, ,<30,7,0.23,0
8/1/2017,118346,M,36,Group F,PT,, ,West,11/14/2012,Hourly, ,30-49,260,8.67,0
8/1/2017,118466,M,20,Group E,PT,, ,South,9/20/2012,Hourly, ,<30,315,10.5,0
8/1/2017,118602,F,25,Group G,PT,, ,Northwest,4/15/2012,Hourly, ,<30,473,15.77,0
8/1/2017,118612,F,21,Group F,PT,,Yes,Northwest,8/6/2013,Hourly, ,<30,0,0,0
8/1/2017,118718,F,25,Group F,PT,, ,South,9/18/2012,Hourly, ,<30,317,10.57,0
8/1/2017,118790,M,36,Group A,PT,,Yes,Northwest,8/16/2013,Hourly, ,30-49,0,0,0
8/1/2017,118850,F,21,Group G,PT,, ,Northwest,4/13/2012,Hourly, ,<30,475,15.83,0
8/1/2017,118880,F,45,Group G,PT,, ,Northwest,7/31/2013,Hourly, ,30-49,1,0.03,0
8/1/2017,119098,M,40,Group B,PT,, ,Central,9/6/2007,Hourly, ,30-49,2156,71.87,0
8/1/2017,119116,M,23,Group G,PT,,Yes,Central,8/28/2013,Hourly, ,<30,0,0,0
8/1/2017,119150,M,22,Group D,PT,, ,Central,11/30/2012,Hourly, ,<30,244,8.13,0
8/1/2017,119162,M,30,Group D,FT,, ,West,8/30/2011,Hourly, ,30-49,702,23.4,0
8/1/2017,119268,M,20,Group E,PT,, ,West,7/6/2013,Hourly, ,<30,26,0.87,0
8/1/2017,119348,F,22,Group B,PT,,Yes,North,8/16/2013,Hourly, ,<30,0,0,0
8/1/2017,119392,F,21,Group D,PT,, ,Midwest,9/9/2012,Hourly, ,<30,326,10.87,0
8/1/2017,119472,M,22,Group G,PT,,Yes,South,8/10/2013,Hourly, ,<30,0,0,0
8/1/2017,119528,M,19,Group A,PT,, ,Central,6/13/2012,Hourly, ,<30,414,13.8,0
8/1/2017,119550,M,74,Group G,FT,, ,Central,2/28/2007,Hourly, ,50+,2346,78.2,0
8/1/2017,119626,F,26,Group G,FT,,Yes,East,8/24/2013,Hourly, ,<30,0,0,0
8/1/2017,119750,F,24,Group A,PT,,Yes,Northwest,8/16/2013,Hourly, ,<30,0,0,0
8/1/2017,120260,F,18,Group D,PT,, ,North,6/4/2013,Hourly, ,<30,58,1.93,0
8/1/2017,120280,M,22,Group B,PT,,Yes,Northwest,8/22/2013,Hourly, ,<30,0,0,0
8/1/2017,120366,F,28,Group C,PT,, ,North,7/10/2013,Hourly, ,<30,22,0.73,0
8/1/2017,120380,M,25,Group D,PT,, ,Northwest,5/26/2011,Hourly, ,<30,798,26.6,0
8/1/2017,120444,M,21,Group F,PT,, ,North,2/8/2012,Hourly, ,<30,540,18,0
8/1/2017,120488,M,23,Group E,PT,, ,Northwest,4/4/2013,Hourly, ,<30,119,3.97,0
8/1/2017,120656,F,33,Group C,FT,, ,East,6/16/2001,Hourly, ,30-49,4429,147.63,0
8/1/2017,120676,M,26,Group G,PT,, ,Northwest,7/11/2013,Hourly, ,<30,21,0.7,0
8/1/2017,120794,F,33,Group C,FT,, ,East,10/19/2011,Hourly, ,30-49,652,21.73,0
8/1/2017,120904,M,23,Group F,PT,,Yes,East,8/20/2013,Hourly, ,<30,0,0,0
8/1/2017,121050,M,22,Group G,PT,, ,Northwest,7/15/2010,Hourly, ,<30,1113,37.1,0
8/1/2017,121194,F,21,Group G,PT,, ,South,7/18/2013,Hourly, ,<30,14,0.47,0
8/1/2017,121214,F,24,Group D,PT,, ,Central,7/17/2013,Hourly, ,<30,15,0.5,0
8/1/2017,121406,F,26,Group F,PT,,Yes,Northwest,8/28/2013,Hourly, ,<30,0,0,0
8/1/2017,121408,F,19,Group D,PT,,Yes,South,8/7/2013,Hourly, ,<30,0,0,0
8/1/2017,121460,F,20,Group G,PT,, ,Northwest,6/21/2013,Hourly, ,<30,41,1.37,0
8/1/2017,121520,F,19,Group B,PT,,Yes,South,8/21/2013,Hourly, ,<30,0,0,0
8/1/2017,121666,M,23,Group F,PT,, ,North,7/31/2013,Hourly, ,<30,1,0.03,0
8/1/2017,121964,M,31,Group D,PT,, ,Northwest,4/4/2013,Hourly, ,30-49,119,3.97,0
8/1/2017,121988,F,19,Group G,PT,, ,Midwest,3/21/2013,Hourly, ,<30,133,4.43,0
8/1/2017,122382,F,18,Group C,PT,, ,Central,6/21/2013,Hourly, ,<30,41,1.37,0
8/1/2017,122424,F,19,Group E,PT,,Yes,Northwest,8/15/2013,Hourly, ,<30,0,0,0
8/1/2017,122458,M,22,Group E,PT,,Yes,South,8/15/2013,Hourly, ,<30,0,0,0
8/1/2017,122522,F,22,Group A,PT,, ,Midwest,6/19/2013,Hourly, ,<30,43,1.43,0
8/1/2017,122754,M,30,Group D,PT,, ,South,2/9/2013,Hourly, ,30-49,173,5.77,0
8/1/2017,122814,M,21,Group C,PT,, ,South,8/4/2011,Hourly, ,<30,728,24.27,0
8/1/2017,122858,F,19,Group C,PT,, ,North,2/9/2012,Hourly, ,<30,539,17.97,0
8/1/2017,122978,M,26,Group B,PT,, ,Central,5/22/2013,Hourly, ,<30,71,2.37,0
8/1/2017,123164,M,20,Group E,PT,, ,Northwest,10/3/2011,Hourly, ,<30,668,22.27,0
8/1/2017,123298,F,24,Group D,FT,, ,Northwest,10/3/2006,Hourly, ,<30,2494,83.13,0
8/1/2017,123546,M,19,Group E,PT,,Yes,Northwest,8/28/2013,Hourly, ,<30,0,0,0
