Date,EmpID,Gender,Age,EthnicGroup,FP,TermDate,isNewHire,BU Region,HireDate,PayType,TermReason,AgeGroup,TenureDays,TenureMonths,BadHires
10/1/2018,190,F,27,Group A,PT,10/20/2014, ,North,9/27/2014,Hourly,Voluntary,<30,23,0.77,1
10/1/2018,1568,M,20,Group F,PT,, ,North,8/21/2014,Hourly, ,<30,41,1.37,0
10/1/2018,1940,M,19,Group E,PT,, ,North,7/25/2014,Hourly, ,<30,68,2.27,0
10/1/2018,1976,M,43,Group A,PT,10/10/2014, ,North,9/20/2013,Hourly,Voluntary,30-49,385,12.83,0
10/1/2018,2198,M,24,Group F,PT,10/31/2014,Yes,Midwest,10/28/2014,Hourly,Voluntary,<30,3,0.1,1
10/1/2018,3004,M,37,Group C,PT,10/18/2014,Yes,Midwest,10/1/2014,Hourly,Voluntary,30-49,17,0.57,1
10/1/2018,3034,M,42,Group A,PT,10/15/2014,Yes,Midwest,10/1/2014,Hourly,Voluntary,30-49,14,0.47,1
10/1/2018,3104,F,19,Group F,PT,10/28/2014,Yes,Midwest,10/28/2014,Hourly,Voluntary,<30,0,0,1
10/1/2018,3326,M,29,Group E,PT,10/5/2014, ,Midwest,6/27/2014,Hourly,Voluntary,<30,100,3.33,0
10/1/2018,3504,F,26,Group C,PT,10/12/2014,Yes,Midwest,10/1/2014,Hourly,Voluntary,<30,11,0.37,1
10/1/2018,3802,M,31,Group A,PT,, ,South,9/13/2014,Hourly, ,30-49,18,0.6,0
10/1/2018,3804,M,19,Group D,PT,10/19/2014, ,South,9/13/2014,Hourly,Voluntary,<30,36,1.2,1
10/1/2018,3886,F,24,Group A,PT,10/13/2014,Yes,South,10/1/2014,Hourly,Voluntary,<30,12,0.4,1
10/1/2018,4014,F,24,Group C,PT,10/8/2014, ,South,6/1/2014,Hourly,Voluntary,<30,129,4.3,0
10/1/2018,4132,F,18,Group C,PT,, ,South,9/5/2014,Hourly, ,<30,26,0.87,0
10/1/2018,4434,M,21,Group G,PT,,Yes,South,10/24/2014,Hourly, ,<30,0,0,0
10/1/2018,4580,M,23,Group G,PT,10/18/2014, ,South,9/11/2014,Hourly,Voluntary,<30,37,1.23,1
10/1/2018,4928,M,18,Group E,PT,10/12/2014, ,South,9/30/2014,Hourly,Voluntary,<30,12,0.4,1
10/1/2018,4950,M,18,Group F,PT,10/16/2014, ,South,8/28/2014,Hourly,Voluntary,<30,49,1.63,1
10/1/2018,5064,M,29,Group G,PT,10/29/2014, ,South,5/21/2014,Hourly,Voluntary,<30,161,5.37,0
10/1/2018,5088,M,53,Group B,PT,, ,South,6/4/2014,Hourly, ,50+,119,3.97,0
10/1/2018,5202,M,25,Group E,PT,10/23/2014, ,North,8/12/2010,Hourly,Voluntary,<30,1533,51.1,0
10/1/2018,5268,M,20,Group A,PT,10/30/2014, ,North,8/16/2013,Hourly,Voluntary,<30,440,14.67,0
10/1/2018,5330,M,20,Group B,PT,10/9/2014,Yes,Midwest,10/1/2014,Hourly,Voluntary,<30,8,0.27,1
10/1/2018,5744,F,64,Group A,PT,10/31/2014,Yes,Midwest,10/27/2014,Hourly,Voluntary,50+,4,0.13,1
10/1/2018,5804,M,21,Group C,PT,10/1/2014,Yes,Midwest,10/1/2014,Hourly,Voluntary,<30,0,0,1
10/1/2018,5948,M,52,Group D,PT,10/19/2014,Yes,Midwest,10/1/2014,Hourly,Voluntary,50+,18,0.6,1
10/1/2018,6160,F,35,Group A,PT,10/10/2014,Yes,North,10/1/2014,Hourly,Voluntary,30-49,9,0.3,1
10/1/2018,6424,F,18,Group G,PT,10/29/2014,Yes,North,10/29/2014,Hourly,Voluntary,<30,0,0,1
10/1/2018,6626,F,69,Group C,PT,10/4/2014,Yes,North,10/1/2014,Hourly,Voluntary,50+,3,0.1,1
10/1/2018,6998,F,24,Group F,PT,10/18/2014, ,South,8/29/2014,Hourly,Involuntary,<30,50,1.67,1
10/1/2018,7004,F,18,Group D,PT,, ,Midwest,8/5/2014,Hourly, ,<30,57,1.9,0
10/1/2018,7208,F,19,Group D,PT,10/28/2014,Yes,North,10/28/2014,Hourly,Voluntary,<30,0,0,1
10/1/2018,7222,M,19,Group E,PT,10/3/2014,Yes,North,10/1/2014,Hourly,Involuntary,<30,2,0.07,1
10/1/2018,7694,M,18,Group D,PT,, ,Midwest,8/21/2014,Hourly, ,<30,41,1.37,0
10/1/2018,7736,M,19,Group C,PT,10/16/2014,Yes,Midwest,10/1/2014,Hourly,Voluntary,<30,15,0.5,1
10/1/2018,8078,F,20,Group D,PT,10/18/2014,Yes,Midwest,10/1/2014,Hourly,Voluntary,<30,17,0.57,1
10/1/2018,8902,F,19,Group C,PT,10/28/2014, ,North,8/13/2014,Hourly,Involuntary,<30,76,2.53,0
10/1/2018,8960,M,33,Group F,PT,10/1/2014, ,North,7/18/2014,Hourly,Involuntary,30-49,75,2.5,0
10/1/2018,8996,M,29,Group D,PT,10/24/2014, ,North,9/30/2014,Hourly,Involuntary,<30,24,0.8,1
10/1/2018,9202,F,24,Group G,PT,,Yes,North,10/16/2014,Hourly, ,<30,0,0,0
10/1/2018,9518,M,18,Group F,PT,,Yes,North,10/4/2014,Hourly, ,<30,0,0,0
10/1/2018,10034,F,19,Group B,PT,10/31/2014, ,North,7/24/2014,Hourly,Voluntary,<30,99,3.3,0
10/1/2018,10034,F,19,Group B,PT,, ,North,7/24/2014,Hourly, ,<30,69,2.3,0
10/1/2018,10074,M,26,Group A,PT,, ,North,8/23/2014,Hourly, ,<30,39,1.3,0
10/1/2018,10220,M,29,Group G,PT,10/17/2014, ,North,8/15/2014,Hourly,Involuntary,<30,63,2.1,0
10/1/2018,10580,F,20,Group B,PT,, ,South,8/7/2014,Hourly, ,<30,55,1.83,0
10/1/2018,10842,F,37,Group F,PT,10/20/2014, ,South,7/10/2014,Hourly,Involuntary,30-49,102,3.4,0
10/1/2018,10854,F,20,Group G,PT,10/11/2014, ,South,10/31/2013,Hourly,Involuntary,<30,345,11.5,0
10/1/2018,10908,M,18,Group A,PT,10/6/2014, ,South,9/9/2014,Hourly,Voluntary,<30,27,0.9,1
10/1/2018,10990,M,50,Group F,PT,, ,South,5/29/2014,Hourly, ,50+,125,4.17,0
10/1/2018,11350,M,48,Group B,PT,10/20/2014, ,South,7/10/2014,Hourly,Voluntary,30-49,102,3.4,0
10/1/2018,11514,F,19,Group F,PT,10/31/2014,Yes,South,10/1/2014,Hourly,Involuntary,<30,30,1,1
10/1/2018,11780,M,38,Group B,PT,, ,South,8/28/2014,Hourly, ,30-49,34,1.13,0
10/1/2018,12002,M,20,Group E,PT,10/27/2014, ,South,9/27/2014,Hourly,Involuntary,<30,30,1,1
10/1/2018,12026,M,22,Group E,PT,, ,South,8/14/2014,Hourly, ,<30,48,1.6,0
10/1/2018,12030,F,26,Group B,PT,10/10/2014,Yes,South,10/1/2014,Hourly,Involuntary,<30,9,0.3,1
10/1/2018,12356,M,51,Group G,PT,10/25/2014, ,South,9/30/2014,Hourly,Involuntary,50+,25,0.83,1
10/1/2018,13062,F,58,Group A,PT,10/25/2014,Yes,East,10/23/2014,Hourly,Involuntary,50+,2,0.07,1
10/1/2018,13474,M,19,Group D,PT,, ,West,9/16/2014,Hourly, ,<30,15,0.5,0
10/1/2018,13630,F,16,Group C,PT,10/24/2014,Yes,Northwest,10/24/2014,Hourly,Involuntary,<30,0,0,1
10/1/2018,13734,M,20,Group C,PT,, ,Northwest,9/5/2014,Hourly, ,<30,26,0.87,0
10/1/2018,13834,M,28,Group C,PT,, ,Central,9/9/2014,Hourly, ,<30,22,0.73,0
10/1/2018,13918,M,22,Group E,PT,10/21/2014,Yes,West,10/1/2014,Hourly,Involuntary,<30,20,0.67,1
10/1/2018,14244,M,34,Group B,PT,10/18/2014, ,West,9/24/2014,Hourly,Involuntary,30-49,24,0.8,1
10/1/2018,14246,M,19,Group A,PT,, ,West,9/18/2014,Hourly, ,<30,13,0.43,0
10/1/2018,14390,M,21,Group G,PT,10/10/2014,Yes,Northwest,10/1/2014,Hourly,Involuntary,<30,9,0.3,1
10/1/2018,14486,M,18,Group F,PT,10/19/2014, ,Northwest,9/17/2014,Hourly,Involuntary,<30,32,1.07,1
10/1/2018,14554,M,57,Group E,PT,10/19/2014,Yes,Central,10/1/2014,Hourly,Involuntary,50+,18,0.6,1
10/1/2018,14562,M,20,Group B,PT,10/7/2014, ,Central,8/26/2014,Hourly,Involuntary,<30,42,1.4,1
10/1/2018,14648,F,22,Group A,PT,10/27/2014, ,Central,9/24/2014,Hourly,Involuntary,<30,33,1.1,1
10/1/2018,14720,M,19,Group D,PT,,Yes,East,10/16/2014,Hourly, ,<30,0,0,0
10/1/2018,14850,F,25,Group D,PT,10/28/2014, ,East,9/30/2014,Hourly,Voluntary,<30,28,0.93,1
10/1/2018,15040,F,20,Group E,PT,,Yes,East,10/14/2014,Hourly, ,<30,0,0,0
10/1/2018,15046,F,25,Group B,PT,10/10/2014, ,East,9/30/2014,Hourly,Voluntary,<30,10,0.33,1
10/1/2018,15410,M,25,Group B,PT,10/10/2014, ,Central,9/13/2014,Hourly,Voluntary,<30,27,0.9,1
10/1/2018,15568,M,24,Group A,PT,10/8/2014,Yes,Central,10/1/2014,Hourly,Voluntary,<30,7,0.23,1
10/1/2018,15580,M,37,Group D,PT,10/4/2014,Yes,Central,10/1/2014,Hourly,Voluntary,30-49,3,0.1,1
10/1/2018,16048,M,21,Group F,PT,10/24/2014,Yes,Northwest,10/24/2014,Hourly,Voluntary,<30,0,0,1
10/1/2018,16372,M,37,Group E,PT,10/15/2014,Yes,West,10/1/2014,Hourly,Voluntary,30-49,14,0.47,1
10/1/2018,16380,M,27,Group E,PT,10/31/2014,Yes,West,10/1/2014,Hourly,Voluntary,<30,30,1,1
10/1/2018,16414,M,49,Group F,PT,10/4/2014, ,Northwest,7/11/2014,Hourly,Voluntary,30-49,85,2.83,0
10/1/2018,16418,M,18,Group G,PT,10/12/2014, ,Northwest,9/12/2014,Hourly,Voluntary,<30,30,1,1
10/1/2018,16474,M,26,Group E,PT,10/12/2014,Yes,Northwest,10/1/2014,Hourly,Voluntary,<30,11,0.37,1
10/1/2018,16582,F,30,Group D,PT,10/29/2014,Yes,Midwest,10/24/2014,Hourly,Voluntary,30-49,5,0.17,1
10/1/2018,16588,F,17,Group E,PT,10/31/2014, ,Central,9/27/2014,Hourly,Voluntary,<30,34,1.13,1
10/1/2018,16600,F,53,Group C,PT,10/30/2014,Yes,Central,10/30/2014,Hourly,Voluntary,50+,0,0,1
10/1/2018,17006,M,20,Group B,PT,, ,West,9/26/2014,Hourly, ,<30,5,0.17,0
10/1/2018,17362,F,29,Group B,FT,10/2/2014, ,East,12/20/2011,Hourly,Voluntary,<30,1017,33.9,0
10/1/2018,17574,F,31,Group C,PT,10/4/2014, ,East,9/30/2014,Hourly,Voluntary,30-49,4,0.13,1
10/1/2018,17774,M,28,Group G,PT,10/10/2014,Yes,Northwest,10/1/2014,Hourly,Voluntary,<30,9,0.3,1
10/1/2018,18006,F,18,Group E,PT,, ,Northwest,6/7/2014,Hourly, ,<30,116,3.87,0
10/1/2018,18024,M,53,Group C,PT,, ,Northwest,8/5/2014,Hourly, ,50+,57,1.9,0
10/1/2018,18264,F,19,Group D,PT,10/10/2014, ,West,9/4/2014,Hourly,Voluntary,<30,36,1.2,1
10/1/2018,18466,F,45,Group G,PT,10/7/2014,Yes,Northwest,10/1/2014,Hourly,Voluntary,30-49,6,0.2,1
10/1/2018,18940,F,24,Group C,PT,10/9/2014, ,West,8/22/2014,Hourly,Involuntary,<30,48,1.6,1
10/1/2018,18994,F,21,Group B,FT,, ,Northwest,9/9/2013,Hourly, ,<30,387,12.9,0
10/1/2018,19108,F,21,Group B,PT,10/2/2014,Yes,Northwest,10/1/2014,Hourly,Voluntary,<30,1,0.03,1
10/1/2018,19376,M,19,Group C,PT,, ,Central,10/3/2013,Hourly, ,<30,363,12.1,0
10/1/2018,19406,F,24,Group B,PT,10/31/2014,Yes,Central,10/23/2014,Hourly,Involuntary,<30,8,0.27,1
10/1/2018,19418,M,20,Group G,PT,, ,Central,9/24/2014,Hourly, ,<30,7,0.23,0
10/1/2018,19442,M,22,Group D,PT,, ,Central,6/17/2014,Hourly, ,<30,106,3.53,0
10/1/2018,19556,M,20,Group E,PT,10/25/2014,Yes,Central,10/23/2014,Hourly,Voluntary,<30,2,0.07,1
10/1/2018,19598,F,19,Group G,PT,10/10/2014, ,Northwest,2/13/2014,Hourly,Involuntary,<30,239,7.97,0
10/1/2018,19870,M,24,Group A,PT,10/12/2014, ,Northwest,10/24/2013,Hourly,Involuntary,<30,353,11.77,0
10/1/2018,20270,M,42,Group F,PT,,Yes,Northwest,10/3/2014,Hourly, ,30-49,0,0,0
10/1/2018,20430,M,23,Group B,PT,10/31/2014, ,Central,9/3/2014,Hourly,Involuntary,<30,58,1.93,1
10/1/2018,20430,M,23,Group B,PT,, ,Central,9/3/2014,Hourly, ,<30,28,0.93,0
10/1/2018,20486,M,52,Group A,PT,10/29/2014,Yes,Central,10/28/2014,Hourly,Voluntary,50+,1,0.03,1
10/1/2018,21046,M,20,Group F,PT,, ,Central,7/30/2014,Hourly, ,<30,63,2.1,0
10/1/2018,21628,F,20,Group G,PT,10/10/2014, ,Northwest,6/12/2014,Hourly,Voluntary,<30,120,4,0
10/1/2018,21630,F,19,Group B,PT,, ,South,10/18/2013,Hourly, ,<30,348,11.6,0
10/1/2018,21870,F,21,Group C,PT,, ,North,9/13/2013,Hourly, ,<30,383,12.77,0
10/1/2018,21990,M,17,Group E,PT,, ,Midwest,8/20/2014,Hourly, ,<30,42,1.4,0
10/1/2018,22208,F,48,Group A,FT,,Yes,Central,10/17/2014,Salary, ,30-49,0,0,0
10/1/2018,22522,F,21,Group E,PT,10/10/2014, ,East,9/30/2014,Hourly,Voluntary,<30,10,0.33,1
10/1/2018,22606,F,28,Group F,PT,10/30/2014,Yes,Midwest,10/23/2014,Hourly,Voluntary,<30,7,0.23,1
10/1/2018,24502,F,23,Group F,PT,10/28/2014, ,East,9/17/2013,Hourly,Voluntary,<30,406,13.53,0
10/1/2018,24700,F,21,Group F,FT,10/16/2014, ,East,5/7/2014,Hourly,Voluntary,<30,162,5.4,0
10/1/2018,24994,M,21,Group B,PT,10/4/2014, ,Northwest,11/19/2013,Hourly,Voluntary,<30,319,10.63,0
10/1/2018,25012,M,26,Group G,PT,10/31/2014,Yes,Northwest,10/31/2014,Hourly,Voluntary,<30,0,0,1
10/1/2018,25044,F,20,Group G,PT,10/30/2014, ,Central,6/21/2013,Hourly,Voluntary,<30,496,16.53,0
10/1/2018,25180,F,45,Group C,PT,10/6/2014,Yes,North,10/1/2014,Hourly,Voluntary,30-49,5,0.17,1
10/1/2018,26232,M,21,Group E,PT,10/5/2014, ,Northwest,6/13/2014,Hourly,Voluntary,<30,114,3.8,0
10/1/2018,26870,M,35,Group A,PT,, ,Central,9/3/2014,Hourly, ,30-49,28,0.93,0
10/1/2018,27218,M,30,Group E,PT,10/29/2014,Yes,North,10/28/2014,Hourly,Voluntary,30-49,1,0.03,1
10/1/2018,27676,F,21,Group A,PT,, ,East,3/11/2014,Hourly, ,<30,204,6.8,0
10/1/2018,28010,F,21,Group D,PT,10/1/2014,Yes,Central,10/1/2014,Hourly,Voluntary,<30,0,0,1
10/1/2018,28066,M,29,Group F,PT,10/1/2014, ,Northwest,4/30/2014,Hourly,Voluntary,<30,154,5.13,0
10/1/2018,28076,M,21,Group E,PT,, ,Northwest,9/27/2014,Hourly, ,<30,4,0.13,0
10/1/2018,28394,F,19,Group F,PT,10/14/2014, ,West,8/27/2014,Hourly,Voluntary,<30,48,1.6,1
10/1/2018,28738,F,23,Group G,PT,, ,Central,9/16/2012,Hourly, ,<30,745,24.83,0
10/1/2018,28758,M,22,Group A,PT,10/3/2014, ,West,1/7/2014,Hourly,Voluntary,<30,269,8.97,0
10/1/2018,29040,F,22,Group A,PT,10/23/2014,Yes,West,10/23/2014,Hourly,Voluntary,<30,0,0,1
10/1/2018,29044,M,46,Group C,PT,, ,West,6/5/2014,Hourly, ,30-49,118,3.93,0
10/1/2018,29378,M,57,Group D,PT,10/30/2014,Yes,West,10/30/2014,Hourly,Voluntary,50+,0,0,1
10/1/2018,29416,M,24,Group A,PT,, ,West,8/21/2014,Hourly, ,<30,41,1.37,0
10/1/2018,29830,F,20,Group B,PT,10/12/2014, ,Central,6/4/2014,Hourly,Voluntary,<30,130,4.33,0
10/1/2018,29840,M,45,Group F,PT,10/25/2014, ,Central,9/13/2014,Hourly,Voluntary,30-49,42,1.4,1
10/1/2018,30026,M,20,Group A,PT,10/30/2014,Yes,Central,10/30/2014,Hourly,Voluntary,<30,0,0,1
10/1/2018,30260,M,26,Group A,PT,10/17/2014, ,Northwest,6/18/2014,Hourly,Voluntary,<30,121,4.03,0
10/1/2018,30902,M,25,Group F,PT,10/29/2014, ,Northwest,8/16/2014,Hourly,Voluntary,<30,74,2.47,0
10/1/2018,30924,M,28,Group G,PT,10/13/2014, ,Northwest,5/7/2014,Hourly,Voluntary,<30,159,5.3,0
10/1/2018,30950,M,20,Group C,PT,, ,Northwest,7/30/2014,Hourly, ,<30,63,2.1,0
10/1/2018,31772,M,52,Group C,PT,, ,West,8/21/2014,Hourly, ,50+,41,1.37,0
10/1/2018,32024,M,17,Group E,PT,, ,Central,6/25/2014,Hourly, ,<30,98,3.27,0
10/1/2018,32058,F,72,Group E,PT,10/30/2014,Yes,Midwest,10/23/2014,Hourly,Voluntary,50+,7,0.23,1
10/1/2018,32066,M,17,Group E,PT,10/12/2014, ,Northwest,9/30/2014,Hourly,Voluntary,<30,12,0.4,1
10/1/2018,33310,M,23,Group D,FT,10/2/2014, ,East,6/25/2013,Salary,Voluntary,<30,464,15.47,0
10/1/2018,40390,F,56,Group G,PT,, ,North,6/20/2014,Hourly, ,50+,103,3.43,0
10/1/2018,40404,F,19,Group A,PT,, ,North,6/26/2014,Hourly, ,<30,97,3.23,0
10/1/2018,40406,M,49,Group B,FT,, ,North,4/9/2005,Hourly, ,30-49,3462,115.4,0
10/1/2018,40416,F,20,Group C,FT,, ,North,5/21/2013,Hourly, ,<30,498,16.6,0
10/1/2018,40418,M,21,Group D,PT,, ,North,7/8/2014,Hourly, ,<30,85,2.83,0
10/1/2018,40428,M,29,Group D,PT,, ,North,8/27/2014,Hourly, ,<30,35,1.17,0
10/1/2018,40434,M,56,Group E,FT,, ,North,8/16/2012,Hourly, ,50+,776,25.87,0
10/1/2018,40440,F,20,Group G,PT,,Yes,North,10/1/2014,Hourly, ,<30,0,0,0
10/1/2018,40442,M,19,Group G,PT,, ,North,3/5/2014,Hourly, ,<30,210,7,0
10/1/2018,40452,M,47,Group A,PT,, ,North,10/16/2013,Hourly, ,30-49,350,11.67,0
10/1/2018,40456,M,58,Group E,PT,, ,North,6/10/2014,Hourly, ,50+,113,3.77,0
10/1/2018,40458,F,24,Group B,PT,, ,North,7/18/2014,Hourly, ,<30,75,2.5,0
10/1/2018,40462,F,20,Group A,PT,, ,North,9/19/2013,Hourly, ,<30,377,12.57,0
10/1/2018,40466,F,19,Group B,PT,, ,North,6/6/2014,Hourly, ,<30,117,3.9,0
10/1/2018,40472,F,57,Group E,FT,, ,North,5/18/2005,Hourly, ,50+,3423,114.1,0
10/1/2018,40478,M,22,Group C,PT,, ,North,6/22/2011,Hourly, ,<30,1197,39.9,0
10/1/2018,40480,F,21,Group F,PT,, ,North,9/12/2014,Hourly, ,<30,19,0.63,0
10/1/2018,40484,M,21,Group F,PT,, ,North,12/13/2011,Hourly, ,<30,1023,34.1,0
10/1/2018,40486,M,28,Group A,PT,, ,North,11/2/2011,Hourly, ,<30,1064,35.47,0
10/1/2018,40488,M,37,Group D,FT,, ,North,5/23/2011,Hourly, ,30-49,1227,40.9,0
10/1/2018,40502,M,22,Group A,PT,, ,North,7/18/2014,Hourly, ,<30,75,2.5,0
10/1/2018,40506,M,21,Group G,PT,, ,North,7/27/2012,Hourly, ,<30,796,26.53,0
10/1/2018,40514,F,20,Group F,PT,, ,North,8/21/2014,Hourly, ,<30,41,1.37,0
10/1/2018,40530,M,20,Group A,PT,, ,North,3/26/2014,Hourly, ,<30,189,6.3,0
10/1/2018,40542,M,47,Group D,PT,, ,North,6/21/2005,Hourly, ,30-49,3389,112.97,0
10/1/2018,40548,F,31,Group E,FT,, ,North,5/2/2007,Hourly, ,30-49,2709,90.3,0
10/1/2018,40554,M,68,Group C,PT,, ,North,2/23/2007,Hourly, ,50+,2777,92.57,0
10/1/2018,40674,F,19,Group G,PT,,Yes,North,10/3/2014,Hourly, ,<30,0,0,0
10/1/2018,40684,M,21,Group F,PT,, ,North,9/18/2014,Hourly, ,<30,13,0.43,0
10/1/2018,40702,F,21,Group D,PT,, ,North,9/10/2014,Hourly, ,<30,21,0.7,0
10/1/2018,40720,F,20,Group G,PT,,Yes,North,10/23/2014,Hourly, ,<30,0,0,0
10/1/2018,40728,F,36,Group C,PT,,Yes,North,10/30/2014,Hourly, ,30-49,0,0,0
10/1/2018,40754,F,24,Group D,PT,, ,North,8/7/2008,Hourly, ,<30,2246,74.87,0
10/1/2018,40986,M,58,Group B,PT,,Yes,Midwest,10/24/2014,Hourly, ,50+,0,0,0
10/1/2018,41030,F,20,Group F,PT,, ,Midwest,5/16/2013,Hourly, ,<30,503,16.77,0
10/1/2018,41038,M,44,Group F,PT,, ,Midwest,3/16/2012,Hourly, ,30-49,929,30.97,0
10/1/2018,41042,F,37,Group D,PT,, ,Midwest,8/9/2013,Hourly, ,30-49,418,13.93,0
10/1/2018,41046,M,27,Group G,FT,, ,Midwest,4/17/2014,Hourly, ,<30,167,5.57,0
10/1/2018,41050,M,29,Group F,PT,, ,Midwest,12/29/2007,Hourly, ,<30,2468,82.27,0
10/1/2018,41058,F,24,Group C,PT,, ,Midwest,10/26/2011,Hourly, ,<30,1071,35.7,0
10/1/2018,41082,F,23,Group F,PT,, ,Midwest,2/18/2010,Hourly, ,<30,1686,56.2,0
10/1/2018,41090,M,19,Group G,PT,, ,Midwest,4/25/2014,Hourly, ,<30,159,5.3,0
10/1/2018,41104,M,19,Group D,PT,,Yes,Midwest,10/10/2014,Hourly, ,<30,0,0,0
10/1/2018,41288,F,22,Group B,FT,, ,Midwest,3/2/2012,Hourly, ,<30,943,31.43,0
10/1/2018,41290,M,21,Group G,PT,, ,Midwest,2/12/2014,Hourly, ,<30,231,7.7,0
10/1/2018,41292,F,22,Group D,PT,, ,Midwest,11/3/2012,Hourly, ,<30,697,23.23,0
10/1/2018,41314,F,21,Group F,PT,, ,Midwest,6/6/2014,Hourly, ,<30,117,3.9,0
10/1/2018,41316,M,42,Group F,PT,, ,Midwest,6/25/2014,Hourly, ,30-49,98,3.27,0
10/1/2018,41332,M,26,Group G,FT,, ,Midwest,10/20/2009,Hourly, ,<30,1807,60.23,0
10/1/2018,41344,M,66,Group F,PT,, ,Midwest,8/30/2005,Hourly, ,50+,3319,110.63,0
10/1/2018,41372,F,31,Group G,FT,, ,Midwest,7/26/2013,Hourly, ,30-49,432,14.4,0
10/1/2018,41388,F,22,Group B,FT,, ,South,6/26/2013,Hourly, ,<30,462,15.4,0
10/1/2018,41390,M,40,Group B,PT,, ,South,8/16/2014,Hourly, ,30-49,46,1.53,0
10/1/2018,41394,M,42,Group G,PT,, ,South,6/14/2014,Hourly, ,30-49,109,3.63,0
10/1/2018,41396,F,19,Group C,PT,, ,South,4/27/2013,Hourly, ,<30,522,17.4,0
10/1/2018,41416,M,21,Group C,PT,, ,South,8/28/2013,Hourly, ,<30,399,13.3,0
10/1/2018,41420,M,20,Group C,PT,, ,South,4/18/2013,Hourly, ,<30,531,17.7,0
10/1/2018,41510,M,25,Group A,PT,, ,South,10/26/2011,Hourly, ,<30,1071,35.7,0
10/1/2018,41512,F,21,Group G,PT,, ,South,8/25/2012,Hourly, ,<30,767,25.57,0
10/1/2018,41518,M,52,Group C,PT,, ,South,7/12/2013,Hourly, ,50+,446,14.87,0
10/1/2018,41526,M,51,Group B,PT,, ,South,5/7/2014,Hourly, ,50+,147,4.9,0
10/1/2018,41544,M,47,Group F,PT,, ,South,3/19/2014,Hourly, ,30-49,196,6.53,0
10/1/2018,41692,M,48,Group D,FT,, ,South,11/22/2012,Hourly, ,30-49,678,22.6,0
10/1/2018,41704,M,20,Group A,PT,, ,South,9/17/2014,Hourly, ,<30,14,0.47,0
10/1/2018,41708,M,25,Group E,PT,, ,South,8/22/2014,Hourly, ,<30,40,1.33,0
10/1/2018,41712,F,25,Group B,PT,, ,South,8/21/2014,Hourly, ,<30,41,1.37,0
10/1/2018,41714,M,28,Group G,PT,, ,South,4/9/2014,Hourly, ,<30,175,5.83,0
10/1/2018,42106,M,59,Group B,PT,, ,South,8/23/2012,Hourly, ,50+,769,25.63,0
10/1/2018,42114,F,19,Group A,PT,, ,South,9/26/2014,Hourly, ,<30,5,0.17,0
10/1/2018,42118,F,19,Group B,PT,, ,South,6/13/2014,Hourly, ,<30,110,3.67,0
10/1/2018,42236,M,65,Group G,FT,, ,South,6/15/2011,Hourly, ,50+,1204,40.13,0
10/1/2018,42238,F,21,Group B,PT,, ,South,10/20/2012,Hourly, ,<30,711,23.7,0
10/1/2018,42240,M,23,Group A,PT,, ,South,8/13/2014,Hourly, ,<30,49,1.63,0
10/1/2018,42328,M,49,Group B,PT,, ,South,6/1/2014,Hourly, ,30-49,122,4.07,0
10/1/2018,42460,M,67,Group D,PT,, ,South,6/4/2014,Hourly, ,50+,119,3.97,0
10/1/2018,42462,F,28,Group E,FT,, ,South,5/24/2014,Hourly, ,<30,130,4.33,0
10/1/2018,42464,F,47,Group G,FT,, ,South,5/24/2014,Hourly, ,30-49,130,4.33,0
10/1/2018,42466,F,44,Group G,FT,, ,South,6/19/2014,Hourly, ,30-49,104,3.47,0
10/1/2018,42468,M,23,Group G,PT,, ,South,5/24/2014,Hourly, ,<30,130,4.33,0
10/1/2018,42472,M,22,Group G,PT,, ,South,5/24/2014,Hourly, ,<30,130,4.33,0
10/1/2018,42474,M,41,Group A,PT,, ,South,6/19/2014,Hourly, ,30-49,104,3.47,0
10/1/2018,42476,M,27,Group C,PT,, ,South,5/24/2014,Hourly, ,<30,130,4.33,0
10/1/2018,42478,M,46,Group B,PT,, ,South,6/13/2014,Hourly, ,30-49,110,3.67,0
10/1/2018,42480,M,19,Group C,PT,, ,South,6/1/2014,Hourly, ,<30,122,4.07,0
10/1/2018,42482,M,28,Group B,PT,, ,South,6/1/2014,Hourly, ,<30,122,4.07,0
10/1/2018,42484,F,24,Group D,PT,, ,South,6/13/2014,Hourly, ,<30,110,3.67,0
10/1/2018,42490,M,24,Group F,PT,, ,South,6/19/2014,Hourly, ,<30,104,3.47,0
10/1/2018,42492,M,44,Group G,PT,, ,South,6/6/2014,Hourly, ,30-49,117,3.9,0
10/1/2018,42494,M,40,Group F,PT,, ,South,5/29/2014,Hourly, ,30-49,125,4.17,0
10/1/2018,42496,M,27,Group D,FT,, ,South,6/4/2014,Hourly, ,<30,119,3.97,0
10/1/2018,42498,M,24,Group F,PT,, ,South,6/4/2014,Hourly, ,<30,119,3.97,0
10/1/2018,42500,M,26,Group D,PT,, ,South,6/4/2014,Hourly, ,<30,119,3.97,0
10/1/2018,42502,M,26,Group B,PT,, ,South,6/4/2014,Hourly, ,<30,119,3.97,0
10/1/2018,42506,F,22,Group F,PT,, ,South,6/4/2014,Hourly, ,<30,119,3.97,0
10/1/2018,42680,M,63,Group D,PT,, ,South,6/20/2013,Hourly, ,50+,468,15.6,0
10/1/2018,42684,M,25,Group A,FT,, ,South,2/14/2006,Hourly, ,<30,3151,105.03,0
10/1/2018,42708,M,62,Group E,PT,, ,South,10/27/2011,Hourly, ,50+,1070,35.67,0
10/1/2018,42762,M,22,Group B,PT,, ,South,9/26/2014,Hourly, ,<30,5,0.17,0
10/1/2018,42772,M,53,Group G,PT,, ,South,5/28/2014,Hourly, ,50+,126,4.2,0
10/1/2018,42804,F,24,Group F,PT,, ,South,9/7/2012,Hourly, ,<30,754,25.13,0
10/1/2018,42872,M,47,Group C,PT,, ,South,9/18/2014,Hourly, ,30-49,13,0.43,0
10/1/2018,42892,M,59,Group G,FT,, ,South,6/19/2007,Hourly, ,50+,2661,88.7,0
10/1/2018,42896,M,20,Group B,PT,, ,South,8/14/2013,Hourly, ,<30,413,13.77,0
10/1/2018,42910,M,51,Group A,PT,,Yes,South,10/11/2014,Hourly, ,50+,0,0,0
10/1/2018,42922,M,48,Group F,PT,,Yes,South,10/11/2014,Hourly, ,30-49,0,0,0
10/1/2018,42924,F,24,Group E,PT,, ,South,6/23/2011,Hourly, ,<30,1196,39.87,0
10/1/2018,42928,M,39,Group C,PT,,Yes,South,10/28/2014,Hourly, ,30-49,0,0,0
10/1/2018,42934,F,22,Group E,PT,, ,South,7/10/2014,Hourly, ,<30,83,2.77,0
10/1/2018,43056,M,32,Group A,PT,, ,South,5/1/2014,Hourly, ,30-49,153,5.1,0
10/1/2018,43058,M,37,Group C,PT,, ,South,8/16/2013,Hourly, ,30-49,411,13.7,0
10/1/2018,43128,M,23,Group B,PT,, ,South,2/25/2012,Hourly, ,<30,949,31.63,0
10/1/2018,43130,M,22,Group A,PT,, ,South,2/28/2014,Hourly, ,<30,215,7.17,0
10/1/2018,43134,F,20,Group E,PT,, ,South,7/31/2013,Hourly, ,<30,427,14.23,0
10/1/2018,43142,F,23,Group A,PT,, ,South,7/3/2014,Hourly, ,<30,90,3,0
10/1/2018,43144,M,25,Group E,PT,, ,South,6/20/2014,Hourly, ,<30,103,3.43,0
10/1/2018,43154,M,19,Group G,PT,, ,South,9/19/2014,Hourly, ,<30,12,0.4,0
10/1/2018,43160,M,37,Group F,PT,, ,South,1/20/2014,Hourly, ,30-49,254,8.47,0
10/1/2018,43308,M,18,Group C,PT,, ,South,10/31/2012,Hourly, ,<30,700,23.33,0
10/1/2018,43312,M,21,Group F,PT,, ,South,3/14/2014,Hourly, ,<30,201,6.7,0
10/1/2018,43336,M,22,Group E,PT,, ,South,3/31/2012,Hourly, ,<30,914,30.47,0
10/1/2018,43340,F,23,Group G,FT,, ,South,8/20/2013,Hourly, ,<30,407,13.57,0
10/1/2018,43342,F,23,Group F,FT,, ,South,3/31/2012,Hourly, ,<30,914,30.47,0
10/1/2018,43350,M,69,Group E,PT,, ,South,11/6/2013,Hourly, ,50+,329,10.97,0
10/1/2018,43356,F,23,Group B,FT,, ,South,9/2/2009,Hourly, ,<30,1855,61.83,0
10/1/2018,43364,M,32,Group G,PT,,Yes,North,10/9/2014,Hourly, ,30-49,0,0,0
10/1/2018,43376,F,48,Group A,PT,, ,North,10/16/2012,Hourly, ,30-49,715,23.83,0
10/1/2018,43380,M,27,Group C,PT,, ,North,7/5/2012,Hourly, ,<30,818,27.27,0
10/1/2018,43384,F,22,Group F,PT,, ,North,6/11/2014,Hourly, ,<30,112,3.73,0
10/1/2018,43388,F,21,Group D,PT,, ,North,6/7/2014,Hourly, ,<30,116,3.87,0
10/1/2018,43396,F,23,Group C,PT,, ,North,5/23/2014,Hourly, ,<30,131,4.37,0
10/1/2018,43398,M,23,Group C,PT,, ,North,5/22/2014,Hourly, ,<30,132,4.4,0
10/1/2018,43408,F,21,Group A,PT,, ,North,8/13/2014,Hourly, ,<30,49,1.63,0
10/1/2018,43414,F,19,Group E,FT,, ,North,9/26/2013,Hourly, ,<30,370,12.33,0
10/1/2018,43416,M,20,Group D,PT,, ,North,6/27/2014,Hourly, ,<30,96,3.2,0
10/1/2018,43418,M,22,Group B,PT,, ,North,8/1/2014,Hourly, ,<30,61,2.03,0
10/1/2018,43422,M,23,Group B,PT,, ,North,7/10/2014,Hourly, ,<30,83,2.77,0
10/1/2018,43424,M,34,Group E,PT,, ,North,5/16/2014,Hourly, ,30-49,138,4.6,0
10/1/2018,43426,M,23,Group C,PT,,Yes,North,10/15/2014,Hourly, ,<30,0,0,0
10/1/2018,43428,F,19,Group D,PT,, ,North,8/8/2013,Hourly, ,<30,419,13.97,0
10/1/2018,43430,F,49,Group A,FT,, ,North,9/16/2011,Hourly, ,30-49,1111,37.03,0
10/1/2018,43432,F,36,Group C,FT,, ,North,3/10/2011,Hourly, ,30-49,1301,43.37,0
10/1/2018,43438,M,60,Group G,FT,, ,North,7/19/2012,Hourly, ,50+,804,26.8,0
10/1/2018,43440,F,26,Group G,FT,, ,North,5/31/2007,Hourly, ,<30,2680,89.33,0
10/1/2018,43442,M,24,Group C,PT,,Yes,North,10/24/2014,Hourly, ,<30,0,0,0
10/1/2018,43496,M,45,Group C,PT,, ,North,8/28/2014,Hourly, ,30-49,34,1.13,0
10/1/2018,43526,M,58,Group C,FT,, ,North,4/26/2008,Hourly, ,50+,2349,78.3,0
10/1/2018,43538,M,26,Group C,PT,, ,North,6/12/2008,Hourly, ,<30,2302,76.73,0
10/1/2018,43570,F,20,Group A,PT,, ,North,11/6/2013,Hourly, ,<30,329,10.97,0
10/1/2018,43584,M,21,Group G,PT,, ,North,7/2/2014,Hourly, ,<30,91,3.03,0
10/1/2018,43590,M,26,Group D,PT,, ,North,7/9/2014,Hourly, ,<30,84,2.8,0
10/1/2018,43606,F,24,Group B,PT,, ,North,8/31/2011,Hourly, ,<30,1127,37.57,0
10/1/2018,43610,M,25,Group C,PT,, ,North,3/20/2007,Hourly, ,<30,2752,91.73,0
10/1/2018,43612,M,55,Group G,PT,, ,North,2/27/2007,Hourly, ,50+,2773,92.43,0
10/1/2018,43614,M,61,Group F,PT,, ,North,3/26/2014,Hourly, ,50+,189,6.3,0
10/1/2018,43626,M,19,Group F,PT,, ,North,11/29/2013,Hourly, ,<30,306,10.2,0
10/1/2018,43662,M,43,Group D,PT,, ,North,8/19/2014,Hourly, ,30-49,43,1.43,0
10/1/2018,43672,F,23,Group D,FT,, ,North,11/3/2006,Hourly, ,<30,2889,96.3,0
10/1/2018,43678,M,60,Group A,FT,, ,North,4/9/2007,Hourly, ,50+,2732,91.07,0
10/1/2018,43682,M,64,Group F,PT,, ,North,11/13/2013,Hourly, ,50+,322,10.73,0
10/1/2018,43690,F,24,Group E,PT,, ,North,7/31/2014,Hourly, ,<30,62,2.07,0
10/1/2018,43708,M,22,Group D,PT,, ,North,5/15/2014,Hourly, ,<30,139,4.63,0
10/1/2018,43712,F,23,Group A,PT,, ,North,7/17/2014,Hourly, ,<30,76,2.53,0
10/1/2018,43728,F,23,Group D,PT,, ,North,10/3/2011,Hourly, ,<30,1094,36.47,0
10/1/2018,43732,F,20,Group G,PT,, ,North,8/27/2014,Hourly, ,<30,35,1.17,0
10/1/2018,43738,M,23,Group D,PT,, ,North,6/22/2010,Hourly, ,<30,1562,52.07,0
10/1/2018,43764,F,20,Group A,PT,, ,North,5/29/2014,Hourly, ,<30,125,4.17,0
10/1/2018,43782,M,20,Group D,PT,,Yes,Midwest,10/22/2014,Hourly, ,<30,0,0,0
10/1/2018,43784,F,21,Group B,PT,, ,Midwest,8/15/2013,Hourly, ,<30,412,13.73,0
10/1/2018,43788,F,22,Group E,PT,, ,Midwest,8/23/2014,Hourly, ,<30,39,1.3,0
10/1/2018,43790,F,65,Group D,FT,, ,Midwest,8/1/2009,Hourly, ,50+,1887,62.9,0
10/1/2018,43796,F,26,Group A,FT,, ,Midwest,3/19/2014,Hourly, ,<30,196,6.53,0
10/1/2018,43802,M,58,Group C,PT,, ,Midwest,3/19/2014,Hourly, ,50+,196,6.53,0
10/1/2018,43804,M,33,Group E,FT,, ,Midwest,3/19/2014,Hourly, ,30-49,196,6.53,0
10/1/2018,43806,M,21,Group C,PT,, ,Midwest,3/19/2014,Hourly, ,<30,196,6.53,0
10/1/2018,43808,M,62,Group D,PT,, ,Midwest,3/25/2014,Hourly, ,50+,190,6.33,0
10/1/2018,43918,M,50,Group A,PT,, ,Midwest,3/9/2010,Hourly, ,50+,1667,55.57,0
10/1/2018,43926,F,19,Group B,PT,, ,Midwest,10/4/2011,Hourly, ,<30,1093,36.43,0
10/1/2018,43990,M,20,Group A,PT,, ,Midwest,9/19/2013,Hourly, ,<30,377,12.57,0
10/1/2018,44032,F,23,Group A,PT,, ,Midwest,10/28/2013,Hourly, ,<30,338,11.27,0
10/1/2018,44038,M,47,Group G,PT,, ,Midwest,10/12/2013,Hourly, ,30-49,354,11.8,0
10/1/2018,44044,M,63,Group A,PT,, ,Midwest,2/13/2007,Hourly, ,50+,2787,92.9,0
10/1/2018,44046,F,22,Group D,PT,, ,Midwest,3/26/2014,Hourly, ,<30,189,6.3,0
10/1/2018,44060,M,57,Group C,PT,, ,Midwest,8/2/2014,Hourly, ,50+,60,2,0
10/1/2018,44062,M,32,Group C,FT,, ,Midwest,8/12/2006,Hourly, ,30-49,2972,99.07,0
10/1/2018,44066,M,21,Group C,FT,, ,Midwest,3/26/2013,Hourly, ,<30,554,18.47,0
10/1/2018,44088,M,23,Group F,PT,, ,Midwest,9/16/2014,Hourly, ,<30,15,0.5,0
10/1/2018,44100,M,47,Group G,PT,, ,Midwest,8/15/2014,Hourly, ,30-49,47,1.57,0
10/1/2018,44110,M,27,Group D,PT,, ,Midwest,6/24/2009,Hourly, ,<30,1925,64.17,0
10/1/2018,44114,M,20,Group G,PT,, ,Midwest,7/11/2013,Hourly, ,<30,447,14.9,0
10/1/2018,44122,M,23,Group F,PT,,Yes,Midwest,10/9/2014,Hourly, ,<30,0,0,0
10/1/2018,49000,M,36,Group B,PT,,Yes,Central,10/1/2014,Hourly, ,30-49,0,0,0
10/1/2018,49036,M,55,Group G,FT,, ,Central,10/13/2005,Hourly, ,50+,3275,109.17,0
10/1/2018,49040,F,48,Group F,PT,, ,South,6/2/2010,Hourly, ,30-49,1582,52.73,0
10/1/2018,49044,M,24,Group A,PT,, ,Northwest,7/30/2014,Hourly, ,<30,63,2.1,0
10/1/2018,49142,M,34,Group A,PT,, ,Midwest,3/22/2008,Hourly, ,30-49,2384,79.47,0
10/1/2018,49164,F,53,Group A,FT,, ,South,4/17/2008,Hourly, ,50+,2358,78.6,0
10/1/2018,49188,F,51,Group B,FT,, ,Midwest,3/10/1981,Hourly, ,50+,12258,408.6,0
10/1/2018,49216,F,41,Group D,FT,, ,Central,5/15/2013,Hourly, ,30-49,504,16.8,0
10/1/2018,49232,M,51,Group E,FT,, ,Northwest,7/5/2012,Hourly, ,50+,818,27.27,0
10/1/2018,49284,F,19,Group A,PT,, ,Northwest,11/2/2012,Hourly, ,<30,698,23.27,0
10/1/2018,49296,M,40,Group F,PT,, ,Northwest,12/6/2011,Hourly, ,30-49,1030,34.33,0
10/1/2018,49300,F,22,Group E,PT,, ,Northwest,9/24/2014,Hourly, ,<30,7,0.23,0
10/1/2018,49302,F,22,Group A,PT,, ,North,12/13/2007,Hourly, ,<30,2484,82.8,0
10/1/2018,49356,M,17,Group B,PT,, ,West,5/30/2014,Hourly, ,<30,124,4.13,0
10/1/2018,49368,M,24,Group E,PT,, ,West,11/14/2012,Hourly, ,<30,686,22.87,0
10/1/2018,49376,F,31,Group G,FT,, ,West,1/9/2013,Hourly, ,30-49,630,21,0
10/1/2018,49416,M,32,Group E,PT,, ,Central,11/2/2011,Hourly, ,30-49,1064,35.47,0
10/1/2018,49420,M,20,Group F,PT,, ,Northwest,8/8/2014,Hourly, ,<30,54,1.8,0
10/1/2018,49438,M,22,Group F,PT,, ,Northwest,6/18/2014,Hourly, ,<30,105,3.5,0
10/1/2018,49444,M,28,Group F,PT,, ,South,9/21/2012,Hourly, ,<30,740,24.67,0
10/1/2018,49550,M,49,Group G,FT,, ,West,3/16/2008,Hourly, ,30-49,2390,79.67,0
10/1/2018,49576,F,58,Group E,PT,, ,West,11/1/2012,Hourly, ,50+,699,23.3,0
10/1/2018,49578,F,19,Group A,PT,, ,West,7/10/2014,Hourly, ,<30,83,2.77,0
10/1/2018,49580,M,44,Group B,PT,, ,West,7/31/2014,Hourly, ,30-49,62,2.07,0
10/1/2018,49590,F,20,Group C,PT,,Yes,West,10/23/2014,Hourly, ,<30,0,0,0
10/1/2018,49602,F,20,Group D,PT,, ,West,9/26/2014,Hourly, ,<30,5,0.17,0
10/1/2018,49666,F,34,Group A,FT,, ,Midwest,1/26/2007,Hourly, ,30-49,2805,93.5,0
10/1/2018,49698,F,35,Group F,PT,,Yes,Central,10/23/2014,Hourly, ,30-49,0,0,0
10/1/2018,49700,F,22,Group D,PT,,Yes,Northwest,10/2/2014,Hourly, ,<30,0,0,0
10/1/2018,49716,F,62,Group E,FT,, ,Central,7/27/2007,Hourly, ,50+,2623,87.43,0
10/1/2018,49724,F,20,Group F,PT,, ,Northwest,6/10/2014,Hourly, ,<30,113,3.77,0
10/1/2018,49746,F,21,Group F,PT,, ,Northwest,8/29/2014,Hourly, ,<30,33,1.1,0
10/1/2018,49748,F,52,Group E,FT,, ,Northwest,11/21/2001,Hourly, ,50+,4697,156.57,0
10/1/2018,49776,F,29,Group A,FT,, ,North,7/12/2006,Hourly, ,<30,3003,100.1,0
10/1/2018,49794,F,43,Group G,FT,, ,South,1/18/1989,Hourly, ,30-49,9387,312.9,0
10/1/2018,49832,F,30,Group F,FT,, ,West,7/14/2004,Hourly, ,30-49,3731,124.37,0
10/1/2018,49848,M,47,Group B,FT,, ,West,3/15/2012,Hourly, ,30-49,930,31,0
10/1/2018,49908,F,23,Group F,PT,, ,Central,12/6/2013,Hourly, ,<30,299,9.97,0
10/1/2018,49932,F,23,Group E,PT,, ,Central,10/18/2013,Hourly, ,<30,348,11.6,0
10/1/2018,49960,F,19,Group F,PT,,Yes,Northwest,10/31/2014,Hourly, ,<30,0,0,0
10/1/2018,49966,F,19,Group G,PT,, ,Northwest,3/11/2014,Hourly, ,<30,204,6.8,0
10/1/2018,49976,F,21,Group B,PT,, ,West,8/9/2012,Hourly, ,<30,783,26.1,0
10/1/2018,49984,F,21,Group D,PT,, ,Central,6/4/2014,Hourly, ,<30,119,3.97,0
10/1/2018,50272,M,22,Group F,FT,, ,North,3/20/2012,Hourly, ,<30,925,30.83,0
10/1/2018,50278,F,57,Group F,FT,, ,North,10/13/2000,Hourly, ,50+,5101,170.03,0
10/1/2018,50282,F,55,Group D,PT,, ,South,10/15/2002,Hourly, ,50+,4369,145.63,0
10/1/2018,50294,F,21,Group E,PT,, ,Central,11/19/2013,Hourly, ,<30,316,10.53,0
10/1/2018,50296,F,24,Group A,PT,, ,Central,9/3/2014,Hourly, ,<30,28,0.93,0
10/1/2018,50304,F,32,Group F,FT,, ,Central,7/23/2009,Hourly, ,30-49,1896,63.2,0
10/1/2018,50306,F,44,Group C,FT,, ,Central,11/8/2005,Hourly, ,30-49,3249,108.3,0
10/1/2018,50312,F,46,Group D,FT,, ,Northwest,8/31/2012,Hourly, ,30-49,761,25.37,0
10/1/2018,50318,F,43,Group A,FT,, ,Midwest,9/13/2005,Hourly, ,30-49,3305,110.17,0
10/1/2018,50322,F,30,Group G,FT,, ,West,12/1/2007,Hourly, ,30-49,2496,83.2,0
10/1/2018,50332,M,23,Group B,PT,, ,North,12/18/2012,Hourly, ,<30,652,21.73,0
10/1/2018,50334,F,20,Group C,PT,,Yes,West,10/2/2014,Hourly, ,<30,0,0,0
10/1/2018,50336,F,30,Group A,FT,, ,West,9/15/2005,Hourly, ,30-49,3303,110.1,0
10/1/2018,50340,F,27,Group F,FT,, ,Northwest,6/24/2012,Hourly, ,<30,829,27.63,0
10/1/2018,50342,F,33,Group C,FT,, ,Central,5/1/2008,Hourly, ,30-49,2344,78.13,0
10/1/2018,50370,F,28,Group C,FT,, ,West,5/29/2014,Hourly, ,<30,125,4.17,0
10/1/2018,50378,F,36,Group A,FT,, ,North,9/7/2012,Hourly, ,30-49,754,25.13,0
10/1/2018,50384,F,23,Group A,PT,, ,Midwest,9/13/2011,Hourly, ,<30,1114,37.13,0
10/1/2018,50386,F,23,Group A,FT,, ,North,9/11/2010,Hourly, ,<30,1481,49.37,0
10/1/2018,50396,F,22,Group A,FT,, ,Midwest,10/11/2012,Hourly, ,<30,720,24,0
10/1/2018,50406,F,22,Group G,PT,, ,Central,9/24/2014,Hourly, ,<30,7,0.23,0
10/1/2018,50418,F,23,Group G,PT,, ,Northwest,6/24/2014,Hourly, ,<30,99,3.3,0
10/1/2018,50426,F,43,Group E,FT,, ,Northwest,6/30/2004,Hourly, ,30-49,3745,124.83,0
10/1/2018,50438,F,59,Group G,FT,, ,West,3/29/2005,Hourly, ,50+,3473,115.77,0
10/1/2018,50452,F,21,Group C,PT,, ,West,6/5/2014,Hourly, ,<30,118,3.93,0
10/1/2018,50466,M,21,Group F,PT,, ,Northwest,9/24/2014,Hourly, ,<30,7,0.23,0
10/1/2018,50468,M,30,Group D,PT,, ,West,7/25/2014,Hourly, ,30-49,68,2.27,0
10/1/2018,50470,F,58,Group D,FT,, ,Midwest,11/21/1974,Hourly, ,50+,14559,485.3,0
10/1/2018,50472,F,24,Group B,PT,, ,West,9/13/2011,Hourly, ,<30,1114,37.13,0
10/1/2018,50798,M,23,Group B,PT,, ,Central,9/3/2014,Hourly, ,<30,28,0.93,0
10/1/2018,50812,M,22,Group B,PT,, ,Northwest,2/23/2013,Hourly, ,<30,585,19.5,0
10/1/2018,50814,M,61,Group A,PT,, ,Northwest,8/29/2014,Hourly, ,50+,33,1.1,0
10/1/2018,50838,M,25,Group G,FT,, ,West,4/23/2010,Hourly, ,<30,1622,54.07,0
10/1/2018,50850,M,19,Group F,PT,, ,Northwest,4/26/2014,Hourly, ,<30,158,5.27,0
10/1/2018,50854,M,20,Group F,PT,, ,Northwest,7/18/2013,Hourly, ,<30,440,14.67,0
10/1/2018,50858,M,53,Group F,PT,, ,Central,7/19/2014,Hourly, ,50+,74,2.47,0
10/1/2018,50860,M,33,Group E,PT,, ,Central,4/30/2014,Hourly, ,30-49,154,5.13,0
10/1/2018,50884,F,57,Group E,FT,, ,North,4/15/2005,Hourly, ,50+,3456,115.2,0
10/1/2018,50984,M,20,Group B,PT,, ,West,8/1/2014,Hourly, ,<30,61,2.03,0
10/1/2018,51010,M,35,Group B,FT,, ,West,8/5/2009,Hourly, ,30-49,1883,62.77,0
10/1/2018,51036,M,18,Group D,PT,,Yes,West,10/31/2014,Hourly, ,<30,0,0,0
10/1/2018,51134,M,24,Group B,PT,, ,Central,8/7/2013,Hourly, ,<30,420,14,0
10/1/2018,51146,F,36,Group D,FT,, ,Central,6/24/1995,Hourly, ,30-49,7039,234.63,0
10/1/2018,51166,F,24,Group E,PT,, ,Central,5/10/2013,Hourly, ,<30,509,16.97,0
10/1/2018,51170,M,20,Group C,PT,,Yes,Central,10/11/2014,Hourly, ,<30,0,0,0
10/1/2018,51184,F,29,Group C,PT,, ,Central,3/5/2014,Hourly, ,<30,210,7,0
10/1/2018,51230,M,28,Group E,PT,, ,Central,6/3/2014,Hourly, ,<30,120,4,0
10/1/2018,51236,F,71,Group B,FT,, ,Central,4/15/2004,Hourly, ,50+,3821,127.37,0
10/1/2018,51296,M,22,Group C,PT,, ,Central,7/2/2014,Hourly, ,<30,91,3.03,0
10/1/2018,51312,M,28,Group D,FT,, ,Northwest,9/22/2004,Hourly, ,<30,3661,122.03,0
10/1/2018,51314,F,20,Group B,PT,, ,Northwest,9/3/2014,Hourly, ,<30,28,0.93,0
10/1/2018,51316,F,68,Group C,FT,, ,Northwest,10/30/2007,Hourly, ,50+,2528,84.27,0
10/1/2018,51324,M,31,Group B,FT,, ,Northwest,3/18/2004,Hourly, ,30-49,3849,128.3,0
10/1/2018,51338,M,46,Group A,FT,, ,Northwest,11/2/2012,Hourly, ,30-49,698,23.27,0
10/1/2018,51340,F,23,Group G,PT,, ,Northwest,6/6/2013,Hourly, ,<30,482,16.07,0
10/1/2018,51430,F,21,Group A,PT,, ,Northwest,8/14/2014,Hourly, ,<30,48,1.6,0
10/1/2018,51432,F,20,Group D,PT,, ,Northwest,8/26/2014,Hourly, ,<30,36,1.2,0
10/1/2018,51434,M,26,Group A,PT,, ,Northwest,8/20/2014,Hourly, ,<30,42,1.4,0
10/1/2018,51456,F,19,Group C,PT,,Yes,Northwest,10/24/2014,Hourly, ,<30,0,0,0
10/1/2018,51458,M,19,Group C,PT,, ,Northwest,5/9/2014,Hourly, ,<30,145,4.83,0
10/1/2018,51462,M,38,Group E,PT,,Yes,Northwest,10/17/2014,Hourly, ,30-49,0,0,0
10/1/2018,51468,M,42,Group C,PT,, ,Northwest,5/14/2014,Hourly, ,30-49,140,4.67,0
10/1/2018,51486,M,67,Group G,PT,, ,Northwest,8/8/2014,Hourly, ,50+,54,1.8,0
10/1/2018,51512,F,19,Group F,PT,,Yes,Central,10/22/2014,Hourly, ,<30,0,0,0
10/1/2018,51548,M,50,Group B,FT,, ,Central,12/14/2008,Hourly, ,50+,2117,70.57,0
10/1/2018,51580,F,22,Group A,PT,,Yes,Central,10/16/2014,Hourly, ,<30,0,0,0
10/1/2018,51598,F,20,Group D,PT,, ,Central,6/6/2014,Hourly, ,<30,117,3.9,0
10/1/2018,51618,M,20,Group F,PT,, ,Central,5/7/2014,Hourly, ,<30,147,4.9,0
10/1/2018,51622,F,41,Group D,FT,, ,Central,6/23/1998,Hourly, ,30-49,5944,198.13,0
10/1/2018,51658,F,24,Group E,PT,, ,Central,7/8/2014,Hourly, ,<30,85,2.83,0
10/1/2018,51690,F,21,Group A,PT,, ,West,11/15/2013,Hourly, ,<30,320,10.67,0
10/1/2018,51776,M,26,Group A,PT,, ,West,6/26/2013,Hourly, ,<30,462,15.4,0
10/1/2018,51800,F,23,Group G,PT,,Yes,West,10/16/2014,Hourly, ,<30,0,0,0
10/1/2018,51812,M,60,Group E,PT,, ,West,11/15/2013,Hourly, ,50+,320,10.67,0
10/1/2018,51916,F,57,Group C,FT,, ,South,5/13/2003,Hourly, ,50+,4159,138.63,0
10/1/2018,51922,M,51,Group G,FT,, ,South,8/12/2004,Hourly, ,50+,3702,123.4,0
10/1/2018,51962,M,24,Group G,PT,, ,Northwest,9/18/2014,Hourly, ,<30,13,0.43,0
10/1/2018,51964,F,23,Group A,PT,, ,Northwest,6/4/2014,Hourly, ,<30,119,3.97,0
10/1/2018,51974,F,25,Group E,PT,, ,Northwest,8/2/2011,Hourly, ,<30,1156,38.53,0
10/1/2018,51980,F,21,Group G,PT,, ,Northwest,6/20/2014,Hourly, ,<30,103,3.43,0
10/1/2018,51994,M,58,Group E,PT,, ,Northwest,11/10/2004,Hourly, ,50+,3612,120.4,0
10/1/2018,52004,M,23,Group B,PT,, ,Northwest,1/25/2013,Hourly, ,<30,614,20.47,0
10/1/2018,52010,M,35,Group F,PT,, ,Northwest,5/1/2003,Hourly, ,30-49,4171,139.03,0
10/1/2018,52018,M,44,Group F,FT,, ,Northwest,1/10/2012,Hourly, ,30-49,995,33.17,0
10/1/2018,52020,M,36,Group E,FT,, ,Northwest,2/6/2014,Hourly, ,30-49,237,7.9,0
10/1/2018,52022,M,52,Group E,PT,, ,Northwest,9/3/2014,Hourly, ,50+,28,0.93,0
10/1/2018,52024,M,20,Group E,PT,, ,Northwest,8/15/2013,Hourly, ,<30,412,13.73,0
10/1/2018,52212,M,66,Group E,PT,, ,Northwest,9/13/2006,Hourly, ,50+,2940,98,0
10/1/2018,52238,M,44,Group E,PT,, ,Northwest,7/13/2005,Hourly, ,30-49,3367,112.23,0
10/1/2018,52248,M,43,Group B,FT,, ,West,11/16/2011,Hourly, ,30-49,1050,35,0
10/1/2018,52290,M,64,Group G,PT,, ,West,10/30/2007,Hourly, ,50+,2528,84.27,0
10/1/2018,52292,M,35,Group D,FT,, ,West,6/7/2005,Hourly, ,30-49,3403,113.43,0
10/1/2018,52304,M,22,Group D,PT,, ,Northwest,10/24/2013,Hourly, ,<30,342,11.4,0
10/1/2018,52332,M,61,Group C,PT,, ,South,1/22/2002,Hourly, ,50+,4635,154.5,0
10/1/2018,52372,M,23,Group D,PT,, ,Central,6/11/2014,Hourly, ,<30,112,3.73,0
10/1/2018,52424,M,54,Group C,PT,, ,Central,5/23/2013,Hourly, ,50+,496,16.53,0
10/1/2018,52428,M,54,Group A,PT,,Yes,Northwest,10/10/2014,Hourly, ,50+,0,0,0
10/1/2018,52446,M,24,Group B,PT,, ,Northwest,2/15/2013,Hourly, ,<30,593,19.77,0
10/1/2018,52470,M,30,Group E,FT,, ,Northwest,9/3/2014,Hourly, ,30-49,28,0.93,0
10/1/2018,52502,M,54,Group C,PT,, ,Central,9/9/2014,Hourly, ,50+,22,0.73,0
10/1/2018,52536,M,43,Group D,FT,, ,Central,11/25/2003,Hourly, ,30-49,3963,132.1,0
10/1/2018,52566,M,57,Group B,FT,, ,Central,9/23/2009,Hourly, ,50+,1834,61.13,0
10/1/2018,52576,M,42,Group C,PT,, ,Central,10/19/2012,Hourly, ,30-49,712,23.73,0
10/1/2018,52592,M,58,Group D,PT,, ,Northwest,9/12/2014,Hourly, ,50+,19,0.63,0
10/1/2018,52640,M,52,Group E,PT,, ,West,9/16/2014,Hourly, ,50+,15,0.5,0
10/1/2018,52652,M,47,Group A,FT,, ,Northwest,11/15/2013,Hourly, ,30-49,320,10.67,0
10/1/2018,52668,M,22,Group C,PT,, ,Central,5/16/2014,Hourly, ,<30,138,4.6,0
10/1/2018,52682,M,42,Group G,PT,, ,Central,4/4/2002,Hourly, ,30-49,4563,152.1,0
10/1/2018,52698,M,51,Group E,PT,, ,West,5/7/2013,Hourly, ,50+,512,17.07,0
10/1/2018,52706,M,19,Group A,PT,,Yes,Northwest,10/24/2014,Hourly, ,<30,0,0,0
10/1/2018,52714,M,56,Group C,PT,, ,Northwest,8/7/2014,Hourly, ,50+,55,1.83,0
10/1/2018,52762,M,21,Group D,PT,, ,Central,7/16/2014,Hourly, ,<30,77,2.57,0
10/1/2018,52764,M,31,Group F,FT,, ,Central,4/6/2010,Hourly, ,30-49,1639,54.63,0
10/1/2018,52770,F,20,Group E,PT,, ,Northwest,7/12/2012,Hourly, ,<30,811,27.03,0
10/1/2018,52782,F,19,Group E,PT,, ,East,1/3/2014,Hourly, ,<30,271,9.03,0
10/1/2018,52784,M,22,Group C,PT,,Yes,East,10/21/2014,Hourly, ,<30,0,0,0
10/1/2018,52824,F,38,Group E,FT,, ,Northwest,3/6/2014,Salary, ,30-49,209,6.97,0
10/1/2018,52826,M,56,Group C,FT,, ,Northwest,3/1/2006,Hourly, ,50+,3136,104.53,0
10/1/2018,52834,M,23,Group G,FT,, ,Northwest,1/25/2012,Salary, ,<30,980,32.67,0
10/1/2018,52926,F,46,Group A,PT,, ,North,5/11/1988,Hourly, ,30-49,9639,321.3,0
10/1/2018,52934,M,27,Group B,PT,, ,North,4/14/2007,Hourly, ,<30,2727,90.9,0
10/1/2018,52954,M,52,Group G,FT,, ,North,2/28/1989,Salary, ,50+,9346,311.53,0
10/1/2018,52960,M,21,Group G,PT,,Yes,North,10/18/2014,Hourly, ,<30,0,0,0
10/1/2018,52968,M,37,Group F,FT,, ,North,3/28/2007,Salary, ,30-49,2744,91.47,0
10/1/2018,52970,M,38,Group A,FT,, ,North,10/12/1996,Salary, ,30-49,6563,218.77,0
10/1/2018,52980,M,70,Group A,PT,, ,North,6/1/2011,Hourly, ,50+,1218,40.6,0
10/1/2018,52982,M,28,Group G,FT,, ,North,6/29/2006,Hourly, ,<30,3016,100.53,0
10/1/2018,52984,M,46,Group A,FT,, ,North,11/10/1988,Hourly, ,30-49,9456,315.2,0
10/1/2018,52986,F,20,Group C,PT,, ,North,7/13/2012,Hourly, ,<30,810,27,0
10/1/2018,52988,F,22,Group B,FT,, ,North,7/26/2014,Salary, ,<30,67,2.23,0
10/1/2018,53004,M,35,Group A,FT,, ,North,11/26/1998,Hourly, ,30-49,5788,192.93,0
10/1/2018,53166,M,25,Group A,FT,, ,Midwest,3/25/2014,Salary, ,<30,190,6.33,0
10/1/2018,53176,F,46,Group G,FT,, ,Midwest,11/25/1992,Hourly, ,30-49,7980,266,0
10/1/2018,53184,F,38,Group D,FT,, ,Midwest,5/7/2014,Salary, ,30-49,147,4.9,0
10/1/2018,53218,M,68,Group C,PT,, ,Midwest,5/15/2009,Hourly, ,50+,1965,65.5,0
10/1/2018,53236,M,49,Group B,FT,, ,South,5/15/2014,Hourly, ,30-49,139,4.63,0
10/1/2018,53238,F,19,Group D,PT,, ,South,5/8/2014,Hourly, ,<30,146,4.87,0
10/1/2018,53250,F,45,Group E,FT,, ,South,5/4/2010,Salary, ,30-49,1611,53.7,0
10/1/2018,53260,M,21,Group E,PT,, ,South,3/19/2014,Hourly, ,<30,196,6.53,0
10/1/2018,53266,M,52,Group F,FT,, ,South,6/11/1991,Hourly, ,50+,8513,283.77,0
10/1/2018,53290,F,22,Group G,PT,, ,South,8/15/2012,Hourly, ,<30,777,25.9,0
10/1/2018,53292,F,41,Group E,FT,, ,South,6/4/1993,Salary, ,30-49,7789,259.63,0
10/1/2018,53356,F,38,Group C,FT,, ,South,2/17/2014,Salary, ,30-49,226,7.53,0
10/1/2018,53368,F,38,Group G,FT,, ,South,3/23/2012,Hourly, ,30-49,922,30.73,0
10/1/2018,53370,M,46,Group D,FT,, ,South,5/20/1986,Salary, ,30-49,10361,345.37,0
10/1/2018,53382,M,23,Group C,PT,, ,South,6/4/2014,Hourly, ,<30,119,3.97,0
10/1/2018,53388,M,48,Group C,PT,, ,South,6/4/2014,Hourly, ,30-49,119,3.97,0
10/1/2018,53394,M,53,Group E,FT,, ,South,6/14/2014,Salary, ,50+,109,3.63,0
10/1/2018,53396,F,21,Group E,FT,, ,South,2/7/2014,Hourly, ,<30,236,7.87,0
10/1/2018,53400,M,44,Group G,FT,, ,South,9/30/2014,Salary, ,30-49,1,0.03,0
10/1/2018,53402,F,34,Group B,FT,, ,South,8/20/2009,Salary, ,30-49,1868,62.27,0
10/1/2018,53404,F,46,Group D,FT,, ,South,8/26/2014,Salary, ,30-49,36,1.2,0
10/1/2018,53410,F,37,Group G,FT,, ,South,11/8/2013,Hourly, ,30-49,327,10.9,0
10/1/2018,53412,M,49,Group F,FT,, ,South,4/25/2006,Salary, ,30-49,3081,102.7,0
10/1/2018,53554,F,32,Group F,FT,, ,Central,3/28/2006,Salary, ,30-49,3109,103.63,0
10/1/2018,53612,F,54,Group E,FT,, ,Central,10/2/2001,Salary, ,50+,4747,158.23,0
10/1/2018,53616,F,22,Group C,PT,, ,Central,8/15/2013,Hourly, ,<30,412,13.73,0
10/1/2018,53652,M,42,Group A,FT,, ,Central,12/21/1990,Salary, ,30-49,8685,289.5,0
10/1/2018,53700,F,46,Group F,FT,, ,Central,5/28/2014,Salary, ,30-49,126,4.2,0
10/1/2018,53726,F,27,Group F,PT,, ,Central,4/12/2012,Hourly, ,<30,902,30.07,0
10/1/2018,53744,F,29,Group E,FT,, ,Central,12/10/2013,Salary, ,<30,295,9.83,0
10/1/2018,53750,M,25,Group C,PT,, ,Central,4/30/2014,Hourly, ,<30,154,5.13,0
10/1/2018,53752,M,41,Group A,PT,, ,Central,11/20/2007,Hourly, ,30-49,2507,83.57,0
10/1/2018,53804,F,28,Group B,FT,, ,Central,10/31/2005,Hourly, ,<30,3257,108.57,0
10/1/2018,53806,F,20,Group F,PT,,Yes,Central,10/31/2014,Hourly, ,<30,0,0,0
10/1/2018,53816,F,19,Group B,PT,,Yes,West,10/8/2014,Hourly, ,<30,0,0,0
10/1/2018,53826,F,51,Group G,FT,, ,West,8/29/2006,Salary, ,50+,2955,98.5,0
10/1/2018,53838,M,46,Group A,FT,, ,West,11/28/2013,Salary, ,30-49,307,10.23,0
10/1/2018,53868,M,53,Group G,PT,, ,West,12/1/2013,Hourly, ,50+,304,10.13,0
10/1/2018,53874,F,24,Group D,PT,, ,West,11/1/2013,Hourly, ,<30,334,11.13,0
10/1/2018,53876,F,29,Group E,FT,, ,West,8/22/2013,Hourly, ,<30,405,13.5,0
10/1/2018,53938,F,20,Group F,PT,, ,West,5/9/2013,Hourly, ,<30,510,17,0
10/1/2018,53952,M,19,Group B,PT,, ,West,7/6/2013,Hourly, ,<30,452,15.07,0
10/1/2018,53970,F,24,Group C,PT,,Yes,West,10/9/2014,Hourly, ,<30,0,0,0
10/1/2018,53988,F,23,Group D,PT,, ,West,1/26/2012,Hourly, ,<30,979,32.63,0
10/1/2018,53992,F,62,Group D,FT,, ,West,2/23/2007,Hourly, ,50+,2777,92.57,0
10/1/2018,54034,F,37,Group G,FT,, ,West,6/10/2014,Salary, ,30-49,113,3.77,0
10/1/2018,54044,M,43,Group B,FT,, ,West,6/27/2014,Salary, ,30-49,96,3.2,0
10/1/2018,54048,M,45,Group A,FT,, ,West,6/27/2004,Salary, ,30-49,3748,124.93,0
10/1/2018,54064,F,44,Group B,FT,, ,West,5/14/2011,Salary, ,30-49,1236,41.2,0
10/1/2018,54066,M,51,Group C,FT,, ,West,8/19/2014,Salary, ,50+,43,1.43,0
10/1/2018,54082,M,51,Group G,FT,, ,West,8/23/2007,Hourly, ,50+,2596,86.53,0
10/1/2018,54100,M,55,Group B,FT,, ,West,12/15/2007,Hourly, ,50+,2482,82.73,0
10/1/2018,54304,M,25,Group E,PT,, ,South,6/8/2011,Hourly, ,<30,1211,40.37,0
10/1/2018,54306,M,38,Group D,PT,, ,South,10/12/2011,Hourly, ,30-49,1085,36.17,0
10/1/2018,54316,M,24,Group B,PT,, ,Northwest,9/13/2006,Hourly, ,<30,2940,98,0
10/1/2018,54338,M,28,Group B,FT,, ,North,1/6/2011,Hourly, ,<30,1364,45.47,0
10/1/2018,54356,M,22,Group E,FT,, ,South,4/27/2012,Hourly, ,<30,887,29.57,0
10/1/2018,54366,M,22,Group D,PT,, ,West,7/7/2013,Hourly, ,<30,451,15.03,0
10/1/2018,54372,F,38,Group G,FT,, ,North,1/10/2012,Salary, ,30-49,995,33.17,0
10/1/2018,54384,F,27,Group G,FT,, ,North,1/23/2013,Salary, ,<30,616,20.53,0
10/1/2018,54394,F,44,Group A,FT,, ,Midwest,6/24/2014,Salary, ,30-49,99,3.3,0
10/1/2018,54468,F,31,Group B,FT,,Yes,West,10/29/2014,Salary, ,30-49,0,0,0
10/1/2018,54472,F,69,Group B,FT,, ,Northwest,8/27/2002,Salary, ,50+,4418,147.27,0
10/1/2018,54504,M,41,Group F,FT,, ,North,3/15/2014,Hourly, ,30-49,200,6.67,0
10/1/2018,54506,M,28,Group D,FT,, ,East,12/3/2013,Salary, ,<30,302,10.07,0
10/1/2018,54510,M,45,Group C,FT,, ,Northwest,10/30/2007,Hourly, ,30-49,2528,84.27,0
10/1/2018,54518,M,21,Group D,FT,, ,North,11/8/2013,Hourly, ,<30,327,10.9,0
10/1/2018,54526,M,29,Group B,FT,, ,East,1/8/2014,Hourly, ,<30,266,8.87,0
10/1/2018,54528,F,23,Group B,PT,, ,Midwest,12/15/2011,Hourly, ,<30,1021,34.03,0
10/1/2018,54550,M,26,Group B,PT,, ,North,5/14/2014,Hourly, ,<30,140,4.67,0
10/1/2018,54552,M,46,Group C,PT,, ,Midwest,10/19/2012,Hourly, ,30-49,712,23.73,0
10/1/2018,54556,M,22,Group F,PT,, ,South,3/2/2012,Hourly, ,<30,943,31.43,0
10/1/2018,54564,M,21,Group B,PT,, ,South,9/2/2012,Hourly, ,<30,759,25.3,0
10/1/2018,54582,M,49,Group F,PT,, ,Northwest,1/4/2013,Hourly, ,30-49,635,21.17,0
10/1/2018,54614,M,21,Group D,PT,, ,South,10/25/2012,Hourly, ,<30,706,23.53,0
10/1/2018,54630,F,22,Group B,PT,, ,North,8/1/2014,Hourly, ,<30,61,2.03,0
10/1/2018,54636,F,21,Group A,PT,, ,Northwest,4/15/2014,Hourly, ,<30,169,5.63,0
10/1/2018,54656,F,21,Group A,PT,, ,Northwest,9/3/2014,Hourly, ,<30,28,0.93,0
10/1/2018,54662,M,22,Group F,PT,, ,North,2/28/2013,Hourly, ,<30,580,19.33,0
10/1/2018,54726,M,44,Group C,PT,,Yes,North,10/29/2014,Hourly, ,30-49,0,0,0
10/1/2018,54890,F,64,Group A,FT,, ,West,4/5/2005,Hourly, ,50+,3466,115.53,0
10/1/2018,54894,F,23,Group F,PT,, ,West,4/26/2013,Hourly, ,<30,523,17.43,0
10/1/2018,54906,F,23,Group F,PT,, ,Midwest,3/15/2012,Hourly, ,<30,930,31,0
10/1/2018,54918,F,21,Group C,PT,, ,Midwest,5/31/2013,Hourly, ,<30,488,16.27,0
10/1/2018,54986,F,24,Group D,PT,, ,North,7/7/2014,Hourly, ,<30,86,2.87,0
10/1/2018,55010,M,18,Group B,PT,, ,Central,9/10/2014,Hourly, ,<30,21,0.7,0
10/1/2018,55026,F,24,Group E,PT,,Yes,Northwest,10/24/2014,Hourly, ,<30,0,0,0
10/1/2018,55080,M,17,Group G,PT,,Yes,West,10/1/2014,Hourly, ,<30,0,0,0
10/1/2018,55442,F,74,Group G,FT,, ,West,3/11/2003,Hourly, ,50+,4222,140.73,0
10/1/2018,55468,F,20,Group A,PT,, ,West,5/10/2012,Hourly, ,<30,874,29.13,0
10/1/2018,55504,M,25,Group A,PT,, ,West,8/22/2014,Hourly, ,<30,40,1.33,0
10/1/2018,55512,M,55,Group G,PT,, ,West,9/7/2012,Hourly, ,50+,754,25.13,0
10/1/2018,55514,M,24,Group D,PT,, ,West,4/15/2011,Hourly, ,<30,1265,42.17,0
10/1/2018,55552,M,23,Group G,PT,, ,Northwest,7/9/2014,Hourly, ,<30,84,2.8,0
10/1/2018,55566,M,22,Group A,PT,, ,Northwest,8/29/2013,Hourly, ,<30,398,13.27,0
10/1/2018,55576,F,21,Group F,PT,, ,Northwest,9/13/2014,Hourly, ,<30,18,0.6,0
10/1/2018,55578,M,30,Group B,PT,, ,Northwest,11/7/2012,Hourly, ,30-49,693,23.1,0
10/1/2018,55588,M,43,Group F,PT,, ,Northwest,1/24/2014,Hourly, ,30-49,250,8.33,0
10/1/2018,55594,M,32,Group D,PT,,Yes,Northwest,10/24/2014,Hourly, ,30-49,0,0,0
10/1/2018,55600,M,33,Group G,PT,,Yes,Northwest,10/31/2014,Hourly, ,30-49,0,0,0
10/1/2018,55602,M,32,Group D,PT,, ,Northwest,9/12/2014,Hourly, ,30-49,19,0.63,0
10/1/2018,55610,M,61,Group B,PT,, ,Northwest,8/14/2014,Hourly, ,50+,48,1.6,0
10/1/2018,55620,F,19,Group C,PT,, ,Northwest,4/16/2014,Hourly, ,<30,168,5.6,0
10/1/2018,55632,F,62,Group B,FT,, ,Northwest,9/13/2011,Hourly, ,50+,1114,37.13,0
10/1/2018,55646,M,20,Group A,FT,, ,Northwest,11/13/2013,Hourly, ,<30,322,10.73,0
10/1/2018,55648,M,56,Group B,FT,, ,Northwest,7/14/2004,Hourly, ,50+,3731,124.37,0
10/1/2018,55650,M,23,Group E,PT,, ,North,9/26/2008,Hourly, ,<30,2196,73.2,0
10/1/2018,55666,M,21,Group D,PT,, ,South,7/13/2011,Hourly, ,<30,1176,39.2,0
10/1/2018,55700,F,52,Group B,FT,, ,Central,8/30/2005,Hourly, ,50+,3319,110.63,0
10/1/2018,55704,M,52,Group G,FT,, ,Central,5/10/2005,Hourly, ,50+,3431,114.37,0
10/1/2018,55714,M,21,Group D,PT,, ,Central,2/28/2014,Hourly, ,<30,215,7.17,0
10/1/2018,55722,M,40,Group C,PT,, ,Central,5/4/2010,Hourly, ,30-49,1611,53.7,0
10/1/2018,55726,M,42,Group E,FT,, ,Central,10/23/2008,Hourly, ,30-49,2169,72.3,0
10/1/2018,55730,M,22,Group A,PT,, ,Central,8/27/2010,Hourly, ,<30,1496,49.87,0
10/1/2018,55734,M,46,Group F,PT,, ,Central,4/30/2008,Hourly, ,30-49,2345,78.17,0
10/1/2018,55750,M,40,Group A,FT,, ,Central,8/24/2011,Hourly, ,30-49,1134,37.8,0
10/1/2018,55770,M,30,Group E,PT,, ,North,8/11/2000,Hourly, ,30-49,5164,172.13,0
10/1/2018,55776,F,24,Group E,PT,, ,South,2/1/2012,Hourly, ,<30,973,32.43,0
10/1/2018,55778,M,43,Group B,PT,, ,South,5/18/2011,Hourly, ,30-49,1232,41.07,0
10/1/2018,55780,M,64,Group A,PT,, ,North,8/18/2011,Hourly, ,50+,1140,38,0
10/1/2018,56246,M,34,Group E,PT,, ,Central,10/4/2001,Hourly, ,30-49,4745,158.17,0
10/1/2018,56262,F,20,Group E,PT,, ,Central,9/9/2014,Hourly, ,<30,22,0.73,0
10/1/2018,56276,M,24,Group G,PT,, ,Central,5/21/2013,Hourly, ,<30,498,16.6,0
10/1/2018,56292,F,33,Group G,FT,, ,Central,12/11/2007,Hourly, ,30-49,2486,82.87,0
10/1/2018,56296,M,56,Group D,FT,, ,Central,3/26/2010,Hourly, ,50+,1650,55,0
10/1/2018,56300,F,21,Group C,PT,, ,Central,8/20/2014,Hourly, ,<30,42,1.4,0
10/1/2018,56314,M,49,Group C,PT,, ,Central,8/9/2012,Hourly, ,30-49,783,26.1,0
10/1/2018,56318,M,32,Group C,PT,, ,Central,4/25/2014,Hourly, ,30-49,159,5.3,0
10/1/2018,56320,M,26,Group A,PT,, ,Central,4/23/2014,Hourly, ,<30,161,5.37,0
10/1/2018,56324,M,53,Group C,PT,, ,Central,6/1/2014,Hourly, ,50+,122,4.07,0
10/1/2018,56330,M,53,Group E,FT,, ,West,11/17/2009,Hourly, ,50+,1779,59.3,0
10/1/2018,56334,F,25,Group G,PT,, ,West,3/27/2013,Hourly, ,<30,553,18.43,0
10/1/2018,56354,M,68,Group D,PT,, ,West,8/9/2011,Hourly, ,50+,1149,38.3,0
10/1/2018,56358,M,64,Group E,PT,, ,West,2/23/2007,Hourly, ,50+,2777,92.57,0
10/1/2018,56360,M,22,Group B,PT,, ,West,10/17/2013,Hourly, ,<30,349,11.63,0
10/1/2018,56394,M,19,Group A,PT,,Yes,West,10/17/2014,Hourly, ,<30,0,0,0
10/1/2018,56424,M,40,Group D,PT,, ,Northwest,11/6/2013,Hourly, ,30-49,329,10.97,0
10/1/2018,56440,M,36,Group E,PT,,Yes,Northwest,10/29/2014,Hourly, ,30-49,0,0,0
10/1/2018,56444,M,18,Group D,PT,,Yes,Northwest,10/15/2014,Hourly, ,<30,0,0,0
10/1/2018,56446,M,20,Group F,PT,, ,Northwest,9/28/2013,Hourly, ,<30,368,12.27,0
10/1/2018,56456,M,20,Group E,PT,, ,Northwest,6/28/2013,Hourly, ,<30,460,15.33,0
10/1/2018,56464,M,58,Group D,PT,, ,Northwest,4/17/2014,Hourly, ,50+,167,5.57,0
10/1/2018,56472,M,20,Group F,PT,, ,Northwest,10/17/2013,Hourly, ,<30,349,11.63,0
10/1/2018,56490,M,66,Group G,FT,, ,South,10/19/1988,Hourly, ,50+,9478,315.93,0
10/1/2018,56498,M,51,Group C,FT,, ,Midwest,1/27/2000,Hourly, ,50+,5361,178.7,0
10/1/2018,56508,F,29,Group F,FT,, ,Midwest,8/4/2004,Hourly, ,<30,3710,123.67,0
10/1/2018,56516,M,50,Group E,FT,, ,Midwest,9/20/1984,Hourly, ,50+,10968,365.6,0
10/1/2018,56526,M,63,Group C,FT,, ,South,6/30/1987,Hourly, ,50+,9955,331.83,0
10/1/2018,91744,F,30,Group F,FT,, ,North,12/19/2006,Salary, ,30-49,2843,94.77,0
10/1/2018,91790,M,20,Group A,PT,, ,North,1/4/2013,Hourly, ,<30,635,21.17,0
10/1/2018,91824,M,24,Group D,FT,, ,North,5/24/2008,Hourly, ,<30,2321,77.37,0
10/1/2018,91868,M,60,Group D,FT,, ,East,7/8/2014,Salary, ,50+,85,2.83,0
10/1/2018,91920,M,27,Group G,FT,, ,East,8/2/2014,Hourly, ,<30,60,2,0
10/1/2018,92018,F,61,Group D,FT,, ,East,11/7/2012,Hourly, ,50+,693,23.1,0
10/1/2018,92056,F,52,Group F,FT,, ,East,3/21/2006,Hourly, ,50+,3116,103.87,0
10/1/2018,92072,F,52,Group B,FT,, ,East,8/26/2008,Salary, ,50+,2227,74.23,0
10/1/2018,92166,F,59,Group D,FT,, ,East,1/17/2006,Hourly, ,50+,3179,105.97,0
10/1/2018,92168,F,43,Group B,FT,, ,East,5/13/2003,Hourly, ,30-49,4159,138.63,0
10/1/2018,92170,F,40,Group G,FT,, ,East,9/18/2014,Hourly, ,30-49,13,0.43,0
10/1/2018,92240,M,30,Group D,PT,, ,East,5/7/2008,Hourly, ,30-49,2338,77.93,0
10/1/2018,92242,M,51,Group F,FT,, ,East,7/8/2014,Salary, ,50+,85,2.83,0
10/1/2018,92246,F,38,Group B,FT,, ,East,10/5/2010,Salary, ,30-49,1457,48.57,0
10/1/2018,92250,M,55,Group C,FT,, ,East,9/8/1981,Salary, ,50+,12076,402.53,0
10/1/2018,92254,M,53,Group F,FT,, ,East,11/15/2011,Salary, ,50+,1051,35.03,0
10/1/2018,92258,F,61,Group C,FT,, ,East,12/13/2011,Hourly, ,50+,1023,34.1,0
10/1/2018,92260,M,51,Group B,FT,, ,East,6/27/2008,Hourly, ,50+,2287,76.23,0
10/1/2018,92270,F,39,Group F,FT,, ,East,3/28/2006,Salary, ,30-49,3109,103.63,0
10/1/2018,92276,F,31,Group E,FT,, ,East,4/15/2014,Salary, ,30-49,169,5.63,0
10/1/2018,92282,F,30,Group E,FT,, ,East,12/1/2009,Salary, ,30-49,1765,58.83,0
10/1/2018,92288,F,54,Group C,FT,,Yes,East,10/28/2014,Salary, ,50+,0,0,0
10/1/2018,92290,F,44,Group F,FT,, ,East,10/29/2013,Salary, ,30-49,337,11.23,0
10/1/2018,92292,F,31,Group F,FT,, ,East,8/2/2011,Salary, ,30-49,1156,38.53,0
10/1/2018,92302,M,37,Group E,FT,, ,East,3/1/2008,Salary, ,30-49,2405,80.17,0
10/1/2018,92310,M,39,Group B,FT,, ,East,6/25/2008,Salary, ,30-49,2289,76.3,0
10/1/2018,92324,F,28,Group F,FT,, ,East,6/2/2005,Salary, ,<30,3408,113.6,0
10/1/2018,92328,F,37,Group A,FT,, ,East,2/4/2009,Salary, ,30-49,2065,68.83,0
10/1/2018,92332,F,46,Group G,FT,, ,East,2/21/2006,Salary, ,30-49,3144,104.8,0
10/1/2018,92334,M,47,Group F,FT,, ,East,1/7/2009,Salary, ,30-49,2093,69.77,0
10/1/2018,92336,F,40,Group E,FT,, ,East,2/25/2009,Salary, ,30-49,2044,68.13,0
10/1/2018,92338,F,51,Group F,FT,, ,East,8/11/2009,Salary, ,50+,1877,62.57,0
10/1/2018,92340,F,30,Group B,FT,, ,East,9/29/2009,Salary, ,30-49,1828,60.93,0
10/1/2018,92352,F,54,Group C,FT,, ,East,8/9/2011,Hourly, ,50+,1149,38.3,0
10/1/2018,92354,F,53,Group D,FT,, ,East,8/6/2013,Hourly, ,50+,421,14.03,0
10/1/2018,92358,F,58,Group C,FT,, ,East,5/14/2002,Hourly, ,50+,4523,150.77,0
10/1/2018,92366,F,62,Group F,FT,, ,East,4/4/2006,Hourly, ,50+,3102,103.4,0
10/1/2018,92386,F,46,Group F,FT,, ,East,4/3/2013,Hourly, ,30-49,546,18.2,0
10/1/2018,92404,F,31,Group D,FT,, ,East,9/6/2013,Hourly, ,30-49,390,13,0
10/1/2018,92420,M,27,Group D,FT,, ,East,6/23/2004,Hourly, ,<30,3752,125.07,0
10/1/2018,92438,F,53,Group B,FT,, ,East,12/18/2007,Hourly, ,50+,2479,82.63,0
10/1/2018,92440,F,39,Group B,FT,, ,East,2/7/2012,Hourly, ,30-49,967,32.23,0
10/1/2018,92444,F,37,Group F,FT,, ,East,9/30/2014,Salary, ,30-49,1,0.03,0
10/1/2018,92460,F,28,Group B,FT,,Yes,East,10/27/2014,Salary, ,<30,0,0,0
10/1/2018,92484,F,32,Group C,FT,, ,East,4/28/2011,Salary, ,30-49,1252,41.73,0
10/1/2018,95686,F,23,Group G,PT,, ,East,8/19/2014,Hourly, ,<30,43,1.43,0
10/1/2018,95692,M,50,Group F,FT,, ,East,9/2/2009,Salary, ,50+,1855,61.83,0
10/1/2018,95694,M,34,Group A,FT,, ,East,7/21/2005,Salary, ,30-49,3359,111.97,0
10/1/2018,95696,F,56,Group E,FT,, ,East,11/3/1987,Salary, ,50+,9829,327.63,0
10/1/2018,95710,F,26,Group F,FT,, ,East,2/9/2012,Salary, ,<30,965,32.17,0
10/1/2018,95712,F,23,Group A,FT,, ,East,4/29/2014,Salary, ,<30,155,5.17,0
10/1/2018,95716,M,29,Group F,FT,, ,East,7/23/2013,Salary, ,<30,435,14.5,0
10/1/2018,95722,F,38,Group A,FT,, ,East,4/2/2013,Salary, ,30-49,547,18.23,0
10/1/2018,95726,F,38,Group D,FT,, ,East,7/23/2013,Salary, ,30-49,435,14.5,0
10/1/2018,95728,M,52,Group F,FT,, ,East,5/28/2003,Salary, ,50+,4144,138.13,0
10/1/2018,95730,F,30,Group D,FT,, ,East,6/24/2008,Salary, ,30-49,2290,76.33,0
10/1/2018,95738,M,38,Group C,FT,, ,East,4/15/2014,Salary, ,30-49,169,5.63,0
10/1/2018,95740,M,35,Group E,FT,, ,East,8/13/2008,Salary, ,30-49,2240,74.67,0
10/1/2018,95744,F,51,Group B,FT,, ,East,3/3/1987,Salary, ,50+,10074,335.8,0
10/1/2018,95750,F,23,Group E,FT,, ,East,5/13/2014,Salary, ,<30,141,4.7,0
10/1/2018,95752,F,32,Group D,FT,, ,East,12/1/2006,Salary, ,30-49,2861,95.37,0
10/1/2018,95754,M,58,Group G,FT,, ,East,6/6/2006,Salary, ,50+,3039,101.3,0
10/1/2018,95762,F,37,Group D,FT,, ,East,8/27/2008,Salary, ,30-49,2226,74.2,0
10/1/2018,95770,F,26,Group F,FT,, ,East,5/29/2013,Salary, ,<30,490,16.33,0
10/1/2018,95772,F,54,Group A,FT,, ,East,5/15/1984,Salary, ,50+,11096,369.87,0
10/1/2018,95780,F,34,Group E,FT,, ,East,8/12/2014,Salary, ,30-49,50,1.67,0
10/1/2018,95782,F,42,Group E,FT,, ,East,9/17/2008,Salary, ,30-49,2205,73.5,0
10/1/2018,95784,M,43,Group F,FT,, ,East,7/17/2007,Salary, ,30-49,2633,87.77,0
10/1/2018,95788,F,52,Group G,FT,, ,East,1/5/2010,Salary, ,50+,1730,57.67,0
10/1/2018,95792,F,37,Group D,PT,, ,East,8/27/2013,Salary, ,30-49,400,13.33,0
10/1/2018,96072,F,21,Group E,PT,, ,East,5/13/2014,Hourly, ,<30,141,4.7,0
10/1/2018,96180,M,26,Group E,FT,, ,East,1/29/2008,Hourly, ,<30,2437,81.23,0
10/1/2018,96198,F,49,Group G,PT,, ,East,2/18/2014,Hourly, ,30-49,225,7.5,0
10/1/2018,96218,F,32,Group A,PT,, ,East,7/30/2013,Hourly, ,30-49,428,14.27,0
10/1/2018,96236,F,34,Group A,FT,, ,East,10/11/2011,Hourly, ,30-49,1086,36.2,0
10/1/2018,96352,F,23,Group E,FT,, ,East,2/13/2013,Hourly, ,<30,595,19.83,0
10/1/2018,96374,F,18,Group E,PT,, ,East,7/22/2014,Hourly, ,<30,71,2.37,0
10/1/2018,96376,M,18,Group G,PT,,Yes,East,10/7/2014,Hourly, ,<30,0,0,0
10/1/2018,96382,F,25,Group A,FT,, ,East,11/20/2007,Hourly, ,<30,2507,83.57,0
10/1/2018,96442,M,46,Group C,FT,, ,East,9/20/2005,Hourly, ,30-49,3298,109.93,0
10/1/2018,96484,F,21,Group E,PT,, ,East,7/8/2014,Hourly, ,<30,85,2.83,0
10/1/2018,96504,F,28,Group B,FT,, ,East,2/11/2014,Hourly, ,<30,232,7.73,0
10/1/2018,96512,F,19,Group C,PT,, ,East,1/21/2014,Hourly, ,<30,253,8.43,0
10/1/2018,96764,F,36,Group E,FT,, ,East,7/13/2001,Hourly, ,30-49,4828,160.93,0
10/1/2018,97020,F,41,Group B,FT,, ,East,6/21/2002,Hourly, ,30-49,4485,149.5,0
10/1/2018,97038,F,26,Group E,FT,, ,East,10/2/2007,Hourly, ,<30,2556,85.2,0
10/1/2018,97052,F,50,Group A,FT,, ,East,5/14/2008,Hourly, ,50+,2331,77.7,0
10/1/2018,97066,F,25,Group F,FT,, ,East,7/19/2011,Hourly, ,<30,1170,39,0
10/1/2018,97198,M,25,Group A,PT,, ,East,10/24/2012,Hourly, ,<30,707,23.57,0
10/1/2018,97280,M,52,Group C,PT,, ,East,9/23/2014,Hourly, ,50+,8,0.27,0
10/1/2018,97318,F,26,Group A,PT,, ,East,5/13/2009,Hourly, ,<30,1967,65.57,0
10/1/2018,97344,F,37,Group F,FT,, ,East,2/27/2003,Hourly, ,30-49,4234,141.13,0
10/1/2018,97528,F,19,Group B,PT,, ,East,10/29/2013,Hourly, ,<30,337,11.23,0
10/1/2018,97546,F,60,Group E,FT,, ,East,7/24/2003,Hourly, ,50+,4087,136.23,0
10/1/2018,97712,M,20,Group C,PT,, ,East,4/29/2014,Hourly, ,<30,155,5.17,0
10/1/2018,98080,F,32,Group A,FT,, ,East,10/9/2001,Hourly, ,30-49,4740,158,0
10/1/2018,98172,F,22,Group D,FT,, ,East,2/25/2014,Hourly, ,<30,218,7.27,0
10/1/2018,98352,F,23,Group B,FT,, ,East,8/9/2011,Hourly, ,<30,1149,38.3,0
10/1/2018,98432,F,32,Group E,FT,, ,East,4/5/2005,Hourly, ,30-49,3466,115.53,0
10/1/2018,98546,F,20,Group B,PT,,Yes,East,10/28/2014,Hourly, ,<30,0,0,0
10/1/2018,98712,M,20,Group C,PT,,Yes,East,10/16/2014,Hourly, ,<30,0,0,0
