Date,EmpID,Gender,Age,EthnicGroup,FP,TermDate,isNewHire,BU Region,HireDate,PayType,TermReason,AgeGroup,TenureDays,TenureMonths,BadHires
6/1/2018,406,M,23,Group C,PT,6/27/2014,Yes,North,6/27/2014,Hourly,Voluntary,<30,0,0,1
6/1/2018,510,M,18,Group D,PT,6/27/2014, ,North,5/29/2014,Hourly,Voluntary,<30,29,0.97,1
6/1/2018,816,M,26,Group D,PT,6/19/2014, ,North,5/31/2014,Hourly,Voluntary,<30,19,0.63,1
6/1/2018,850,M,42,Group B,PT,6/28/2014, ,North,5/29/2014,Hourly,Voluntary,30-49,30,1,1
6/1/2018,1544,M,23,Group A,PT,, ,North,2/4/2014,Hourly, ,<30,117,3.9,0
6/1/2018,1636,M,54,Group E,PT,,Yes,North,6/11/2014,Hourly, ,50+,0,0,0
6/1/2018,1654,F,18,Group D,PT,, ,North,5/8/2014,Hourly, ,<30,24,0.8,0
6/1/2018,1734,F,23,Group F,PT,6/26/2014, ,North,5/14/2014,Hourly,Voluntary,<30,43,1.43,1
6/1/2018,1780,F,22,Group F,PT,6/30/2014, ,North,11/15/2013,Hourly,Voluntary,<30,227,7.57,0
6/1/2018,1780,F,22,Group F,PT,, ,North,11/15/2013,Hourly, ,<30,198,6.6,0
6/1/2018,1828,M,44,Group A,PT,6/26/2014, ,North,4/18/2014,Hourly,Voluntary,30-49,69,2.3,0
6/1/2018,1904,M,28,Group G,PT,6/26/2014, ,North,5/30/2014,Hourly,Voluntary,<30,27,0.9,1
6/1/2018,1918,M,35,Group G,PT,6/6/2014, ,North,4/30/2014,Hourly,Voluntary,30-49,37,1.23,1
6/1/2018,1938,F,19,Group E,PT,,Yes,North,6/20/2014,Hourly, ,<30,0,0,0
6/1/2018,1942,F,24,Group G,PT,, ,North,5/22/2014,Hourly, ,<30,10,0.33,0
6/1/2018,1944,M,29,Group D,PT,6/1/2014, ,North,5/22/2014,Hourly,Voluntary,<30,10,0.33,1
6/1/2018,1946,F,22,Group E,PT,,Yes,North,6/13/2014,Hourly, ,<30,0,0,0
6/1/2018,1948,M,22,Group B,PT,,Yes,North,6/4/2014,Hourly, ,<30,0,0,0
6/1/2018,1950,M,39,Group A,PT,, ,North,8/27/2008,Hourly, ,30-49,2104,70.13,0
6/1/2018,1958,M,22,Group B,PT,, ,North,8/21/2013,Hourly, ,<30,284,9.47,0
6/1/2018,1962,F,22,Group A,PT,6/21/2014, ,North,5/8/2014,Hourly,Voluntary,<30,44,1.47,1
6/1/2018,1966,M,36,Group A,PT,6/27/2014, ,North,9/8/2012,Hourly,Voluntary,30-49,657,21.9,0
6/1/2018,1976,M,43,Group A,PT,, ,North,9/20/2013,Hourly, ,30-49,254,8.47,0
6/1/2018,1980,M,26,Group B,PT,, ,North,5/13/2014,Hourly, ,<30,19,0.63,0
6/1/2018,2142,M,22,Group G,PT,, ,Midwest,5/2/2014,Hourly, ,<30,30,1,0
6/1/2018,2160,F,22,Group B,PT,,Yes,Midwest,6/27/2014,Hourly, ,<30,0,0,0
6/1/2018,2180,F,42,Group G,PT,6/26/2014,Yes,Midwest,6/26/2014,Hourly,Voluntary,30-49,0,0,1
6/1/2018,2730,M,54,Group E,PT,6/26/2014,Yes,Midwest,6/25/2014,Hourly,Voluntary,50+,1,0.03,1
6/1/2018,3194,M,20,Group B,PT,,Yes,Midwest,6/19/2014,Hourly, ,<30,0,0,0
6/1/2018,3282,F,19,Group E,PT,6/10/2014, ,Midwest,5/30/2014,Hourly,Voluntary,<30,11,0.37,1
6/1/2018,3326,M,29,Group E,PT,,Yes,Midwest,6/27/2014,Hourly, ,<30,0,0,0
6/1/2018,3328,M,61,Group C,PT,6/27/2014,Yes,Midwest,6/27/2014,Hourly,Voluntary,50+,0,0,1
6/1/2018,3352,M,30,Group F,PT,6/23/2014, ,Midwest,5/30/2014,Hourly,Voluntary,30-49,24,0.8,1
6/1/2018,3492,M,26,Group G,PT,, ,Midwest,3/19/2014,Hourly, ,<30,74,2.47,0
6/1/2018,3498,M,18,Group A,PT,, ,Midwest,3/19/2014,Hourly, ,<30,74,2.47,0
6/1/2018,3500,M,19,Group C,PT,, ,Midwest,3/19/2014,Hourly, ,<30,74,2.47,0
6/1/2018,3958,F,20,Group C,PT,, ,South,5/29/2014,Hourly, ,<30,3,0.1,0
6/1/2018,4010,M,24,Group C,PT,,Yes,South,6/1/2014,Hourly, ,<30,0,0,0
6/1/2018,4014,F,24,Group C,PT,,Yes,South,6/1/2014,Hourly, ,<30,0,0,0
6/1/2018,4256,M,57,Group F,PT,6/28/2014,Yes,South,6/27/2014,Hourly,Voluntary,50+,1,0.03,1
6/1/2018,4458,M,20,Group A,PT,, ,South,4/30/2014,Hourly, ,<30,32,1.07,0
6/1/2018,4522,M,23,Group E,PT,6/27/2014,Yes,South,6/25/2014,Hourly,Voluntary,<30,2,0.07,1
6/1/2018,4530,M,22,Group C,PT,, ,South,5/17/2014,Hourly, ,<30,15,0.5,0
6/1/2018,4760,F,18,Group B,PT,6/30/2014,Yes,South,6/26/2014,Hourly,Voluntary,<30,4,0.13,1
6/1/2018,5064,M,29,Group G,PT,, ,South,5/21/2014,Hourly, ,<30,11,0.37,0
6/1/2018,5088,M,53,Group B,PT,,Yes,South,6/4/2014,Hourly, ,50+,0,0,0
6/1/2018,5202,M,25,Group E,PT,, ,North,8/12/2010,Hourly, ,<30,1389,46.3,0
6/1/2018,5214,F,21,Group B,PT,, ,North,5/15/2014,Hourly, ,<30,17,0.57,0
6/1/2018,5224,F,22,Group A,PT,, ,North,5/20/2014,Hourly, ,<30,12,0.4,0
6/1/2018,5234,M,26,Group E,PT,,Yes,North,6/12/2014,Hourly, ,<30,0,0,0
6/1/2018,5268,M,20,Group A,PT,, ,North,8/16/2013,Hourly, ,<30,289,9.63,0
6/1/2018,5296,F,22,Group D,PT,,Yes,Midwest,6/27/2014,Hourly, ,<30,0,0,0
6/1/2018,6702,M,18,Group F,PT,6/12/2014, ,North,5/30/2014,Hourly,Voluntary,<30,13,0.43,1
6/1/2018,7016,M,20,Group A,PT,, ,South,5/23/2014,Hourly, ,<30,9,0.3,0
6/1/2018,7062,M,26,Group A,PT,,Yes,North,6/6/2014,Hourly, ,<30,0,0,0
6/1/2018,7268,M,23,Group D,PT,, ,Midwest,5/30/2014,Hourly, ,<30,2,0.07,0
6/1/2018,7574,M,19,Group C,PT,6/19/2014, ,South,5/30/2014,Hourly,Involuntary,<30,20,0.67,1
6/1/2018,7738,F,19,Group E,PT,,Yes,Midwest,6/18/2014,Hourly, ,<30,0,0,0
6/1/2018,7804,M,22,Group F,PT,,Yes,Midwest,6/18/2014,Hourly, ,<30,0,0,0
6/1/2018,7838,F,21,Group A,PT,6/21/2014, ,Midwest,5/2/2014,Hourly,Involuntary,<30,50,1.67,1
6/1/2018,8072,F,20,Group E,PT,6/13/2014, ,Midwest,5/13/2014,Hourly,Voluntary,<30,31,1.03,1
6/1/2018,8270,M,22,Group A,PT,, ,Midwest,5/10/2014,Hourly, ,<30,22,0.73,0
6/1/2018,8418,M,25,Group E,PT,, ,Midwest,5/30/2014,Hourly, ,<30,2,0.07,0
6/1/2018,9224,M,24,Group B,PT,6/23/2014, ,North,5/29/2014,Hourly,Voluntary,<30,25,0.83,1
6/1/2018,9244,M,19,Group B,PT,6/2/2014, ,North,5/30/2014,Hourly,Voluntary,<30,3,0.1,1
6/1/2018,9402,F,28,Group C,PT,6/9/2014, ,North,5/30/2014,Hourly,Voluntary,<30,10,0.33,1
6/1/2018,9432,F,19,Group B,PT,, ,North,3/8/2014,Hourly, ,<30,85,2.83,0
6/1/2018,9460,M,21,Group D,PT,, ,North,9/27/2011,Hourly, ,<30,978,32.6,0
6/1/2018,9476,M,20,Group C,PT,,Yes,North,6/4/2014,Hourly, ,<30,0,0,0
6/1/2018,9500,M,56,Group G,PT,6/16/2014, ,North,9/13/2013,Hourly,Voluntary,50+,276,9.2,0
6/1/2018,9904,F,19,Group B,PT,, ,North,2/26/2014,Hourly, ,<30,95,3.17,0
6/1/2018,10178,M,21,Group B,PT,6/30/2014, ,North,5/30/2014,Hourly,Voluntary,<30,31,1.03,1
6/1/2018,10190,F,19,Group E,PT,6/16/2014, ,North,3/1/2014,Hourly,Voluntary,<30,107,3.57,0
6/1/2018,10214,F,19,Group C,PT,6/7/2014, ,North,4/3/2014,Hourly,Involuntary,<30,65,2.17,0
6/1/2018,10230,M,19,Group C,PT,6/22/2014, ,North,4/2/2014,Hourly,Involuntary,<30,81,2.7,0
6/1/2018,10490,M,19,Group A,PT,, ,South,2/28/2014,Hourly, ,<30,93,3.1,0
6/1/2018,10786,M,26,Group B,PT,, ,South,10/16/2013,Hourly, ,<30,228,7.6,0
6/1/2018,10854,F,20,Group G,PT,, ,South,10/31/2013,Hourly, ,<30,213,7.1,0
6/1/2018,10982,M,30,Group E,PT,, ,South,5/29/2014,Hourly, ,30-49,3,0.1,0
6/1/2018,10990,M,50,Group F,PT,, ,South,5/29/2014,Hourly, ,50+,3,0.1,0
6/1/2018,11434,M,21,Group A,PT,,Yes,South,6/1/2014,Hourly, ,<30,0,0,0
6/1/2018,11544,F,27,Group E,PT,6/28/2014, ,South,5/30/2014,Hourly,Involuntary,<30,29,0.97,1
6/1/2018,11578,F,20,Group F,PT,6/16/2014, ,South,5/1/2014,Hourly,Involuntary,<30,46,1.53,1
6/1/2018,11634,M,32,Group C,PT,,Yes,South,6/6/2014,Hourly, ,30-49,0,0,0
6/1/2018,11638,F,19,Group C,PT,, ,South,5/24/2014,Hourly, ,<30,8,0.27,0
6/1/2018,11640,F,21,Group C,PT,,Yes,South,6/19/2014,Hourly, ,<30,0,0,0
6/1/2018,11658,F,21,Group B,PT,6/29/2014,Yes,South,6/26/2014,Hourly,Involuntary,<30,3,0.1,1
6/1/2018,11708,F,22,Group F,PT,6/29/2014, ,South,5/31/2014,Hourly,Involuntary,<30,29,0.97,1
6/1/2018,11786,M,45,Group A,PT,6/16/2014, ,South,5/30/2014,Hourly,Involuntary,30-49,17,0.57,1
6/1/2018,11802,M,35,Group F,PT,,Yes,South,6/19/2014,Hourly, ,30-49,0,0,0
6/1/2018,11804,M,33,Group C,PT,,Yes,South,6/5/2014,Hourly, ,30-49,0,0,0
6/1/2018,11806,M,19,Group C,PT,, ,South,5/24/2014,Hourly, ,<30,8,0.27,0
6/1/2018,11836,M,22,Group A,PT,,Yes,South,6/20/2014,Hourly, ,<30,0,0,0
6/1/2018,11858,M,28,Group E,PT,,Yes,South,6/4/2014,Hourly, ,<30,0,0,0
6/1/2018,12032,F,21,Group E,PT,,Yes,South,6/4/2014,Hourly, ,<30,0,0,0
6/1/2018,12044,M,27,Group A,PT,, ,South,4/23/2014,Hourly, ,<30,39,1.3,0
6/1/2018,12222,F,19,Group D,PT,6/28/2014, ,South,5/30/2014,Hourly,Involuntary,<30,29,0.97,1
6/1/2018,12436,M,19,Group A,PT,,Yes,South,6/25/2014,Hourly, ,<30,0,0,0
6/1/2018,12518,M,22,Group C,PT,,Yes,South,6/12/2014,Hourly, ,<30,0,0,0
6/1/2018,12560,F,21,Group E,PT,,Yes,South,6/17/2014,Hourly, ,<30,0,0,0
6/1/2018,12874,M,27,Group C,FT,, ,South,2/28/2014,Salary, ,<30,93,3.1,0
6/1/2018,13002,F,26,Group G,FT,6/5/2014, ,East,5/8/2014,Hourly,Involuntary,<30,28,0.93,1
6/1/2018,13194,M,22,Group E,PT,6/26/2014, ,Northwest,5/9/2014,Hourly,Involuntary,<30,48,1.6,1
6/1/2018,13212,M,20,Group F,PT,6/23/2014, ,West,5/30/2014,Hourly,Involuntary,<30,24,0.8,1
6/1/2018,13400,F,24,Group E,PT,, ,Central,4/29/2014,Hourly, ,<30,33,1.1,0
6/1/2018,13422,F,20,Group C,PT,, ,Central,4/18/2014,Hourly, ,<30,44,1.47,0
6/1/2018,13462,F,42,Group E,PT,6/21/2014, ,West,5/30/2014,Hourly,Involuntary,30-49,22,0.73,1
6/1/2018,13904,M,19,Group B,PT,, ,West,5/21/2014,Hourly, ,<30,11,0.37,0
6/1/2018,14084,M,25,Group B,PT,,Yes,Central,6/17/2014,Hourly, ,<30,0,0,0
6/1/2018,14252,M,34,Group A,PT,6/27/2014,Yes,Central,6/27/2014,Hourly,Involuntary,30-49,0,0,1
6/1/2018,14310,M,47,Group E,PT,, ,Central,5/2/2014,Hourly, ,30-49,30,1,0
6/1/2018,14570,M,20,Group F,PT,6/22/2014, ,West,5/30/2014,Hourly,Involuntary,<30,23,0.77,1
6/1/2018,14662,F,18,Group C,PT,6/30/2014, ,Northwest,5/30/2014,Hourly,Involuntary,<30,31,1.03,1
6/1/2018,14692,F,18,Group E,PT,6/19/2014, ,Central,5/30/2014,Hourly,Involuntary,<30,20,0.67,1
6/1/2018,15122,F,22,Group B,PT,6/4/2014, ,Central,4/16/2014,Hourly,Involuntary,<30,49,1.63,1
6/1/2018,15420,M,22,Group A,PT,6/27/2014,Yes,Central,6/25/2014,Hourly,Voluntary,<30,2,0.07,1
6/1/2018,15496,M,19,Group A,PT,6/27/2014, ,West,5/29/2014,Hourly,Voluntary,<30,29,0.97,1
6/1/2018,15870,F,32,Group C,PT,6/27/2014,Yes,Central,6/25/2014,Hourly,Voluntary,30-49,2,0.07,1
6/1/2018,15942,M,20,Group B,PT,6/17/2014, ,Central,5/30/2014,Hourly,Voluntary,<30,18,0.6,1
6/1/2018,16012,F,20,Group C,PT,6/26/2014,Yes,Central,6/26/2014,Hourly,Voluntary,<30,0,0,1
6/1/2018,16206,F,24,Group B,PT,6/30/2014,Yes,Central,6/26/2014,Hourly,Voluntary,<30,4,0.13,1
6/1/2018,16340,F,19,Group C,PT,,Yes,West,6/19/2014,Hourly, ,<30,0,0,0
6/1/2018,16368,M,22,Group A,PT,6/29/2014, ,West,5/30/2014,Hourly,Voluntary,<30,30,1,1
6/1/2018,16668,M,19,Group E,PT,, ,North,3/13/2014,Hourly, ,<30,80,2.67,0
6/1/2018,16678,M,57,Group A,FT,, ,Northwest,6/7/2012,Hourly, ,50+,724,24.13,0
6/1/2018,16996,F,21,Group C,PT,, ,West,3/13/2014,Hourly, ,<30,80,2.67,0
6/1/2018,17244,F,22,Group G,PT,, ,Central,3/6/2014,Hourly, ,<30,87,2.9,0
6/1/2018,17316,M,32,Group A,PT,, ,Central,4/23/2014,Hourly, ,30-49,39,1.3,0
6/1/2018,17362,F,29,Group B,FT,, ,East,12/20/2011,Hourly, ,<30,894,29.8,0
6/1/2018,17996,M,28,Group D,PT,,Yes,Northwest,6/24/2014,Hourly, ,<30,0,0,0
6/1/2018,18006,F,18,Group E,PT,,Yes,Northwest,6/7/2014,Hourly, ,<30,0,0,0
6/1/2018,18230,M,48,Group A,PT,, ,North,10/24/2007,Hourly, ,30-49,2412,80.4,0
6/1/2018,18434,F,24,Group E,PT,, ,Northwest,5/3/2014,Hourly, ,<30,29,0.97,0
6/1/2018,18786,M,40,Group C,PT,, ,Central,10/16/2013,Hourly, ,30-49,228,7.6,0
6/1/2018,18926,F,23,Group A,PT,6/27/2014, ,West,11/30/2012,Hourly,Voluntary,<30,574,19.13,0
6/1/2018,18994,F,21,Group B,FT,, ,Northwest,9/9/2013,Hourly, ,<30,265,8.83,0
6/1/2018,19120,M,37,Group A,PT,,Yes,Central,6/4/2014,Hourly, ,30-49,0,0,0
6/1/2018,19376,M,19,Group C,PT,, ,Central,10/3/2013,Hourly, ,<30,241,8.03,0
6/1/2018,19442,M,22,Group D,PT,,Yes,Central,6/17/2014,Hourly, ,<30,0,0,0
6/1/2018,19530,F,19,Group G,PT,6/15/2014, ,Central,5/31/2014,Hourly,Involuntary,<30,15,0.5,1
6/1/2018,19598,F,19,Group G,PT,, ,Northwest,2/13/2014,Hourly, ,<30,108,3.6,0
6/1/2018,19600,F,24,Group A,FT,, ,Northwest,4/27/2011,Hourly, ,<30,1131,37.7,0
6/1/2018,19712,M,56,Group B,PT,6/23/2014, ,Northwest,3/14/2014,Hourly,Involuntary,50+,101,3.37,0
6/1/2018,19870,M,24,Group A,PT,, ,Northwest,10/24/2013,Hourly, ,<30,220,7.33,0
6/1/2018,20196,F,19,Group E,PT,, ,Northwest,5/23/2014,Hourly, ,<30,9,0.3,0
6/1/2018,20242,M,24,Group F,PT,6/22/2014, ,Northwest,5/30/2014,Hourly,Voluntary,<30,23,0.77,1
6/1/2018,20288,M,24,Group F,PT,6/14/2014, ,Northwest,5/16/2014,Hourly,Voluntary,<30,29,0.97,1
6/1/2018,20536,M,24,Group F,PT,6/26/2014,Yes,Central,6/25/2014,Hourly,Involuntary,<30,1,0.03,1
6/1/2018,21136,M,19,Group B,PT,, ,Central,4/3/2014,Hourly, ,<30,59,1.97,0
6/1/2018,21178,F,21,Group G,PT,6/27/2014, ,Central,5/21/2014,Hourly,Voluntary,<30,37,1.23,1
6/1/2018,21472,M,24,Group B,PT,, ,Northwest,4/10/2014,Hourly, ,<30,52,1.73,0
6/1/2018,21544,F,27,Group B,PT,, ,Northwest,9/2/2010,Hourly, ,<30,1368,45.6,0
6/1/2018,21594,F,19,Group C,PT,,Yes,Northwest,6/25/2014,Hourly, ,<30,0,0,0
6/1/2018,21600,F,21,Group G,PT,,Yes,South,6/13/2014,Hourly, ,<30,0,0,0
6/1/2018,21608,F,21,Group G,PT,,Yes,Midwest,6/26/2014,Hourly, ,<30,0,0,0
6/1/2018,21628,F,20,Group G,PT,,Yes,Northwest,6/12/2014,Hourly, ,<30,0,0,0
6/1/2018,21630,F,19,Group B,PT,, ,South,10/18/2013,Hourly, ,<30,226,7.53,0
6/1/2018,21870,F,21,Group C,PT,, ,North,9/13/2013,Hourly, ,<30,261,8.7,0
6/1/2018,22298,F,22,Group E,FT,, ,East,5/20/2014,Hourly, ,<30,12,0.4,0
6/1/2018,22570,F,21,Group D,FT,, ,East,5/20/2014,Hourly, ,<30,12,0.4,0
6/1/2018,22578,F,69,Group C,FT,6/22/2014, ,Northwest,5/5/2011,Hourly,Voluntary,50+,1144,38.13,0
6/1/2018,22984,M,19,Group D,PT,,Yes,Central,6/5/2014,Hourly, ,<30,0,0,0
6/1/2018,23112,F,21,Group G,PT,, ,North,2/22/2012,Hourly, ,<30,830,27.67,0
6/1/2018,23144,F,22,Group D,PT,, ,North,5/15/2014,Hourly, ,<30,17,0.57,0
6/1/2018,23394,M,23,Group B,PT,, ,Central,9/22/2012,Hourly, ,<30,617,20.57,0
6/1/2018,23410,M,18,Group G,PT,, ,Northwest,5/30/2014,Hourly, ,<30,2,0.07,0
6/1/2018,23426,M,21,Group D,PT,, ,West,5/21/2014,Hourly, ,<30,11,0.37,0
6/1/2018,23834,F,18,Group D,PT,6/18/2014, ,North,5/30/2014,Hourly,Voluntary,<30,19,0.63,1
6/1/2018,24138,F,20,Group C,PT,,Yes,Northwest,6/18/2014,Hourly, ,<30,0,0,0
6/1/2018,24502,F,23,Group F,PT,, ,East,9/17/2013,Hourly, ,<30,257,8.57,0
6/1/2018,24518,F,20,Group A,PT,, ,East,1/23/2014,Hourly, ,<30,129,4.3,0
6/1/2018,24614,F,24,Group A,PT,, ,North,8/23/2013,Hourly, ,<30,282,9.4,0
6/1/2018,24684,M,38,Group F,PT,, ,West,5/21/2014,Hourly, ,30-49,11,0.37,0
6/1/2018,24700,F,21,Group F,FT,, ,East,5/7/2014,Hourly, ,<30,25,0.83,0
6/1/2018,24994,M,21,Group B,PT,, ,Northwest,11/19/2013,Hourly, ,<30,194,6.47,0
6/1/2018,25002,M,51,Group G,PT,, ,Northwest,3/7/2014,Hourly, ,50+,86,2.87,0
6/1/2018,25044,F,20,Group G,PT,, ,Central,6/21/2013,Hourly, ,<30,345,11.5,0
6/1/2018,25148,F,23,Group C,PT,, ,Central,11/13/2013,Hourly, ,<30,200,6.67,0
6/1/2018,25206,F,47,Group B,PT,6/16/2014, ,Northwest,2/20/2014,Hourly,Voluntary,30-49,116,3.87,0
6/1/2018,25212,F,21,Group F,PT,, ,West,7/17/2013,Hourly, ,<30,319,10.63,0
6/1/2018,25882,F,22,Group D,PT,, ,Northwest,6/22/2012,Hourly, ,<30,709,23.63,0
6/1/2018,25892,F,20,Group F,PT,, ,Northwest,6/29/2012,Hourly, ,<30,702,23.4,0
6/1/2018,26232,M,21,Group E,PT,,Yes,Northwest,6/13/2014,Hourly, ,<30,0,0,0
6/1/2018,26810,M,39,Group F,PT,6/27/2014,Yes,Northwest,6/25/2014,Hourly,Voluntary,30-49,2,0.07,1
6/1/2018,26836,M,45,Group A,PT,, ,Midwest,1/29/2014,Hourly, ,30-49,123,4.1,0
6/1/2018,26924,F,23,Group F,PT,6/28/2014, ,West,9/21/2012,Hourly,Voluntary,<30,645,21.5,0
6/1/2018,26954,M,88,Group B,PT,, ,West,8/27/2009,Hourly, ,50+,1739,57.97,0
6/1/2018,27676,F,21,Group A,PT,, ,East,3/11/2014,Hourly, ,<30,82,2.73,0
6/1/2018,28066,M,29,Group F,PT,, ,Northwest,4/30/2014,Hourly, ,<30,32,1.07,0
6/1/2018,28262,M,61,Group B,PT,, ,Central,11/1/2013,Hourly, ,50+,212,7.07,0
6/1/2018,28276,M,22,Group A,PT,, ,Central,4/30/2013,Hourly, ,<30,397,13.23,0
6/1/2018,28384,M,69,Group C,PT,6/28/2014,Yes,Northwest,6/27/2014,Hourly,Voluntary,50+,1,0.03,1
6/1/2018,28738,F,23,Group G,PT,, ,Central,9/16/2012,Hourly, ,<30,623,20.77,0
6/1/2018,28758,M,22,Group A,PT,, ,West,1/7/2014,Hourly, ,<30,145,4.83,0
6/1/2018,28770,F,22,Group G,PT,6/23/2014, ,Northwest,5/9/2014,Hourly,Voluntary,<30,45,1.5,1
6/1/2018,29004,F,49,Group C,PT,6/9/2014,Yes,Central,6/1/2014,Hourly,Voluntary,30-49,8,0.27,1
6/1/2018,29006,M,25,Group G,PT,6/1/2014,Yes,Central,6/1/2014,Hourly,Voluntary,<30,0,0,1
6/1/2018,29044,M,46,Group C,PT,,Yes,West,6/5/2014,Hourly, ,30-49,0,0,0
6/1/2018,29062,M,44,Group G,FT,, ,Midwest,5/26/2009,Hourly, ,30-49,1832,61.07,0
6/1/2018,29126,F,22,Group A,PT,6/10/2014, ,Northwest,2/7/2014,Hourly,Voluntary,<30,123,4.1,0
6/1/2018,29140,M,41,Group B,PT,6/30/2014,Yes,Northwest,6/27/2014,Hourly,Voluntary,30-49,3,0.1,1
6/1/2018,29140,M,41,Group B,PT,,Yes,Northwest,6/27/2014,Hourly, ,30-49,0,0,0
6/1/2018,29274,F,24,Group F,PT,, ,Central,5/16/2013,Hourly, ,<30,381,12.7,0
6/1/2018,29444,F,22,Group G,PT,, ,West,5/7/2014,Hourly, ,<30,25,0.83,0
6/1/2018,29552,F,27,Group B,PT,, ,West,3/15/2013,Hourly, ,<30,443,14.77,0
6/1/2018,29632,M,29,Group F,PT,, ,Central,4/1/2010,Hourly, ,<30,1522,50.73,0
6/1/2018,29766,M,49,Group F,PT,,Yes,Central,6/18/2014,Hourly, ,30-49,0,0,0
6/1/2018,29822,M,62,Group E,PT,6/9/2014, ,Central,4/26/2014,Hourly,Voluntary,50+,44,1.47,1
6/1/2018,29830,F,20,Group B,PT,,Yes,Central,6/4/2014,Hourly, ,<30,0,0,0
6/1/2018,29856,M,59,Group F,PT,,Yes,Central,6/18/2014,Hourly, ,50+,0,0,0
6/1/2018,29862,M,22,Group B,PT,, ,Central,11/6/2013,Hourly, ,<30,207,6.9,0
6/1/2018,29950,F,23,Group F,PT,6/23/2014, ,Central,5/30/2014,Hourly,Voluntary,<30,24,0.8,1
6/1/2018,30048,F,24,Group C,PT,6/23/2014, ,Central,5/14/2014,Hourly,Voluntary,<30,40,1.33,1
6/1/2018,30070,M,20,Group G,PT,6/8/2014, ,Central,5/31/2014,Hourly,Voluntary,<30,8,0.27,1
6/1/2018,30178,M,39,Group B,PT,,Yes,Northwest,6/19/2014,Hourly, ,30-49,0,0,0
6/1/2018,30202,M,40,Group F,PT,,Yes,Northwest,6/4/2014,Hourly, ,30-49,0,0,0
6/1/2018,30222,M,21,Group B,PT,, ,Northwest,5/9/2014,Hourly, ,<30,23,0.77,0
6/1/2018,30236,F,20,Group A,PT,, ,Northwest,5/9/2014,Hourly, ,<30,23,0.77,0
6/1/2018,30260,M,26,Group A,PT,,Yes,Northwest,6/18/2014,Hourly, ,<30,0,0,0
6/1/2018,30394,M,37,Group F,PT,6/27/2014,Yes,Northwest,6/25/2014,Hourly,Voluntary,30-49,2,0.07,1
6/1/2018,30584,F,24,Group C,PT,6/29/2014,Yes,Northwest,6/25/2014,Hourly,Voluntary,<30,4,0.13,1
6/1/2018,30618,M,52,Group D,PT,6/26/2014,Yes,Northwest,6/26/2014,Hourly,Voluntary,50+,0,0,1
6/1/2018,30924,M,28,Group G,PT,, ,Northwest,5/7/2014,Hourly, ,<30,25,0.83,0
6/1/2018,30934,M,54,Group B,PT,, ,Northwest,11/3/2011,Hourly, ,50+,941,31.37,0
6/1/2018,30968,M,23,Group G,PT,6/27/2014,Yes,Northwest,6/25/2014,Hourly,Voluntary,<30,2,0.07,1
6/1/2018,31022,M,21,Group F,PT,6/29/2014, ,Northwest,5/29/2014,Hourly,Voluntary,<30,31,1.03,1
6/1/2018,31222,M,24,Group D,PT,6/25/204, ,Central,4/30/2014,Hourly,Voluntary,<30,56,1.87,1
6/1/2018,31624,M,19,Group F,PT,6/3/2014, ,West,4/11/2014,Hourly,Voluntary,<30,53,1.77,1
6/1/2018,31714,M,33,Group F,PT,6/5/2014, ,West,5/30/2014,Hourly,Voluntary,30-49,6,0.2,1
6/1/2018,31806,M,23,Group G,PT,, ,West,9/24/2013,Hourly, ,<30,250,8.33,0
6/1/2018,31844,M,27,Group F,PT,6/29/2014, ,North,5/31/2014,Hourly,Voluntary,<30,29,0.97,1
6/1/2018,32024,M,17,Group E,PT,,Yes,Central,6/25/2014,Hourly, ,<30,0,0,0
6/1/2018,32034,F,19,Group E,PT,, ,North,11/5/2013,Hourly, ,<30,208,6.93,0
6/1/2018,32052,F,17,Group A,PT,6/4/2014, ,South,4/30/2014,Hourly,Voluntary,<30,35,1.17,1
6/1/2018,32212,F,18,Group B,PT,6/27/2014,Yes,North,6/27/2014,Hourly,Voluntary,<30,0,0,1
6/1/2018,33066,F,31,Group E,PT,, ,South,4/13/2011,Hourly, ,30-49,1145,38.17,0
6/1/2018,33240,F,31,Group E,FT,, ,Midwest,6/26/2002,Salary, ,30-49,4358,145.27,0
6/1/2018,33262,F,49,Group E,FT,, ,Northwest,3/19/2008,Salary, ,30-49,2265,75.5,0
6/1/2018,33278,F,33,Group E,FT,, ,Midwest,9/29/2011,Salary, ,30-49,976,32.53,0
6/1/2018,33300,M,27,Group E,FT,,Yes,East,6/10/2014,Salary, ,<30,0,0,0
6/1/2018,33310,M,23,Group D,FT,, ,East,6/25/2013,Salary, ,<30,341,11.37,0
6/1/2018,33312,F,52,Group C,FT,, ,East,10/4/2011,Salary, ,50+,971,32.37,0
6/1/2018,33812,M,28,Group B,PT,, ,Midwest,1/13/2012,Hourly, ,<30,870,29,0
6/1/2018,40390,F,56,Group G,PT,,Yes,North,6/20/2014,Hourly, ,50+,0,0,0
6/1/2018,40404,F,19,Group A,PT,,Yes,North,6/26/2014,Hourly, ,<30,0,0,0
6/1/2018,40406,M,49,Group B,FT,, ,North,4/9/2005,Hourly, ,30-49,3340,111.33,0
6/1/2018,40416,F,20,Group C,FT,, ,North,5/21/2013,Hourly, ,<30,376,12.53,0
6/1/2018,40434,M,56,Group E,FT,, ,North,8/16/2012,Hourly, ,50+,654,21.8,0
6/1/2018,40442,M,19,Group G,PT,, ,North,3/5/2014,Hourly, ,<30,88,2.93,0
6/1/2018,40452,M,47,Group A,PT,, ,North,10/16/2013,Hourly, ,30-49,228,7.6,0
6/1/2018,40456,M,58,Group E,PT,,Yes,North,6/10/2014,Hourly, ,50+,0,0,0
6/1/2018,40462,F,20,Group A,PT,, ,North,9/19/2013,Hourly, ,<30,255,8.5,0
6/1/2018,40466,F,19,Group B,PT,,Yes,North,6/6/2014,Hourly, ,<30,0,0,0
6/1/2018,40472,F,57,Group E,FT,, ,North,5/18/2005,Hourly, ,50+,3301,110.03,0
6/1/2018,40478,M,22,Group C,PT,, ,North,6/22/2011,Hourly, ,<30,1075,35.83,0
6/1/2018,40484,M,21,Group F,PT,, ,North,12/13/2011,Hourly, ,<30,901,30.03,0
6/1/2018,40486,M,28,Group A,PT,, ,North,11/2/2011,Hourly, ,<30,942,31.4,0
6/1/2018,40488,M,37,Group D,FT,, ,North,5/23/2011,Hourly, ,30-49,1105,36.83,0
6/1/2018,40506,M,21,Group G,PT,, ,North,7/27/2012,Hourly, ,<30,674,22.47,0
6/1/2018,40530,M,20,Group A,PT,, ,North,3/26/2014,Hourly, ,<30,67,2.23,0
6/1/2018,40542,M,47,Group D,PT,, ,North,6/21/2005,Hourly, ,30-49,3267,108.9,0
6/1/2018,40548,F,31,Group E,FT,, ,North,5/2/2007,Hourly, ,30-49,2587,86.23,0
6/1/2018,40554,M,68,Group C,PT,, ,North,2/23/2007,Hourly, ,50+,2655,88.5,0
6/1/2018,40754,F,24,Group D,PT,, ,North,8/7/2008,Hourly, ,<30,2124,70.8,0
6/1/2018,41030,F,20,Group F,PT,, ,Midwest,5/16/2013,Hourly, ,<30,381,12.7,0
6/1/2018,41038,M,44,Group F,PT,, ,Midwest,3/16/2012,Hourly, ,30-49,807,26.9,0
6/1/2018,41042,F,37,Group D,PT,, ,Midwest,8/9/2013,Hourly, ,30-49,296,9.87,0
6/1/2018,41046,M,27,Group G,FT,, ,Midwest,4/17/2014,Hourly, ,<30,45,1.5,0
6/1/2018,41050,M,29,Group F,PT,, ,Midwest,12/29/2007,Hourly, ,<30,2346,78.2,0
6/1/2018,41058,F,24,Group C,PT,, ,Midwest,10/26/2011,Hourly, ,<30,949,31.63,0
6/1/2018,41082,F,23,Group F,PT,, ,Midwest,2/18/2010,Hourly, ,<30,1564,52.13,0
6/1/2018,41090,M,19,Group G,PT,, ,Midwest,4/25/2014,Hourly, ,<30,37,1.23,0
6/1/2018,41288,F,22,Group B,FT,, ,Midwest,3/2/2012,Hourly, ,<30,821,27.37,0
6/1/2018,41290,M,21,Group G,PT,, ,Midwest,2/12/2014,Hourly, ,<30,109,3.63,0
6/1/2018,41292,F,22,Group D,PT,, ,Midwest,11/3/2012,Hourly, ,<30,575,19.17,0
6/1/2018,41314,F,21,Group F,PT,,Yes,Midwest,6/6/2014,Hourly, ,<30,0,0,0
6/1/2018,41316,M,42,Group F,PT,,Yes,Midwest,6/25/2014,Hourly, ,30-49,0,0,0
6/1/2018,41332,M,26,Group G,FT,, ,Midwest,10/20/2009,Hourly, ,<30,1685,56.17,0
6/1/2018,41344,M,66,Group F,PT,, ,Midwest,8/30/2005,Hourly, ,50+,3197,106.57,0
6/1/2018,41372,F,31,Group G,FT,, ,Midwest,7/26/2013,Hourly, ,30-49,310,10.33,0
6/1/2018,41388,F,22,Group B,FT,, ,South,6/26/2013,Hourly, ,<30,340,11.33,0
6/1/2018,41394,M,42,Group G,PT,,Yes,South,6/14/2014,Hourly, ,30-49,0,0,0
6/1/2018,41396,F,19,Group C,PT,, ,South,4/27/2013,Hourly, ,<30,400,13.33,0
6/1/2018,41416,M,21,Group C,PT,, ,South,8/28/2013,Hourly, ,<30,277,9.23,0
6/1/2018,41420,M,20,Group C,PT,, ,South,4/18/2013,Hourly, ,<30,409,13.63,0
6/1/2018,41510,M,25,Group A,PT,, ,South,10/26/2011,Hourly, ,<30,949,31.63,0
6/1/2018,41512,F,21,Group G,PT,, ,South,8/25/2012,Hourly, ,<30,645,21.5,0
6/1/2018,41518,M,52,Group C,PT,, ,South,7/12/2013,Hourly, ,50+,324,10.8,0
6/1/2018,41526,M,51,Group B,PT,, ,South,5/7/2014,Hourly, ,50+,25,0.83,0
6/1/2018,41544,M,47,Group F,PT,, ,South,3/19/2014,Hourly, ,30-49,74,2.47,0
6/1/2018,41692,M,48,Group D,FT,, ,South,11/22/2012,Hourly, ,30-49,556,18.53,0
6/1/2018,41714,M,28,Group G,PT,, ,South,4/9/2014,Hourly, ,<30,53,1.77,0
6/1/2018,42106,M,59,Group B,PT,, ,South,8/23/2012,Hourly, ,50+,647,21.57,0
6/1/2018,42118,F,19,Group B,PT,,Yes,South,6/13/2014,Hourly, ,<30,0,0,0
6/1/2018,42236,M,65,Group G,FT,, ,South,6/15/2011,Hourly, ,50+,1082,36.07,0
6/1/2018,42238,F,21,Group B,PT,, ,South,10/20/2012,Hourly, ,<30,589,19.63,0
6/1/2018,42328,M,49,Group B,PT,,Yes,South,6/1/2014,Hourly, ,30-49,0,0,0
6/1/2018,42460,M,67,Group D,PT,,Yes,South,6/4/2014,Hourly, ,50+,0,0,0
6/1/2018,42462,F,28,Group E,FT,, ,South,5/24/2014,Hourly, ,<30,8,0.27,0
6/1/2018,42464,F,47,Group G,FT,, ,South,5/24/2014,Hourly, ,30-49,8,0.27,0
6/1/2018,42466,F,44,Group G,FT,,Yes,South,6/19/2014,Hourly, ,30-49,0,0,0
6/1/2018,42468,M,23,Group G,PT,, ,South,5/24/2014,Hourly, ,<30,8,0.27,0
6/1/2018,42472,M,22,Group G,PT,, ,South,5/24/2014,Hourly, ,<30,8,0.27,0
6/1/2018,42474,M,41,Group A,PT,,Yes,South,6/19/2014,Hourly, ,30-49,0,0,0
6/1/2018,42476,M,27,Group C,PT,, ,South,5/24/2014,Hourly, ,<30,8,0.27,0
6/1/2018,42478,M,46,Group B,PT,,Yes,South,6/13/2014,Hourly, ,30-49,0,0,0
6/1/2018,42480,M,19,Group C,PT,,Yes,South,6/1/2014,Hourly, ,<30,0,0,0
6/1/2018,42482,M,28,Group B,PT,,Yes,South,6/1/2014,Hourly, ,<30,0,0,0
6/1/2018,42484,F,24,Group D,PT,,Yes,South,6/13/2014,Hourly, ,<30,0,0,0
6/1/2018,42490,M,24,Group F,PT,,Yes,South,6/19/2014,Hourly, ,<30,0,0,0
6/1/2018,42492,M,44,Group G,PT,,Yes,South,6/6/2014,Hourly, ,30-49,0,0,0
6/1/2018,42494,M,40,Group F,PT,, ,South,5/29/2014,Hourly, ,30-49,3,0.1,0
6/1/2018,42496,M,27,Group D,FT,,Yes,South,6/4/2014,Hourly, ,<30,0,0,0
6/1/2018,42498,M,24,Group F,PT,,Yes,South,6/4/2014,Hourly, ,<30,0,0,0
6/1/2018,42500,M,26,Group D,PT,,Yes,South,6/4/2014,Hourly, ,<30,0,0,0
6/1/2018,42502,M,26,Group B,PT,,Yes,South,6/4/2014,Hourly, ,<30,0,0,0
6/1/2018,42506,F,22,Group F,PT,,Yes,South,6/4/2014,Hourly, ,<30,0,0,0
6/1/2018,42680,M,63,Group D,PT,, ,South,6/20/2013,Hourly, ,50+,346,11.53,0
6/1/2018,42684,M,25,Group A,FT,, ,South,2/14/2006,Hourly, ,<30,3029,100.97,0
6/1/2018,42708,M,62,Group E,PT,, ,South,10/27/2011,Hourly, ,50+,948,31.6,0
6/1/2018,42772,M,53,Group G,PT,, ,South,5/28/2014,Hourly, ,50+,4,0.13,0
6/1/2018,42804,F,24,Group F,PT,, ,South,9/7/2012,Hourly, ,<30,632,21.07,0
6/1/2018,42892,M,59,Group G,FT,, ,South,6/19/2007,Hourly, ,50+,2539,84.63,0
6/1/2018,42896,M,20,Group B,PT,, ,South,8/14/2013,Hourly, ,<30,291,9.7,0
6/1/2018,42924,F,24,Group E,PT,, ,South,6/23/2011,Hourly, ,<30,1074,35.8,0
6/1/2018,43056,M,32,Group A,PT,, ,South,5/1/2014,Hourly, ,30-49,31,1.03,0
6/1/2018,43058,M,37,Group C,PT,, ,South,8/16/2013,Hourly, ,30-49,289,9.63,0
6/1/2018,43128,M,23,Group B,PT,, ,South,2/25/2012,Hourly, ,<30,827,27.57,0
6/1/2018,43130,M,22,Group A,PT,, ,South,2/28/2014,Hourly, ,<30,93,3.1,0
6/1/2018,43134,F,20,Group E,PT,, ,South,7/31/2013,Hourly, ,<30,305,10.17,0
6/1/2018,43144,M,25,Group E,PT,,Yes,South,6/20/2014,Hourly, ,<30,0,0,0
6/1/2018,43160,M,37,Group F,PT,, ,South,1/20/2014,Hourly, ,30-49,132,4.4,0
6/1/2018,43308,M,18,Group C,PT,, ,South,10/31/2012,Hourly, ,<30,578,19.27,0
6/1/2018,43312,M,21,Group F,PT,, ,South,3/14/2014,Hourly, ,<30,79,2.63,0
6/1/2018,43336,M,22,Group E,PT,, ,South,3/31/2012,Hourly, ,<30,792,26.4,0
6/1/2018,43340,F,23,Group G,FT,, ,South,8/20/2013,Hourly, ,<30,285,9.5,0
6/1/2018,43342,F,23,Group F,FT,, ,South,3/31/2012,Hourly, ,<30,792,26.4,0
6/1/2018,43350,M,69,Group E,PT,, ,South,11/6/2013,Hourly, ,50+,207,6.9,0
6/1/2018,43356,F,23,Group B,FT,, ,South,9/2/2009,Hourly, ,<30,1733,57.77,0
6/1/2018,43376,F,48,Group A,PT,, ,North,10/16/2012,Hourly, ,30-49,593,19.77,0
6/1/2018,43380,M,27,Group C,PT,, ,North,7/5/2012,Hourly, ,<30,696,23.2,0
6/1/2018,43384,F,22,Group F,PT,,Yes,North,6/11/2014,Hourly, ,<30,0,0,0
6/1/2018,43388,F,21,Group D,PT,,Yes,North,6/7/2014,Hourly, ,<30,0,0,0
6/1/2018,43396,F,23,Group C,PT,, ,North,5/23/2014,Hourly, ,<30,9,0.3,0
6/1/2018,43398,M,23,Group C,PT,, ,North,5/22/2014,Hourly, ,<30,10,0.33,0
6/1/2018,43414,F,19,Group E,FT,, ,North,9/26/2013,Hourly, ,<30,248,8.27,0
6/1/2018,43416,M,20,Group D,PT,,Yes,North,6/27/2014,Hourly, ,<30,0,0,0
6/1/2018,43424,M,34,Group E,PT,, ,North,5/16/2014,Hourly, ,30-49,16,0.53,0
6/1/2018,43428,F,19,Group D,PT,, ,North,8/8/2013,Hourly, ,<30,297,9.9,0
6/1/2018,43430,F,49,Group A,FT,, ,North,9/16/2011,Hourly, ,30-49,989,32.97,0
6/1/2018,43432,F,36,Group C,FT,, ,North,3/10/2011,Hourly, ,30-49,1179,39.3,0
6/1/2018,43438,M,60,Group G,FT,, ,North,7/19/2012,Hourly, ,50+,682,22.73,0
6/1/2018,43440,F,26,Group G,FT,, ,North,5/31/2007,Hourly, ,<30,2558,85.27,0
6/1/2018,43526,M,58,Group C,FT,, ,North,4/26/2008,Hourly, ,50+,2227,74.23,0
6/1/2018,43538,M,26,Group C,PT,, ,North,6/12/2008,Hourly, ,<30,2180,72.67,0
6/1/2018,43570,F,20,Group A,PT,, ,North,11/6/2013,Hourly, ,<30,207,6.9,0
6/1/2018,43606,F,24,Group B,PT,, ,North,8/31/2011,Hourly, ,<30,1005,33.5,0
6/1/2018,43610,M,25,Group C,PT,, ,North,3/20/2007,Hourly, ,<30,2630,87.67,0
6/1/2018,43612,M,55,Group G,PT,, ,North,2/27/2007,Hourly, ,50+,2651,88.37,0
6/1/2018,43614,M,61,Group F,PT,, ,North,3/26/2014,Hourly, ,50+,67,2.23,0
6/1/2018,43626,M,19,Group F,PT,, ,North,11/29/2013,Hourly, ,<30,184,6.13,0
6/1/2018,43672,F,23,Group D,FT,, ,North,11/3/2006,Hourly, ,<30,2767,92.23,0
6/1/2018,43678,M,60,Group A,FT,, ,North,4/9/2007,Hourly, ,50+,2610,87,0
6/1/2018,43682,M,64,Group F,PT,, ,North,11/13/2013,Hourly, ,50+,200,6.67,0
6/1/2018,43708,M,22,Group D,PT,, ,North,5/15/2014,Hourly, ,<30,17,0.57,0
6/1/2018,43728,F,23,Group D,PT,, ,North,10/3/2011,Hourly, ,<30,972,32.4,0
6/1/2018,43738,M,23,Group D,PT,, ,North,6/22/2010,Hourly, ,<30,1440,48,0
6/1/2018,43764,F,20,Group A,PT,, ,North,5/29/2014,Hourly, ,<30,3,0.1,0
6/1/2018,43784,F,21,Group B,PT,, ,Midwest,8/15/2013,Hourly, ,<30,290,9.67,0
6/1/2018,43790,F,65,Group D,FT,, ,Midwest,8/1/2009,Hourly, ,50+,1765,58.83,0
6/1/2018,43796,F,26,Group A,FT,, ,Midwest,3/19/2014,Hourly, ,<30,74,2.47,0
6/1/2018,43802,M,58,Group C,PT,, ,Midwest,3/19/2014,Hourly, ,50+,74,2.47,0
6/1/2018,43804,M,33,Group E,FT,, ,Midwest,3/19/2014,Hourly, ,30-49,74,2.47,0
6/1/2018,43806,M,21,Group C,PT,, ,Midwest,3/19/2014,Hourly, ,<30,74,2.47,0
6/1/2018,43808,M,62,Group D,PT,, ,Midwest,3/25/2014,Hourly, ,50+,68,2.27,0
6/1/2018,43918,M,50,Group A,PT,, ,Midwest,3/9/2010,Hourly, ,50+,1545,51.5,0
6/1/2018,43926,F,19,Group B,PT,, ,Midwest,10/4/2011,Hourly, ,<30,971,32.37,0
6/1/2018,43990,M,20,Group A,PT,, ,Midwest,9/19/2013,Hourly, ,<30,255,8.5,0
6/1/2018,44032,F,23,Group A,PT,, ,Midwest,10/28/2013,Hourly, ,<30,216,7.2,0
6/1/2018,44038,M,47,Group G,PT,, ,Midwest,10/12/2013,Hourly, ,30-49,232,7.73,0
6/1/2018,44044,M,63,Group A,PT,, ,Midwest,2/13/2007,Hourly, ,50+,2665,88.83,0
6/1/2018,44046,F,22,Group D,PT,, ,Midwest,3/26/2014,Hourly, ,<30,67,2.23,0
6/1/2018,44062,M,32,Group C,FT,, ,Midwest,8/12/2006,Hourly, ,30-49,2850,95,0
6/1/2018,44066,M,21,Group C,FT,, ,Midwest,3/26/2013,Hourly, ,<30,432,14.4,0
6/1/2018,44110,M,27,Group D,PT,, ,Midwest,6/24/2009,Hourly, ,<30,1803,60.1,0
6/1/2018,44114,M,20,Group G,PT,, ,Midwest,7/11/2013,Hourly, ,<30,325,10.83,0
6/1/2018,49036,M,55,Group G,FT,, ,Central,10/13/2005,Hourly, ,50+,3153,105.1,0
6/1/2018,49040,F,48,Group F,PT,, ,South,6/2/2010,Hourly, ,30-49,1460,48.67,0
6/1/2018,49142,M,34,Group A,PT,, ,Midwest,3/22/2008,Hourly, ,30-49,2262,75.4,0
6/1/2018,49164,F,53,Group A,FT,, ,South,4/17/2008,Hourly, ,50+,2236,74.53,0
6/1/2018,49188,F,51,Group B,FT,, ,Midwest,3/10/1981,Hourly, ,50+,12136,404.53,0
6/1/2018,49216,F,41,Group D,FT,, ,Central,5/15/2013,Hourly, ,30-49,382,12.73,0
6/1/2018,49232,M,51,Group E,FT,, ,Northwest,7/5/2012,Hourly, ,50+,696,23.2,0
6/1/2018,49284,F,19,Group A,PT,, ,Northwest,11/2/2012,Hourly, ,<30,576,19.2,0
6/1/2018,49296,M,40,Group F,PT,, ,Northwest,12/6/2011,Hourly, ,30-49,908,30.27,0
6/1/2018,49302,F,22,Group A,PT,, ,North,12/13/2007,Hourly, ,<30,2362,78.73,0
6/1/2018,49356,M,17,Group B,PT,, ,West,5/30/2014,Hourly, ,<30,2,0.07,0
6/1/2018,49368,M,24,Group E,PT,, ,West,11/14/2012,Hourly, ,<30,564,18.8,0
6/1/2018,49376,F,31,Group G,FT,, ,West,1/9/2013,Hourly, ,30-49,508,16.93,0
6/1/2018,49416,M,32,Group E,PT,, ,Central,11/2/2011,Hourly, ,30-49,942,31.4,0
6/1/2018,49438,M,22,Group F,PT,,Yes,Northwest,6/18/2014,Hourly, ,<30,0,0,0
6/1/2018,49444,M,28,Group F,PT,, ,South,9/21/2012,Hourly, ,<30,618,20.6,0
6/1/2018,49550,M,49,Group G,FT,, ,West,3/16/2008,Hourly, ,30-49,2268,75.6,0
6/1/2018,49576,F,58,Group E,PT,, ,West,11/1/2012,Hourly, ,50+,577,19.23,0
6/1/2018,49666,F,34,Group A,FT,, ,Midwest,1/26/2007,Hourly, ,30-49,2683,89.43,0
6/1/2018,49716,F,62,Group E,FT,, ,Central,7/27/2007,Hourly, ,50+,2501,83.37,0
6/1/2018,49724,F,20,Group F,PT,,Yes,Northwest,6/10/2014,Hourly, ,<30,0,0,0
6/1/2018,49748,F,52,Group E,FT,, ,Northwest,11/21/2001,Hourly, ,50+,4575,152.5,0
6/1/2018,49776,F,29,Group A,FT,, ,North,7/12/2006,Hourly, ,<30,2881,96.03,0
6/1/2018,49794,F,43,Group G,FT,, ,South,1/18/1989,Hourly, ,30-49,9265,308.83,0
6/1/2018,49832,F,30,Group F,FT,, ,West,7/14/2004,Hourly, ,30-49,3609,120.3,0
6/1/2018,49848,M,47,Group B,FT,, ,West,3/15/2012,Hourly, ,30-49,808,26.93,0
6/1/2018,49908,F,23,Group F,PT,, ,Central,12/6/2013,Hourly, ,<30,177,5.9,0
6/1/2018,49932,F,23,Group E,PT,, ,Central,10/18/2013,Hourly, ,<30,226,7.53,0
6/1/2018,49966,F,19,Group G,PT,, ,Northwest,3/11/2014,Hourly, ,<30,82,2.73,0
6/1/2018,49976,F,21,Group B,PT,, ,West,8/9/2012,Hourly, ,<30,661,22.03,0
6/1/2018,49984,F,21,Group D,PT,,Yes,Central,6/4/2014,Hourly, ,<30,0,0,0
6/1/2018,50272,M,22,Group F,FT,, ,North,3/20/2012,Hourly, ,<30,803,26.77,0
6/1/2018,50278,F,57,Group F,FT,, ,North,10/13/2000,Hourly, ,50+,4979,165.97,0
6/1/2018,50282,F,55,Group D,PT,, ,South,10/15/2002,Hourly, ,50+,4247,141.57,0
6/1/2018,50294,F,21,Group E,PT,, ,Central,11/19/2013,Hourly, ,<30,194,6.47,0
6/1/2018,50304,F,32,Group F,FT,, ,Central,7/23/2009,Hourly, ,30-49,1774,59.13,0
6/1/2018,50306,F,44,Group C,FT,, ,Central,11/8/2005,Hourly, ,30-49,3127,104.23,0
6/1/2018,50312,F,46,Group D,FT,, ,Northwest,8/31/2012,Hourly, ,30-49,639,21.3,0
6/1/2018,50318,F,43,Group A,FT,, ,Midwest,9/13/2005,Hourly, ,30-49,3183,106.1,0
6/1/2018,50322,F,30,Group G,FT,, ,West,12/1/2007,Hourly, ,30-49,2374,79.13,0
6/1/2018,50332,M,23,Group B,PT,, ,North,12/18/2012,Hourly, ,<30,530,17.67,0
6/1/2018,50336,F,30,Group A,FT,, ,West,9/15/2005,Hourly, ,30-49,3181,106.03,0
6/1/2018,50340,F,27,Group F,FT,, ,Northwest,6/24/2012,Hourly, ,<30,707,23.57,0
6/1/2018,50342,F,33,Group C,FT,, ,Central,5/1/2008,Hourly, ,30-49,2222,74.07,0
6/1/2018,50370,F,28,Group C,FT,, ,West,5/29/2014,Hourly, ,<30,3,0.1,0
6/1/2018,50378,F,36,Group A,FT,, ,North,9/7/2012,Hourly, ,30-49,632,21.07,0
6/1/2018,50384,F,23,Group A,PT,, ,Midwest,9/13/2011,Hourly, ,<30,992,33.07,0
6/1/2018,50386,F,23,Group A,FT,, ,North,9/11/2010,Hourly, ,<30,1359,45.3,0
6/1/2018,50396,F,22,Group A,FT,, ,Midwest,10/11/2012,Hourly, ,<30,598,19.93,0
6/1/2018,50418,F,23,Group G,PT,,Yes,Northwest,6/24/2014,Hourly, ,<30,0,0,0
6/1/2018,50426,F,43,Group E,FT,, ,Northwest,6/30/2004,Hourly, ,30-49,3623,120.77,0
6/1/2018,50438,F,59,Group G,FT,, ,West,3/29/2005,Hourly, ,50+,3351,111.7,0
6/1/2018,50452,F,21,Group C,PT,,Yes,West,6/5/2014,Hourly, ,<30,0,0,0
6/1/2018,50470,F,58,Group D,FT,, ,Midwest,11/21/1974,Hourly, ,50+,14437,481.23,0
6/1/2018,50472,F,24,Group B,PT,, ,West,9/13/2011,Hourly, ,<30,992,33.07,0
6/1/2018,50812,M,22,Group B,PT,, ,Northwest,2/23/2013,Hourly, ,<30,463,15.43,0
6/1/2018,50838,M,25,Group G,FT,, ,West,4/23/2010,Hourly, ,<30,1500,50,0
6/1/2018,50850,M,19,Group F,PT,, ,Northwest,4/26/2014,Hourly, ,<30,36,1.2,0
6/1/2018,50854,M,20,Group F,PT,, ,Northwest,7/18/2013,Hourly, ,<30,318,10.6,0
6/1/2018,50860,M,33,Group E,PT,, ,Central,4/30/2014,Hourly, ,30-49,32,1.07,0
6/1/2018,50884,F,57,Group E,FT,, ,North,4/15/2005,Hourly, ,50+,3334,111.13,0
6/1/2018,51010,M,35,Group B,FT,, ,West,8/5/2009,Hourly, ,30-49,1761,58.7,0
6/1/2018,51134,M,24,Group B,PT,, ,Central,8/7/2013,Hourly, ,<30,298,9.93,0
6/1/2018,51146,F,36,Group D,FT,, ,Central,6/24/1995,Hourly, ,30-49,6917,230.57,0
6/1/2018,51166,F,24,Group E,PT,, ,Central,5/10/2013,Hourly, ,<30,387,12.9,0
6/1/2018,51184,F,29,Group C,PT,, ,Central,3/5/2014,Hourly, ,<30,88,2.93,0
6/1/2018,51230,M,28,Group E,PT,,Yes,Central,6/3/2014,Hourly, ,<30,0,0,0
6/1/2018,51236,F,71,Group B,FT,, ,Central,4/15/2004,Hourly, ,50+,3699,123.3,0
6/1/2018,51312,M,28,Group D,FT,, ,Northwest,9/22/2004,Hourly, ,<30,3539,117.97,0
6/1/2018,51316,F,68,Group C,FT,, ,Northwest,10/30/2007,Hourly, ,50+,2406,80.2,0
6/1/2018,51324,M,31,Group B,FT,, ,Northwest,3/18/2004,Hourly, ,30-49,3727,124.23,0
6/1/2018,51338,M,46,Group A,FT,, ,Northwest,11/2/2012,Hourly, ,30-49,576,19.2,0
6/1/2018,51340,F,23,Group G,PT,, ,Northwest,6/6/2013,Hourly, ,<30,360,12,0
6/1/2018,51458,M,19,Group C,PT,, ,Northwest,5/9/2014,Hourly, ,<30,23,0.77,0
6/1/2018,51468,M,42,Group C,PT,, ,Northwest,5/14/2014,Hourly, ,30-49,18,0.6,0
6/1/2018,51548,M,50,Group B,FT,, ,Central,12/14/2008,Hourly, ,50+,1995,66.5,0
6/1/2018,51598,F,20,Group D,PT,,Yes,Central,6/6/2014,Hourly, ,<30,0,0,0
6/1/2018,51618,M,20,Group F,PT,, ,Central,5/7/2014,Hourly, ,<30,25,0.83,0
6/1/2018,51622,F,41,Group D,FT,, ,Central,6/23/1998,Hourly, ,30-49,5822,194.07,0
6/1/2018,51690,F,21,Group A,PT,, ,West,11/15/2013,Hourly, ,<30,198,6.6,0
6/1/2018,51776,M,26,Group A,PT,, ,West,6/26/2013,Hourly, ,<30,340,11.33,0
6/1/2018,51812,M,60,Group E,PT,, ,West,11/15/2013,Hourly, ,50+,198,6.6,0
6/1/2018,51916,F,57,Group C,FT,, ,South,5/13/2003,Hourly, ,50+,4037,134.57,0
6/1/2018,51922,M,51,Group G,FT,, ,South,8/12/2004,Hourly, ,50+,3580,119.33,0
6/1/2018,51964,F,23,Group A,PT,,Yes,Northwest,6/4/2014,Hourly, ,<30,0,0,0
6/1/2018,51974,F,25,Group E,PT,, ,Northwest,8/2/2011,Hourly, ,<30,1034,34.47,0
6/1/2018,51980,F,21,Group G,PT,,Yes,Northwest,6/20/2014,Hourly, ,<30,0,0,0
6/1/2018,51994,M,58,Group E,PT,, ,Northwest,11/10/2004,Hourly, ,50+,3490,116.33,0
6/1/2018,52004,M,23,Group B,PT,, ,Northwest,1/25/2013,Hourly, ,<30,492,16.4,0
6/1/2018,52010,M,35,Group F,PT,, ,Northwest,5/1/2003,Hourly, ,30-49,4049,134.97,0
6/1/2018,52018,M,44,Group F,FT,, ,Northwest,1/10/2012,Hourly, ,30-49,873,29.1,0
6/1/2018,52020,M,36,Group E,FT,, ,Northwest,2/6/2014,Hourly, ,30-49,115,3.83,0
6/1/2018,52024,M,20,Group E,PT,, ,Northwest,8/15/2013,Hourly, ,<30,290,9.67,0
6/1/2018,52212,M,66,Group E,PT,, ,Northwest,9/13/2006,Hourly, ,50+,2818,93.93,0
6/1/2018,52238,M,44,Group E,PT,, ,Northwest,7/13/2005,Hourly, ,30-49,3245,108.17,0
6/1/2018,52248,M,43,Group B,FT,, ,West,11/16/2011,Hourly, ,30-49,928,30.93,0
6/1/2018,52290,M,64,Group G,PT,, ,West,10/30/2007,Hourly, ,50+,2406,80.2,0
6/1/2018,52292,M,35,Group D,FT,, ,West,6/7/2005,Hourly, ,30-49,3281,109.37,0
6/1/2018,52304,M,22,Group D,PT,, ,Northwest,10/24/2013,Hourly, ,<30,220,7.33,0
6/1/2018,52332,M,61,Group C,PT,, ,South,1/22/2002,Hourly, ,50+,4513,150.43,0
6/1/2018,52372,M,23,Group D,PT,,Yes,Central,6/11/2014,Hourly, ,<30,0,0,0
6/1/2018,52424,M,54,Group C,PT,, ,Central,5/23/2013,Hourly, ,50+,374,12.47,0
6/1/2018,52446,M,24,Group B,PT,, ,Northwest,2/15/2013,Hourly, ,<30,471,15.7,0
6/1/2018,52536,M,43,Group D,FT,, ,Central,11/25/2003,Hourly, ,30-49,3841,128.03,0
6/1/2018,52566,M,57,Group B,FT,, ,Central,9/23/2009,Hourly, ,50+,1712,57.07,0
6/1/2018,52576,M,42,Group C,PT,, ,Central,10/19/2012,Hourly, ,30-49,590,19.67,0
6/1/2018,52652,M,47,Group A,FT,, ,Northwest,11/15/2013,Hourly, ,30-49,198,6.6,0
6/1/2018,52668,M,22,Group C,PT,, ,Central,5/16/2014,Hourly, ,<30,16,0.53,0
6/1/2018,52682,M,42,Group G,PT,, ,Central,4/4/2002,Hourly, ,30-49,4441,148.03,0
6/1/2018,52698,M,51,Group E,PT,, ,West,5/7/2013,Hourly, ,50+,390,13,0
6/1/2018,52764,M,31,Group F,FT,, ,Central,4/6/2010,Hourly, ,30-49,1517,50.57,0
6/1/2018,52770,F,20,Group E,PT,, ,Northwest,7/12/2012,Hourly, ,<30,689,22.97,0
6/1/2018,52782,F,19,Group E,PT,, ,East,1/3/2014,Hourly, ,<30,149,4.97,0
6/1/2018,52824,F,38,Group E,FT,, ,Northwest,3/6/2014,Salary, ,30-49,87,2.9,0
6/1/2018,52826,M,56,Group C,FT,, ,Northwest,3/1/2006,Hourly, ,50+,3014,100.47,0
6/1/2018,52834,M,23,Group G,FT,, ,Northwest,1/25/2012,Salary, ,<30,858,28.6,0
6/1/2018,52926,F,46,Group A,PT,, ,North,5/11/1988,Hourly, ,30-49,9517,317.23,0
6/1/2018,52934,M,27,Group B,PT,, ,North,4/14/2007,Hourly, ,<30,2605,86.83,0
6/1/2018,52954,M,52,Group G,FT,, ,North,2/28/1989,Salary, ,50+,9224,307.47,0
6/1/2018,52968,M,37,Group F,FT,, ,North,3/28/2007,Salary, ,30-49,2622,87.4,0
6/1/2018,52970,M,38,Group A,FT,, ,North,10/12/1996,Salary, ,30-49,6441,214.7,0
6/1/2018,52980,M,70,Group A,PT,, ,North,6/1/2011,Hourly, ,50+,1096,36.53,0
6/1/2018,52982,M,28,Group G,FT,, ,North,6/29/2006,Hourly, ,<30,2894,96.47,0
6/1/2018,52984,M,46,Group A,FT,, ,North,11/10/1988,Hourly, ,30-49,9334,311.13,0
6/1/2018,52986,F,20,Group C,PT,, ,North,7/13/2012,Hourly, ,<30,688,22.93,0
6/1/2018,53004,M,35,Group A,FT,, ,North,11/26/1998,Hourly, ,30-49,5666,188.87,0
6/1/2018,53166,M,25,Group A,FT,, ,Midwest,3/25/2014,Salary, ,<30,68,2.27,0
6/1/2018,53176,F,46,Group G,FT,, ,Midwest,11/25/1992,Hourly, ,30-49,7858,261.93,0
6/1/2018,53184,F,38,Group D,FT,, ,Midwest,5/7/2014,Salary, ,30-49,25,0.83,0
6/1/2018,53218,M,68,Group C,PT,, ,Midwest,5/15/2009,Hourly, ,50+,1843,61.43,0
6/1/2018,53236,M,49,Group B,FT,, ,South,5/15/2014,Hourly, ,30-49,17,0.57,0
6/1/2018,53238,F,19,Group D,PT,, ,South,5/8/2014,Hourly, ,<30,24,0.8,0
6/1/2018,53250,F,45,Group E,FT,, ,South,5/4/2010,Salary, ,30-49,1489,49.63,0
6/1/2018,53260,M,21,Group E,PT,, ,South,3/19/2014,Hourly, ,<30,74,2.47,0
6/1/2018,53266,M,52,Group F,FT,, ,South,6/11/1991,Hourly, ,50+,8391,279.7,0
6/1/2018,53290,F,22,Group G,PT,, ,South,8/15/2012,Hourly, ,<30,655,21.83,0
6/1/2018,53292,F,41,Group E,FT,, ,South,6/4/1993,Salary, ,30-49,7667,255.57,0
6/1/2018,53356,F,38,Group C,FT,, ,South,2/17/2014,Salary, ,30-49,104,3.47,0
6/1/2018,53368,F,38,Group G,FT,, ,South,3/23/2012,Hourly, ,30-49,800,26.67,0
6/1/2018,53370,M,46,Group D,FT,, ,South,5/20/1986,Salary, ,30-49,10239,341.3,0
6/1/2018,53382,M,23,Group C,PT,,Yes,South,6/4/2014,Hourly, ,<30,0,0,0
6/1/2018,53388,M,48,Group C,PT,,Yes,South,6/4/2014,Hourly, ,30-49,0,0,0
6/1/2018,53394,M,53,Group E,FT,,Yes,South,6/14/2014,Salary, ,50+,0,0,0
6/1/2018,53396,F,21,Group E,FT,, ,South,2/7/2014,Hourly, ,<30,114,3.8,0
6/1/2018,53402,F,34,Group B,FT,, ,South,8/20/2009,Salary, ,30-49,1746,58.2,0
6/1/2018,53410,F,37,Group G,FT,, ,South,11/8/2013,Hourly, ,30-49,205,6.83,0
6/1/2018,53412,M,49,Group F,FT,, ,South,4/25/2006,Salary, ,30-49,2959,98.63,0
6/1/2018,53554,F,32,Group F,FT,, ,Central,3/28/2006,Salary, ,30-49,2987,99.57,0
6/1/2018,53612,F,54,Group E,FT,, ,Central,10/2/2001,Salary, ,50+,4625,154.17,0
6/1/2018,53616,F,22,Group C,PT,, ,Central,8/15/2013,Hourly, ,<30,290,9.67,0
6/1/2018,53652,M,42,Group A,FT,, ,Central,12/21/1990,Salary, ,30-49,8563,285.43,0
6/1/2018,53700,F,46,Group F,FT,, ,Central,5/28/2014,Salary, ,30-49,4,0.13,0
6/1/2018,53726,F,27,Group F,PT,, ,Central,4/12/2012,Hourly, ,<30,780,26,0
6/1/2018,53744,F,29,Group E,FT,, ,Central,12/10/2013,Salary, ,<30,173,5.77,0
6/1/2018,53750,M,25,Group C,PT,, ,Central,4/30/2014,Hourly, ,<30,32,1.07,0
6/1/2018,53752,M,41,Group A,PT,, ,Central,11/20/2007,Hourly, ,30-49,2385,79.5,0
6/1/2018,53804,F,28,Group B,FT,, ,Central,10/31/2005,Hourly, ,<30,3135,104.5,0
6/1/2018,53826,F,51,Group G,FT,, ,West,8/29/2006,Salary, ,50+,2833,94.43,0
6/1/2018,53838,M,46,Group A,FT,, ,West,11/28/2013,Salary, ,30-49,185,6.17,0
6/1/2018,53868,M,53,Group G,PT,, ,West,12/1/2013,Hourly, ,50+,182,6.07,0
6/1/2018,53874,F,24,Group D,PT,, ,West,11/1/2013,Hourly, ,<30,212,7.07,0
6/1/2018,53876,F,29,Group E,FT,, ,West,8/22/2013,Hourly, ,<30,283,9.43,0
6/1/2018,53938,F,20,Group F,PT,, ,West,5/9/2013,Hourly, ,<30,388,12.93,0
6/1/2018,53952,M,19,Group B,PT,, ,West,7/6/2013,Hourly, ,<30,330,11,0
6/1/2018,53988,F,23,Group D,PT,, ,West,1/26/2012,Hourly, ,<30,857,28.57,0
6/1/2018,53992,F,62,Group D,FT,, ,West,2/23/2007,Hourly, ,50+,2655,88.5,0
6/1/2018,54034,F,37,Group G,FT,,Yes,West,6/10/2014,Salary, ,30-49,0,0,0
6/1/2018,54044,M,43,Group B,FT,,Yes,West,6/27/2014,Salary, ,30-49,0,0,0
6/1/2018,54048,M,45,Group A,FT,, ,West,6/27/2004,Salary, ,30-49,3626,120.87,0
6/1/2018,54064,F,44,Group B,FT,, ,West,5/14/2011,Salary, ,30-49,1114,37.13,0
6/1/2018,54082,M,51,Group G,FT,, ,West,8/23/2007,Hourly, ,50+,2474,82.47,0
6/1/2018,54100,M,55,Group B,FT,, ,West,12/15/2007,Hourly, ,50+,2360,78.67,0
6/1/2018,54304,M,25,Group E,PT,, ,South,6/8/2011,Hourly, ,<30,1089,36.3,0
6/1/2018,54306,M,38,Group D,PT,, ,South,10/12/2011,Hourly, ,30-49,963,32.1,0
6/1/2018,54316,M,24,Group B,PT,, ,Northwest,9/13/2006,Hourly, ,<30,2818,93.93,0
6/1/2018,54338,M,28,Group B,FT,, ,North,1/6/2011,Hourly, ,<30,1242,41.4,0
6/1/2018,54356,M,22,Group E,FT,, ,South,4/27/2012,Hourly, ,<30,765,25.5,0
6/1/2018,54366,M,22,Group D,PT,, ,West,7/7/2013,Hourly, ,<30,329,10.97,0
6/1/2018,54372,F,38,Group G,FT,, ,North,1/10/2012,Salary, ,30-49,873,29.1,0
6/1/2018,54384,F,27,Group G,FT,, ,North,1/23/2013,Salary, ,<30,494,16.47,0
6/1/2018,54394,F,44,Group A,FT,,Yes,Midwest,6/24/2014,Salary, ,30-49,0,0,0
6/1/2018,54472,F,69,Group B,FT,, ,Northwest,8/27/2002,Salary, ,50+,4296,143.2,0
6/1/2018,54504,M,41,Group F,FT,, ,North,3/15/2014,Hourly, ,30-49,78,2.6,0
6/1/2018,54506,M,28,Group D,FT,, ,East,12/3/2013,Salary, ,<30,180,6,0
6/1/2018,54510,M,45,Group C,FT,, ,Northwest,10/30/2007,Hourly, ,30-49,2406,80.2,0
6/1/2018,54518,M,21,Group D,FT,, ,North,11/8/2013,Hourly, ,<30,205,6.83,0
6/1/2018,54526,M,29,Group B,FT,, ,East,1/8/2014,Hourly, ,<30,144,4.8,0
6/1/2018,54528,F,23,Group B,PT,, ,Midwest,12/15/2011,Hourly, ,<30,899,29.97,0
6/1/2018,54550,M,26,Group B,PT,, ,North,5/14/2014,Hourly, ,<30,18,0.6,0
6/1/2018,54552,M,46,Group C,PT,, ,Midwest,10/19/2012,Hourly, ,30-49,590,19.67,0
6/1/2018,54556,M,22,Group F,PT,, ,South,3/2/2012,Hourly, ,<30,821,27.37,0
6/1/2018,54564,M,21,Group B,PT,, ,South,9/2/2012,Hourly, ,<30,637,21.23,0
6/1/2018,54582,M,49,Group F,PT,, ,Northwest,1/4/2013,Hourly, ,30-49,513,17.1,0
6/1/2018,54614,M,21,Group D,PT,, ,South,10/25/2012,Hourly, ,<30,584,19.47,0
6/1/2018,54636,F,21,Group A,PT,, ,Northwest,4/15/2014,Hourly, ,<30,47,1.57,0
6/1/2018,54662,M,22,Group F,PT,, ,North,2/28/2013,Hourly, ,<30,458,15.27,0
6/1/2018,54890,F,64,Group A,FT,, ,West,4/5/2005,Hourly, ,50+,3344,111.47,0
6/1/2018,54894,F,23,Group F,PT,, ,West,4/26/2013,Hourly, ,<30,401,13.37,0
6/1/2018,54906,F,23,Group F,PT,, ,Midwest,3/15/2012,Hourly, ,<30,808,26.93,0
6/1/2018,54918,F,21,Group C,PT,, ,Midwest,5/31/2013,Hourly, ,<30,366,12.2,0
6/1/2018,55442,F,74,Group G,FT,, ,West,3/11/2003,Hourly, ,50+,4100,136.67,0
6/1/2018,55468,F,20,Group A,PT,, ,West,5/10/2012,Hourly, ,<30,752,25.07,0
6/1/2018,55512,M,55,Group G,PT,, ,West,9/7/2012,Hourly, ,50+,632,21.07,0
6/1/2018,55514,M,24,Group D,PT,, ,West,4/15/2011,Hourly, ,<30,1143,38.1,0
6/1/2018,55566,M,22,Group A,PT,, ,Northwest,8/29/2013,Hourly, ,<30,276,9.2,0
6/1/2018,55578,M,30,Group B,PT,, ,Northwest,11/7/2012,Hourly, ,30-49,571,19.03,0
6/1/2018,55588,M,43,Group F,PT,, ,Northwest,1/24/2014,Hourly, ,30-49,128,4.27,0
6/1/2018,55620,F,19,Group C,PT,, ,Northwest,4/16/2014,Hourly, ,<30,46,1.53,0
6/1/2018,55632,F,62,Group B,FT,, ,Northwest,9/13/2011,Hourly, ,50+,992,33.07,0
6/1/2018,55646,M,20,Group A,FT,, ,Northwest,11/13/2013,Hourly, ,<30,200,6.67,0
6/1/2018,55648,M,56,Group B,FT,, ,Northwest,7/14/2004,Hourly, ,50+,3609,120.3,0
6/1/2018,55650,M,23,Group E,PT,, ,North,9/26/2008,Hourly, ,<30,2074,69.13,0
6/1/2018,55666,M,21,Group D,PT,, ,South,7/13/2011,Hourly, ,<30,1054,35.13,0
6/1/2018,55700,F,52,Group B,FT,, ,Central,8/30/2005,Hourly, ,50+,3197,106.57,0
6/1/2018,55704,M,52,Group G,FT,, ,Central,5/10/2005,Hourly, ,50+,3309,110.3,0
6/1/2018,55714,M,21,Group D,PT,, ,Central,2/28/2014,Hourly, ,<30,93,3.1,0
6/1/2018,55722,M,40,Group C,PT,, ,Central,5/4/2010,Hourly, ,30-49,1489,49.63,0
6/1/2018,55726,M,42,Group E,FT,, ,Central,10/23/2008,Hourly, ,30-49,2047,68.23,0
6/1/2018,55730,M,22,Group A,PT,, ,Central,8/27/2010,Hourly, ,<30,1374,45.8,0
6/1/2018,55734,M,46,Group F,PT,, ,Central,4/30/2008,Hourly, ,30-49,2223,74.1,0
6/1/2018,55750,M,40,Group A,FT,, ,Central,8/24/2011,Hourly, ,30-49,1012,33.73,0
6/1/2018,55770,M,30,Group E,PT,, ,North,8/11/2000,Hourly, ,30-49,5042,168.07,0
6/1/2018,55776,F,24,Group E,PT,, ,South,2/1/2012,Hourly, ,<30,851,28.37,0
6/1/2018,55778,M,43,Group B,PT,, ,South,5/18/2011,Hourly, ,30-49,1110,37,0
6/1/2018,55780,M,64,Group A,PT,, ,North,8/18/2011,Hourly, ,50+,1018,33.93,0
6/1/2018,56246,M,34,Group E,PT,, ,Central,10/4/2001,Hourly, ,30-49,4623,154.1,0
6/1/2018,56276,M,24,Group G,PT,, ,Central,5/21/2013,Hourly, ,<30,376,12.53,0
6/1/2018,56292,F,33,Group G,FT,, ,Central,12/11/2007,Hourly, ,30-49,2364,78.8,0
6/1/2018,56296,M,56,Group D,FT,, ,Central,3/26/2010,Hourly, ,50+,1528,50.93,0
6/1/2018,56314,M,49,Group C,PT,, ,Central,8/9/2012,Hourly, ,30-49,661,22.03,0
6/1/2018,56318,M,32,Group C,PT,, ,Central,4/25/2014,Hourly, ,30-49,37,1.23,0
6/1/2018,56320,M,26,Group A,PT,, ,Central,4/23/2014,Hourly, ,<30,39,1.3,0
6/1/2018,56324,M,53,Group C,PT,,Yes,Central,6/1/2014,Hourly, ,50+,0,0,0
6/1/2018,56330,M,53,Group E,FT,, ,West,11/17/2009,Hourly, ,50+,1657,55.23,0
6/1/2018,56334,F,25,Group G,PT,, ,West,3/27/2013,Hourly, ,<30,431,14.37,0
6/1/2018,56354,M,68,Group D,PT,, ,West,8/9/2011,Hourly, ,50+,1027,34.23,0
6/1/2018,56358,M,64,Group E,PT,, ,West,2/23/2007,Hourly, ,50+,2655,88.5,0
6/1/2018,56360,M,22,Group B,PT,, ,West,10/17/2013,Hourly, ,<30,227,7.57,0
6/1/2018,56424,M,40,Group D,PT,, ,Northwest,11/6/2013,Hourly, ,30-49,207,6.9,0
6/1/2018,56446,M,20,Group F,PT,, ,Northwest,9/28/2013,Hourly, ,<30,246,8.2,0
6/1/2018,56456,M,20,Group E,PT,, ,Northwest,6/28/2013,Hourly, ,<30,338,11.27,0
6/1/2018,56464,M,58,Group D,PT,, ,Northwest,4/17/2014,Hourly, ,50+,45,1.5,0
6/1/2018,56472,M,20,Group F,PT,, ,Northwest,10/17/2013,Hourly, ,<30,227,7.57,0
6/1/2018,56490,M,66,Group G,FT,, ,South,10/19/1988,Hourly, ,50+,9356,311.87,0
6/1/2018,56498,M,51,Group C,FT,, ,Midwest,1/27/2000,Hourly, ,50+,5239,174.63,0
6/1/2018,56508,F,29,Group F,FT,, ,Midwest,8/4/2004,Hourly, ,<30,3588,119.6,0
6/1/2018,56516,M,50,Group E,FT,, ,Midwest,9/20/1984,Hourly, ,50+,10846,361.53,0
6/1/2018,56526,M,63,Group C,FT,, ,South,6/30/1987,Hourly, ,50+,9833,327.77,0
6/1/2018,91744,F,30,Group F,FT,, ,North,12/19/2006,Salary, ,30-49,2721,90.7,0
6/1/2018,91790,M,20,Group A,PT,, ,North,1/4/2013,Hourly, ,<30,513,17.1,0
6/1/2018,91824,M,24,Group D,FT,, ,North,5/24/2008,Hourly, ,<30,2199,73.3,0
6/1/2018,92018,F,61,Group D,FT,, ,East,11/7/2012,Hourly, ,50+,571,19.03,0
6/1/2018,92056,F,52,Group F,FT,, ,East,3/21/2006,Hourly, ,50+,2994,99.8,0
6/1/2018,92072,F,52,Group B,FT,, ,East,8/26/2008,Salary, ,50+,2105,70.17,0
6/1/2018,92166,F,59,Group D,FT,, ,East,1/17/2006,Hourly, ,50+,3057,101.9,0
6/1/2018,92168,F,43,Group B,FT,, ,East,5/13/2003,Hourly, ,30-49,4037,134.57,0
6/1/2018,92240,M,30,Group D,PT,, ,East,5/7/2008,Hourly, ,30-49,2216,73.87,0
6/1/2018,92246,F,38,Group B,FT,, ,East,10/5/2010,Salary, ,30-49,1335,44.5,0
6/1/2018,92250,M,55,Group C,FT,, ,East,9/8/1981,Salary, ,50+,11954,398.47,0
6/1/2018,92254,M,53,Group F,FT,, ,East,11/15/2011,Salary, ,50+,929,30.97,0
6/1/2018,92258,F,61,Group C,FT,, ,East,12/13/2011,Hourly, ,50+,901,30.03,0
6/1/2018,92260,M,51,Group B,FT,, ,East,6/27/2008,Hourly, ,50+,2165,72.17,0
6/1/2018,92270,F,39,Group F,FT,, ,East,3/28/2006,Salary, ,30-49,2987,99.57,0
6/1/2018,92276,F,31,Group E,FT,, ,East,4/15/2014,Salary, ,30-49,47,1.57,0
6/1/2018,92282,F,30,Group E,FT,, ,East,12/1/2009,Salary, ,30-49,1643,54.77,0
6/1/2018,92290,F,44,Group F,FT,, ,East,10/29/2013,Salary, ,30-49,215,7.17,0
6/1/2018,92292,F,31,Group F,FT,, ,East,8/2/2011,Salary, ,30-49,1034,34.47,0
6/1/2018,92302,M,37,Group E,FT,, ,East,3/1/2008,Salary, ,30-49,2283,76.1,0
6/1/2018,92310,M,39,Group B,FT,, ,East,6/25/2008,Salary, ,30-49,2167,72.23,0
6/1/2018,92324,F,28,Group F,FT,, ,East,6/2/2005,Salary, ,<30,3286,109.53,0
6/1/2018,92328,F,37,Group A,FT,, ,East,2/4/2009,Salary, ,30-49,1943,64.77,0
6/1/2018,92332,F,46,Group G,FT,, ,East,2/21/2006,Salary, ,30-49,3022,100.73,0
6/1/2018,92334,M,47,Group F,FT,, ,East,1/7/2009,Salary, ,30-49,1971,65.7,0
6/1/2018,92336,F,40,Group E,FT,, ,East,2/25/2009,Salary, ,30-49,1922,64.07,0
6/1/2018,92338,F,51,Group F,FT,, ,East,8/11/2009,Salary, ,50+,1755,58.5,0
6/1/2018,92340,F,30,Group B,FT,, ,East,9/29/2009,Salary, ,30-49,1706,56.87,0
6/1/2018,92352,F,54,Group C,FT,, ,East,8/9/2011,Hourly, ,50+,1027,34.23,0
6/1/2018,92354,F,53,Group D,FT,, ,East,8/6/2013,Hourly, ,50+,299,9.97,0
6/1/2018,92358,F,58,Group C,FT,, ,East,5/14/2002,Hourly, ,50+,4401,146.7,0
6/1/2018,92366,F,62,Group F,FT,, ,East,4/4/2006,Hourly, ,50+,2980,99.33,0
6/1/2018,92386,F,46,Group F,FT,, ,East,4/3/2013,Hourly, ,30-49,424,14.13,0
6/1/2018,92404,F,31,Group D,FT,, ,East,9/6/2013,Hourly, ,30-49,268,8.93,0
6/1/2018,92420,M,27,Group D,FT,, ,East,6/23/2004,Hourly, ,<30,3630,121,0
6/1/2018,92438,F,53,Group B,FT,, ,East,12/18/2007,Hourly, ,50+,2357,78.57,0
6/1/2018,92440,F,39,Group B,FT,, ,East,2/7/2012,Hourly, ,30-49,845,28.17,0
6/1/2018,92484,F,32,Group C,FT,, ,East,4/28/2011,Salary, ,30-49,1130,37.67,0
6/1/2018,95692,M,50,Group F,FT,, ,East,9/2/2009,Salary, ,50+,1733,57.77,0
6/1/2018,95694,M,34,Group A,FT,, ,East,7/21/2005,Salary, ,30-49,3237,107.9,0
6/1/2018,95696,F,56,Group E,FT,, ,East,11/3/1987,Salary, ,50+,9707,323.57,0
6/1/2018,95710,F,26,Group F,FT,, ,East,2/9/2012,Salary, ,<30,843,28.1,0
6/1/2018,95712,F,23,Group A,FT,, ,East,4/29/2014,Salary, ,<30,33,1.1,0
6/1/2018,95716,M,29,Group F,FT,, ,East,7/23/2013,Salary, ,<30,313,10.43,0
6/1/2018,95722,F,38,Group A,FT,, ,East,4/2/2013,Salary, ,30-49,425,14.17,0
6/1/2018,95726,F,38,Group D,FT,, ,East,7/23/2013,Salary, ,30-49,313,10.43,0
6/1/2018,95728,M,52,Group F,FT,, ,East,5/28/2003,Salary, ,50+,4022,134.07,0
6/1/2018,95730,F,30,Group D,FT,, ,East,6/24/2008,Salary, ,30-49,2168,72.27,0
6/1/2018,95738,M,38,Group C,FT,, ,East,4/15/2014,Salary, ,30-49,47,1.57,0
6/1/2018,95740,M,35,Group E,FT,, ,East,8/13/2008,Salary, ,30-49,2118,70.6,0
6/1/2018,95744,F,51,Group B,FT,, ,East,3/3/1987,Salary, ,50+,9952,331.73,0
6/1/2018,95750,F,23,Group E,FT,, ,East,5/13/2014,Salary, ,<30,19,0.63,0
6/1/2018,95752,F,32,Group D,FT,, ,East,12/1/2006,Salary, ,30-49,2739,91.3,0
6/1/2018,95754,M,58,Group G,FT,, ,East,6/6/2006,Salary, ,50+,2917,97.23,0
6/1/2018,95762,F,37,Group D,FT,, ,East,8/27/2008,Salary, ,30-49,2104,70.13,0
6/1/2018,95770,F,26,Group F,FT,, ,East,5/29/2013,Salary, ,<30,368,12.27,0
6/1/2018,95772,F,54,Group A,FT,, ,East,5/15/1984,Salary, ,50+,10974,365.8,0
6/1/2018,95782,F,42,Group E,FT,, ,East,9/17/2008,Salary, ,30-49,2083,69.43,0
6/1/2018,95784,M,43,Group F,FT,, ,East,7/17/2007,Salary, ,30-49,2511,83.7,0
6/1/2018,95788,F,52,Group G,FT,, ,East,1/5/2010,Salary, ,50+,1608,53.6,0
6/1/2018,95792,F,37,Group D,PT,, ,East,8/27/2013,Salary, ,30-49,278,9.27,0
6/1/2018,96072,F,21,Group E,PT,, ,East,5/13/2014,Hourly, ,<30,19,0.63,0
6/1/2018,96180,M,26,Group E,FT,, ,East,1/29/2008,Hourly, ,<30,2315,77.17,0
6/1/2018,96198,F,49,Group G,PT,, ,East,2/18/2014,Hourly, ,30-49,103,3.43,0
6/1/2018,96218,F,32,Group A,PT,, ,East,7/30/2013,Hourly, ,30-49,306,10.2,0
6/1/2018,96236,F,34,Group A,FT,, ,East,10/11/2011,Hourly, ,30-49,964,32.13,0
6/1/2018,96352,F,23,Group E,FT,, ,East,2/13/2013,Hourly, ,<30,473,15.77,0
6/1/2018,96382,F,25,Group A,FT,, ,East,11/20/2007,Hourly, ,<30,2385,79.5,0
6/1/2018,96442,M,46,Group C,FT,, ,East,9/20/2005,Hourly, ,30-49,3176,105.87,0
6/1/2018,96504,F,28,Group B,FT,, ,East,2/11/2014,Hourly, ,<30,110,3.67,0
6/1/2018,96512,F,19,Group C,PT,, ,East,1/21/2014,Hourly, ,<30,131,4.37,0
6/1/2018,96764,F,36,Group E,FT,, ,East,7/13/2001,Hourly, ,30-49,4706,156.87,0
6/1/2018,97020,F,41,Group B,FT,, ,East,6/21/2002,Hourly, ,30-49,4363,145.43,0
6/1/2018,97038,F,26,Group E,FT,, ,East,10/2/2007,Hourly, ,<30,2434,81.13,0
6/1/2018,97052,F,50,Group A,FT,, ,East,5/14/2008,Hourly, ,50+,2209,73.63,0
6/1/2018,97066,F,25,Group F,FT,, ,East,7/19/2011,Hourly, ,<30,1048,34.93,0
6/1/2018,97198,M,25,Group A,PT,, ,East,10/24/2012,Hourly, ,<30,585,19.5,0
6/1/2018,97318,F,26,Group A,PT,, ,East,5/13/2009,Hourly, ,<30,1845,61.5,0
6/1/2018,97344,F,37,Group F,FT,, ,East,2/27/2003,Hourly, ,30-49,4112,137.07,0
6/1/2018,97528,F,19,Group B,PT,, ,East,10/29/2013,Hourly, ,<30,215,7.17,0
6/1/2018,97546,F,60,Group E,FT,, ,East,7/24/2003,Hourly, ,50+,3965,132.17,0
6/1/2018,97712,M,20,Group C,PT,, ,East,4/29/2014,Hourly, ,<30,33,1.1,0
6/1/2018,98080,F,32,Group A,FT,, ,East,10/9/2001,Hourly, ,30-49,4618,153.93,0
6/1/2018,98172,F,22,Group D,FT,, ,East,2/25/2014,Hourly, ,<30,96,3.2,0
6/1/2018,98352,F,23,Group B,FT,, ,East,8/9/2011,Hourly, ,<30,1027,34.23,0
6/1/2018,98432,F,32,Group E,FT,, ,East,4/5/2005,Hourly, ,30-49,3344,111.47,0
