Date,EmpID,Gender,Age,EthnicGroup,FP,TermDate,isNewHire,BU Region,HireDate,PayType,TermReason,AgeGroup,TenureDays,TenureMonths,BadHires
3/1/2018,1278,F,21,Group F,PT,3/15/2014, ,North,2/27/2014,Hourly,Voluntary,<30,16,0.53,1
3/1/2018,1544,M,23,Group A,PT,, ,North,2/4/2014,Hourly, ,<30,25,0.83,0
3/1/2018,1560,M,24,Group C,PT,,Yes,North,3/27/2014,Hourly, ,<30,0,0,0
3/1/2018,1686,M,25,Group A,PT,3/8/2014, ,North,2/22/2014,Hourly,Voluntary,<30,14,0.47,1
3/1/2018,1700,M,23,Group G,PT,3/27/2014, ,North,2/27/2014,Hourly,Voluntary,<30,28,0.93,1
3/1/2018,1780,F,22,Group F,PT,, ,North,11/15/2013,Hourly, ,<30,106,3.53,0
3/1/2018,1842,F,25,Group E,PT,3/1/2014, ,North,8/21/2013,Hourly,Voluntary,<30,192,6.4,0
3/1/2018,1936,F,20,Group E,PT,3/15/2014, ,North,9/12/2013,Hourly,Voluntary,<30,184,6.13,0
3/1/2018,1950,M,39,Group A,PT,, ,North,8/27/2008,Hourly, ,30-49,2012,67.07,0
3/1/2018,1958,M,22,Group B,PT,, ,North,8/21/2013,Hourly, ,<30,192,6.4,0
3/1/2018,1966,M,36,Group A,PT,, ,North,9/8/2012,Hourly, ,30-49,539,17.97,0
3/1/2018,1972,M,21,Group F,PT,, ,North,9/26/2013,Hourly, ,<30,156,5.2,0
3/1/2018,1976,M,43,Group A,PT,, ,North,9/20/2013,Hourly, ,30-49,162,5.4,0
3/1/2018,1988,F,20,Group A,PT,3/22/2014, ,Midwest,8/24/2013,Hourly,Voluntary,<30,210,7,0
3/1/2018,2046,M,22,Group B,PT,,Yes,Midwest,3/20/2014,Hourly, ,<30,0,0,0
3/1/2018,2056,M,20,Group D,PT,, ,Midwest,6/14/2013,Hourly, ,<30,260,8.67,0
3/1/2018,2058,M,25,Group F,PT,, ,Midwest,8/8/2013,Hourly, ,<30,205,6.83,0
3/1/2018,2106,M,23,Group E,PT,, ,Midwest,1/24/2014,Hourly, ,<30,36,1.2,0
3/1/2018,2202,F,23,Group C,PT,, ,Midwest,10/31/2013,Hourly, ,<30,121,4.03,0
3/1/2018,2610,F,43,Group E,PT,3/6/2014, ,Midwest,2/27/2014,Hourly,Voluntary,30-49,7,0.23,1
3/1/2018,2710,M,23,Group B,PT,3/30/2014,Yes,Midwest,3/27/2014,Hourly,Voluntary,<30,3,0.1,1
3/1/2018,3066,M,40,Group D,PT,3/23/2014, ,Midwest,2/27/2014,Hourly,Voluntary,30-49,24,0.8,1
3/1/2018,3450,M,22,Group D,PT,3/27/2014,Yes,Midwest,3/27/2014,Hourly,Voluntary,<30,0,0,1
3/1/2018,3492,M,26,Group G,PT,,Yes,Midwest,3/19/2014,Hourly, ,<30,0,0,0
3/1/2018,3494,M,20,Group F,PT,,Yes,Midwest,3/19/2014,Hourly, ,<30,0,0,0
3/1/2018,3498,M,18,Group A,PT,,Yes,Midwest,3/19/2014,Hourly, ,<30,0,0,0
3/1/2018,3500,M,19,Group C,PT,,Yes,Midwest,3/19/2014,Hourly, ,<30,0,0,0
3/1/2018,3502,M,21,Group A,PT,,Yes,Midwest,3/19/2014,Hourly, ,<30,0,0,0
3/1/2018,3580,M,60,Group E,PT,3/20/2014, ,Midwest,2/28/2014,Hourly,Voluntary,50+,20,0.67,1
3/1/2018,4076,F,27,Group B,PT,3/6/2014, ,South,8/15/2013,Hourly,Voluntary,<30,203,6.77,0
3/1/2018,4138,M,26,Group E,PT,3/7/2014, ,South,7/13/2012,Hourly,Voluntary,<30,602,20.07,0
3/1/2018,4154,M,41,Group D,PT,3/7/2014, ,South,8/7/2013,Hourly,Voluntary,30-49,212,7.07,0
3/1/2018,4556,F,19,Group C,PT,3/24/2014, ,South,2/28/2014,Hourly,Voluntary,<30,24,0.8,1
3/1/2018,5052,F,23,Group C,PT,, ,South,6/2/2011,Hourly, ,<30,1003,33.43,0
3/1/2018,5202,M,25,Group E,PT,, ,North,8/12/2010,Hourly, ,<30,1297,43.23,0
3/1/2018,5216,F,20,Group A,PT,, ,North,10/30/2013,Hourly, ,<30,122,4.07,0
3/1/2018,5268,M,20,Group A,PT,, ,North,8/16/2013,Hourly, ,<30,197,6.57,0
3/1/2018,5318,F,22,Group D,PT,,Yes,Midwest,3/11/2014,Hourly, ,<30,0,0,0
3/1/2018,5570,M,20,Group F,PT,3/17/2014, ,South,2/27/2014,Hourly,Voluntary,<30,18,0.6,1
3/1/2018,7096,F,19,Group B,PT,,Yes,North,3/27/2014,Hourly, ,<30,0,0,0
3/1/2018,7104,F,25,Group E,PT,3/20/2014, ,North,3/20/2013,Hourly,Voluntary,<30,365,12.17,0
3/1/2018,7932,M,25,Group E,PT,,Yes,Midwest,3/19/2014,Hourly, ,<30,0,0,0
3/1/2018,7998,F,24,Group A,PT,,Yes,Midwest,3/27/2014,Hourly, ,<30,0,0,0
3/1/2018,8110,M,44,Group C,PT,3/18/2014, ,Midwest,2/27/2014,Hourly,Voluntary,30-49,9,0.3,1
3/1/2018,8492,F,22,Group A,PT,,Yes,Midwest,3/12/2014,Hourly, ,<30,0,0,0
3/1/2018,8506,F,21,Group C,PT,, ,Midwest,9/12/2012,Hourly, ,<30,535,17.83,0
3/1/2018,8556,M,19,Group E,PT,3/24/2014, ,Midwest,2/27/2014,Hourly,Voluntary,<30,25,0.83,1
3/1/2018,8948,F,22,Group C,PT,,Yes,North,3/20/2014,Hourly, ,<30,0,0,0
3/1/2018,9188,M,19,Group F,PT,3/30/2014,Yes,North,3/27/2014,Hourly,Voluntary,<30,3,0.1,1
3/1/2018,9258,M,22,Group B,PT,3/1/2014,Yes,North,3/1/2014,Hourly,Voluntary,<30,0,0,1
3/1/2018,9292,M,20,Group C,PT,3/29/2014,Yes,North,3/27/2014,Hourly,Voluntary,<30,2,0.07,1
3/1/2018,9432,F,19,Group B,PT,,Yes,North,3/8/2014,Hourly, ,<30,0,0,0
3/1/2018,9450,M,19,Group C,PT,, ,North,2/12/2014,Hourly, ,<30,17,0.57,0
3/1/2018,9460,M,21,Group D,PT,, ,North,9/27/2011,Hourly, ,<30,886,29.53,0
3/1/2018,9492,M,34,Group E,PT,, ,North,8/8/2013,Hourly, ,30-49,205,6.83,0
3/1/2018,9500,M,56,Group G,PT,, ,North,9/13/2013,Hourly, ,50+,169,5.63,0
3/1/2018,9904,F,19,Group B,PT,, ,North,2/26/2014,Hourly, ,<30,3,0.1,0
3/1/2018,10190,F,19,Group E,PT,,Yes,North,3/1/2014,Hourly, ,<30,0,0,0
3/1/2018,10490,M,19,Group A,PT,, ,South,2/28/2014,Hourly, ,<30,1,0.03,0
3/1/2018,10786,M,26,Group B,PT,, ,South,10/16/2013,Hourly, ,<30,136,4.53,0
3/1/2018,10854,F,20,Group G,PT,, ,South,10/31/2013,Hourly, ,<30,121,4.03,0
3/1/2018,11602,F,20,Group C,PT,3/30/2014, ,South,2/12/2014,Hourly,Involuntary,<30,46,1.53,1
3/1/2018,12358,F,21,Group F,PT,,Yes,South,3/28/2014,Hourly, ,<30,0,0,0
3/1/2018,12834,M,19,Group A,PT,,Yes,South,3/11/2014,Hourly, ,<30,0,0,0
3/1/2018,12874,M,27,Group C,FT,, ,South,2/28/2014,Salary, ,<30,1,0.03,0
3/1/2018,13020,M,21,Group G,PT,, ,East,2/11/2014,Hourly, ,<30,18,0.6,0
3/1/2018,13156,F,21,Group D,PT,3/14/2014, ,Northwest,12/17/2013,Hourly,Involuntary,<30,87,2.9,0
3/1/2018,13416,F,22,Group C,PT,, ,Central,2/26/2014,Hourly, ,<30,3,0.1,0
3/1/2018,13530,M,18,Group C,PT,3/25/2014, ,Northwest,2/27/2014,Hourly,Involuntary,<30,26,0.87,1
3/1/2018,13686,M,20,Group G,PT,3/19/2014, ,Central,2/28/2014,Hourly,Involuntary,<30,19,0.63,1
3/1/2018,13760,F,51,Group C,PT,3/6/2014,Yes,West,3/1/2014,Hourly,Involuntary,50+,5,0.17,1
3/1/2018,14278,F,20,Group C,PT,,Yes,Central,3/12/2014,Hourly, ,<30,0,0,0
3/1/2018,14482,F,20,Group E,PT,,Yes,Northwest,3/27/2014,Hourly, ,<30,0,0,0
3/1/2018,15288,F,21,Group E,PT,3/29/2014, ,East,2/18/2014,Hourly,Voluntary,<30,39,1.3,1
3/1/2018,15468,F,23,Group B,PT,3/2/2014, ,West,2/28/2014,Hourly,Voluntary,<30,2,0.07,1
3/1/2018,15724,M,34,Group D,PT,3/4/2014, ,Central,2/28/2014,Hourly,Voluntary,30-49,4,0.13,1
3/1/2018,16192,F,19,Group F,PT,3/10/2014,Yes,Northwest,3/1/2014,Hourly,Voluntary,<30,9,0.3,1
3/1/2018,16236,M,21,Group A,PT,3/31/2014, ,Central,2/28/2014,Hourly,Voluntary,<30,31,1.03,1
3/1/2018,16420,M,25,Group D,PT,3/30/2014,Yes,Northwest,3/27/2014,Hourly,Voluntary,<30,3,0.1,1
3/1/2018,16514,M,36,Group G,PT,3/22/2014, ,Northwest,2/28/2014,Hourly,Voluntary,30-49,22,0.73,1
3/1/2018,16668,M,19,Group E,PT,,Yes,North,3/13/2014,Hourly, ,<30,0,0,0
3/1/2018,16678,M,57,Group A,FT,, ,Northwest,6/7/2012,Hourly, ,50+,632,21.07,0
3/1/2018,16730,F,77,Group E,FT,, ,North,5/24/2011,Hourly, ,50+,1012,33.73,0
3/1/2018,16996,F,21,Group C,PT,,Yes,West,3/13/2014,Hourly, ,<30,0,0,0
3/1/2018,17146,F,24,Group D,PT,, ,West,11/16/2010,Hourly, ,<30,1201,40.03,0
3/1/2018,17244,F,22,Group G,PT,,Yes,Central,3/6/2014,Hourly, ,<30,0,0,0
3/1/2018,17292,F,24,Group E,PT,, ,West,1/16/2014,Hourly, ,<30,44,1.47,0
3/1/2018,17362,F,29,Group B,FT,, ,East,12/20/2011,Hourly, ,<30,802,26.73,0
3/1/2018,17548,M,26,Group E,PT,3/9/2014, ,East,9/17/2013,Hourly,Voluntary,<30,173,5.77,0
3/1/2018,17932,M,56,Group F,PT,, ,Central,10/3/2013,Hourly, ,50+,149,4.97,0
3/1/2018,17998,M,47,Group C,PT,, ,Northwest,9/2/2012,Hourly, ,30-49,545,18.17,0
3/1/2018,18008,F,22,Group C,PT,3/15/2014, ,Northwest,9/25/2013,Hourly,Voluntary,<30,171,5.7,0
3/1/2018,18136,M,20,Group G,PT,3/27/2014, ,Northwest,2/27/2014,Hourly,Voluntary,<30,28,0.93,1
3/1/2018,18214,F,23,Group F,PT,, ,Northwest,11/9/2013,Hourly, ,<30,112,3.73,0
3/1/2018,18230,M,48,Group A,PT,, ,North,10/24/2007,Hourly, ,30-49,2320,77.33,0
3/1/2018,18254,M,20,Group D,PT,, ,Central,12/17/2013,Hourly, ,<30,74,2.47,0
3/1/2018,18638,M,25,Group F,PT,3/30/2014,Yes,Northwest,3/27/2014,Hourly,Voluntary,<30,3,0.1,1
3/1/2018,18786,M,40,Group C,PT,, ,Central,10/16/2013,Hourly, ,30-49,136,4.53,0
3/1/2018,18926,F,23,Group A,PT,, ,West,11/30/2012,Hourly, ,<30,456,15.2,0
3/1/2018,18994,F,21,Group B,FT,, ,Northwest,9/9/2013,Hourly, ,<30,173,5.77,0
3/1/2018,19130,F,44,Group F,PT,, ,North,9/14/2012,Hourly, ,30-49,533,17.77,0
3/1/2018,19376,M,19,Group C,PT,, ,Central,10/3/2013,Hourly, ,<30,149,4.97,0
3/1/2018,19598,F,19,Group G,PT,, ,Northwest,2/13/2014,Hourly, ,<30,16,0.53,0
3/1/2018,19600,F,24,Group A,FT,, ,Northwest,4/27/2011,Hourly, ,<30,1039,34.63,0
3/1/2018,19650,M,21,Group D,PT,, ,Northwest,9/6/2013,Hourly, ,<30,176,5.87,0
3/1/2018,19702,F,22,Group E,PT,, ,Northwest,8/15/2013,Hourly, ,<30,198,6.6,0
3/1/2018,19712,M,56,Group B,PT,,Yes,Northwest,3/14/2014,Hourly, ,50+,0,0,0
3/1/2018,19870,M,24,Group A,PT,, ,Northwest,10/24/2013,Hourly, ,<30,128,4.27,0
3/1/2018,20832,F,20,Group D,PT,, ,West,1/17/2014,Hourly, ,<30,43,1.43,0
3/1/2018,20938,M,31,Group E,PT,3/22/2014, ,West,11/16/2013,Hourly,Voluntary,30-49,126,4.2,0
3/1/2018,20972,F,18,Group C,PT,,Yes,Central,3/27/2014,Hourly, ,<30,0,0,0
3/1/2018,21208,M,30,Group A,FT,, ,Northwest,7/13/2000,Hourly, ,30-49,4979,165.97,0
3/1/2018,21490,M,20,Group C,PT,3/16/2014, ,Northwest,1/9/2014,Hourly,Involuntary,<30,66,2.2,0
3/1/2018,21544,F,27,Group B,PT,, ,Northwest,9/2/2010,Hourly, ,<30,1276,42.53,0
3/1/2018,21630,F,19,Group B,PT,, ,South,10/18/2013,Hourly, ,<30,134,4.47,0
3/1/2018,21870,F,21,Group C,PT,, ,North,9/13/2013,Hourly, ,<30,169,5.63,0
3/1/2018,22578,F,69,Group C,FT,, ,Northwest,5/5/2011,Hourly, ,50+,1031,34.37,0
3/1/2018,22686,M,33,Group C,PT,3/5/2014, ,Midwest,2/27/2014,Hourly,Voluntary,30-49,6,0.2,1
3/1/2018,22748,F,67,Group C,PT,3/2/2014, ,South,2/28/2014,Hourly,Voluntary,50+,2,0.07,1
3/1/2018,23112,F,21,Group G,PT,, ,North,2/22/2012,Hourly, ,<30,738,24.6,0
3/1/2018,23252,M,20,Group F,PT,3/8/2014, ,Central,5/8/2013,Hourly,Voluntary,<30,304,10.13,0
3/1/2018,23394,M,23,Group B,PT,, ,Central,9/22/2012,Hourly, ,<30,525,17.5,0
3/1/2018,24502,F,23,Group F,PT,, ,East,9/17/2013,Hourly, ,<30,165,5.5,0
3/1/2018,24518,F,20,Group A,PT,, ,East,1/23/2014,Hourly, ,<30,37,1.23,0
3/1/2018,24608,M,41,Group G,PT,, ,North,11/18/2013,Hourly, ,30-49,103,3.43,0
3/1/2018,24614,F,24,Group A,PT,, ,North,8/23/2013,Hourly, ,<30,190,6.33,0
3/1/2018,24690,M,19,Group A,PT,,Yes,West,3/1/2014,Hourly, ,<30,0,0,0
3/1/2018,24692,F,22,Group E,PT,3/1/2014, ,West,7/6/2013,Hourly,Voluntary,<30,238,7.93,0
3/1/2018,24994,M,21,Group B,PT,, ,Northwest,11/19/2013,Hourly, ,<30,102,3.4,0
3/1/2018,25002,M,51,Group G,PT,,Yes,Northwest,3/7/2014,Hourly, ,50+,0,0,0
3/1/2018,25044,F,20,Group G,PT,, ,Central,6/21/2013,Hourly, ,<30,253,8.43,0
3/1/2018,25050,M,22,Group B,PT,3/31/2014, ,Central,10/23/2013,Hourly,Voluntary,<30,159,5.3,0
3/1/2018,25050,M,22,Group B,PT,, ,Central,10/23/2013,Hourly, ,<30,129,4.3,0
3/1/2018,25148,F,23,Group C,PT,, ,Central,11/13/2013,Hourly, ,<30,108,3.6,0
3/1/2018,25192,F,54,Group D,PT,3/24/2014, ,Northwest,2/27/2014,Hourly,Voluntary,50+,25,0.83,1
3/1/2018,25206,F,47,Group B,PT,, ,Northwest,2/20/2014,Hourly, ,30-49,9,0.3,0
3/1/2018,25212,F,21,Group F,PT,, ,West,7/17/2013,Hourly, ,<30,227,7.57,0
3/1/2018,25730,F,20,Group D,PT,3/8/2014, ,Central,2/27/2014,Hourly,Voluntary,<30,9,0.3,1
3/1/2018,25882,F,22,Group D,PT,, ,Northwest,6/22/2012,Hourly, ,<30,617,20.57,0
3/1/2018,25892,F,20,Group F,PT,, ,Northwest,6/29/2012,Hourly, ,<30,610,20.33,0
3/1/2018,26676,F,19,Group G,PT,3/2/2014, ,Central,2/27/2014,Hourly,Voluntary,<30,3,0.1,1
3/1/2018,26778,M,18,Group C,PT,, ,Central,1/20/2013,Hourly, ,<30,405,13.5,0
3/1/2018,26836,M,45,Group A,PT,, ,Midwest,1/29/2014,Hourly, ,30-49,31,1.03,0
3/1/2018,26924,F,23,Group F,PT,, ,West,9/21/2012,Hourly, ,<30,526,17.53,0
3/1/2018,26954,M,88,Group B,PT,, ,West,8/27/2009,Hourly, ,50+,1647,54.9,0
3/1/2018,27450,F,22,Group G,PT,, ,North,11/10/2011,Hourly, ,<30,842,28.07,0
3/1/2018,27676,F,21,Group A,PT,,Yes,East,3/11/2014,Hourly, ,<30,0,0,0
3/1/2018,28016,M,52,Group E,PT,, ,Northwest,2/28/2013,Hourly, ,50+,366,12.2,0
3/1/2018,28222,M,23,Group D,PT,, ,Central,10/16/2013,Hourly, ,<30,136,4.53,0
3/1/2018,28238,F,27,Group G,PT,3/13/2014, ,Central,6/11/2013,Hourly,Voluntary,<30,275,9.17,0
3/1/2018,28262,M,61,Group B,PT,, ,Central,11/1/2013,Hourly, ,50+,120,4,0
3/1/2018,28266,F,23,Group F,PT,, ,Central,9/12/2013,Hourly, ,<30,170,5.67,0
3/1/2018,28276,M,22,Group A,PT,, ,Central,4/30/2013,Hourly, ,<30,305,10.17,0
3/1/2018,28380,F,46,Group F,PT,, ,Central,5/9/2013,Hourly, ,30-49,296,9.87,0
3/1/2018,28412,F,24,Group C,PT,, ,West,9/5/2013,Hourly, ,<30,177,5.9,0
3/1/2018,28738,F,23,Group G,PT,, ,Central,9/16/2012,Hourly, ,<30,531,17.7,0
3/1/2018,28742,F,20,Group B,PT,3/6/2014, ,West,2/28/2014,Hourly,Voluntary,<30,6,0.2,1
3/1/2018,28758,M,22,Group A,PT,, ,West,1/7/2014,Hourly, ,<30,53,1.77,0
3/1/2018,29062,M,44,Group G,FT,, ,Midwest,5/26/2009,Hourly, ,30-49,1740,58,0
3/1/2018,29126,F,22,Group A,PT,, ,Northwest,2/7/2014,Hourly, ,<30,22,0.73,0
3/1/2018,29274,F,24,Group F,PT,, ,Central,5/16/2013,Hourly, ,<30,289,9.63,0
3/1/2018,29552,F,27,Group B,PT,, ,West,3/15/2013,Hourly, ,<30,351,11.7,0
3/1/2018,29632,M,29,Group F,PT,, ,Central,4/1/2010,Hourly, ,<30,1430,47.67,0
3/1/2018,29862,M,22,Group B,PT,, ,Central,11/6/2013,Hourly, ,<30,115,3.83,0
3/1/2018,30046,M,19,Group D,PT,, ,Central,5/23/2013,Hourly, ,<30,282,9.4,0
3/1/2018,30158,F,22,Group G,PT,, ,Northwest,2/12/2014,Hourly, ,<30,17,0.57,0
3/1/2018,30238,M,32,Group B,PT,, ,Northwest,9/19/2013,Hourly, ,30-49,163,5.43,0
3/1/2018,30868,M,19,Group D,PT,, ,Northwest,8/21/2013,Hourly, ,<30,192,6.4,0
3/1/2018,30934,M,54,Group B,PT,, ,Northwest,11/3/2011,Hourly, ,50+,849,28.3,0
3/1/2018,30954,M,18,Group F,PT,3/4/2014, ,Northwest,2/26/2014,Hourly,Voluntary,<30,6,0.2,1
3/1/2018,31286,M,27,Group A,PT,3/30/2014, ,Central,2/6/2014,Hourly,Voluntary,<30,52,1.73,1
3/1/2018,31764,M,67,Group F,PT,, ,West,2/28/2014,Hourly, ,50+,1,0.03,0
3/1/2018,31806,M,23,Group G,PT,, ,West,9/24/2013,Hourly, ,<30,158,5.27,0
3/1/2018,31824,M,24,Group B,PT,, ,North,6/1/2012,Hourly, ,<30,638,21.27,0
3/1/2018,31918,M,49,Group F,PT,, ,Midwest,3/24/2012,Hourly, ,30-49,707,23.57,0
3/1/2018,32032,F,17,Group A,PT,, ,Northwest,2/4/2014,Hourly, ,<30,25,0.83,0
3/1/2018,32034,F,19,Group E,PT,, ,North,11/5/2013,Hourly, ,<30,116,3.87,0
3/1/2018,32392,M,19,Group D,PT,3/28/2014,Yes,Midwest,3/27/2014,Hourly,Voluntary,<30,1,0.03,1
3/1/2018,32914,M,63,Group A,PT,, ,Northwest,2/27/2014,Hourly,Voluntary,50+,17,0.57,1
3/1/2018,32952,M,29,Group F,PT,, ,North,10/1/2013,Hourly, ,<30,151,5.03,0
3/1/2018,33066,F,31,Group E,PT,, ,South,4/13/2011,Hourly, ,30-49,1053,35.1,0
3/1/2018,33132,M,20,Group A,PT,, ,South,6/9/2012,Hourly, ,<30,630,21,0
3/1/2018,33140,M,28,Group B,PT,3/2/2014, ,West,10/23/2013,Hourly,Voluntary,<30,130,4.33,0
3/1/2018,33148,M,53,Group F,PT,3/8/2014, ,South,8/1/2012,Hourly,Voluntary,50+,584,19.47,0
3/1/2018,33240,F,31,Group E,FT,, ,Midwest,6/26/2002,Salary, ,30-49,4266,142.2,0
3/1/2018,33258,M,36,Group D,FT,, ,West,4/4/2008,Salary, ,30-49,2157,71.9,0
3/1/2018,33262,F,49,Group E,FT,, ,Northwest,3/19/2008,Salary, ,30-49,2173,72.43,0
3/1/2018,33278,F,33,Group E,FT,, ,Midwest,9/29/2011,Salary, ,30-49,884,29.47,0
3/1/2018,33288,F,47,Group G,FT,3/29/2014, ,East,7/16/2008,Salary,Voluntary,30-49,2082,69.4,0
3/1/2018,33310,M,23,Group D,FT,, ,East,6/25/2013,Salary, ,<30,249,8.3,0
3/1/2018,33312,F,52,Group C,FT,, ,East,10/4/2011,Salary, ,50+,879,29.3,0
3/1/2018,33812,M,28,Group B,PT,, ,Midwest,1/13/2012,Hourly, ,<30,778,25.93,0
3/1/2018,40406,M,49,Group B,FT,, ,North,4/9/2005,Hourly, ,30-49,3248,108.27,0
3/1/2018,40416,F,20,Group C,FT,, ,North,5/21/2013,Hourly, ,<30,284,9.47,0
3/1/2018,40434,M,56,Group E,FT,, ,North,8/16/2012,Hourly, ,50+,562,18.73,0
3/1/2018,40442,M,19,Group G,PT,,Yes,North,3/5/2014,Hourly, ,<30,0,0,0
3/1/2018,40452,M,47,Group A,PT,, ,North,10/16/2013,Hourly, ,30-49,136,4.53,0
3/1/2018,40462,F,20,Group A,PT,, ,North,9/19/2013,Hourly, ,<30,163,5.43,0
3/1/2018,40472,F,57,Group E,FT,, ,North,5/18/2005,Hourly, ,50+,3209,106.97,0
3/1/2018,40478,M,22,Group C,PT,, ,North,6/22/2011,Hourly, ,<30,983,32.77,0
3/1/2018,40484,M,21,Group F,PT,, ,North,12/13/2011,Hourly, ,<30,809,26.97,0
3/1/2018,40486,M,28,Group A,PT,, ,North,11/2/2011,Hourly, ,<30,850,28.33,0
3/1/2018,40488,M,37,Group D,FT,, ,North,5/23/2011,Hourly, ,30-49,1013,33.77,0
3/1/2018,40506,M,21,Group G,PT,, ,North,7/27/2012,Hourly, ,<30,582,19.4,0
3/1/2018,40530,M,20,Group A,PT,,Yes,North,3/26/2014,Hourly, ,<30,0,0,0
3/1/2018,40542,M,47,Group D,PT,, ,North,6/21/2005,Hourly, ,30-49,3175,105.83,0
3/1/2018,40548,F,31,Group E,FT,, ,North,5/2/2007,Hourly, ,30-49,2495,83.17,0
3/1/2018,40554,M,68,Group C,PT,, ,North,2/23/2007,Hourly, ,50+,2563,85.43,0
3/1/2018,40754,F,24,Group D,PT,, ,North,8/7/2008,Hourly, ,<30,2032,67.73,0
3/1/2018,41030,F,20,Group F,PT,, ,Midwest,5/16/2013,Hourly, ,<30,289,9.63,0
3/1/2018,41038,M,44,Group F,PT,, ,Midwest,3/16/2012,Hourly, ,30-49,715,23.83,0
3/1/2018,41042,F,37,Group D,PT,, ,Midwest,8/9/2013,Hourly, ,30-49,204,6.8,0
3/1/2018,41050,M,29,Group F,PT,, ,Midwest,12/29/2007,Hourly, ,<30,2254,75.13,0
3/1/2018,41058,F,24,Group C,PT,, ,Midwest,10/26/2011,Hourly, ,<30,857,28.57,0
3/1/2018,41082,F,23,Group F,PT,, ,Midwest,2/18/2010,Hourly, ,<30,1472,49.07,0
3/1/2018,41288,F,22,Group B,FT,, ,Midwest,3/2/2012,Hourly, ,<30,729,24.3,0
3/1/2018,41290,M,21,Group G,PT,, ,Midwest,2/12/2014,Hourly, ,<30,17,0.57,0
3/1/2018,41292,F,22,Group D,PT,, ,Midwest,11/3/2012,Hourly, ,<30,483,16.1,0
3/1/2018,41332,M,26,Group G,FT,, ,Midwest,10/20/2009,Hourly, ,<30,1593,53.1,0
3/1/2018,41344,M,66,Group F,PT,, ,Midwest,8/30/2005,Hourly, ,50+,3105,103.5,0
3/1/2018,41372,F,31,Group G,FT,, ,Midwest,7/26/2013,Hourly, ,30-49,218,7.27,0
3/1/2018,41388,F,22,Group B,FT,, ,South,6/26/2013,Hourly, ,<30,248,8.27,0
3/1/2018,41396,F,19,Group C,PT,, ,South,4/27/2013,Hourly, ,<30,308,10.27,0
3/1/2018,41416,M,21,Group C,PT,, ,South,8/28/2013,Hourly, ,<30,185,6.17,0
3/1/2018,41420,M,20,Group C,PT,, ,South,4/18/2013,Hourly, ,<30,317,10.57,0
3/1/2018,41510,M,25,Group A,PT,, ,South,10/26/2011,Hourly, ,<30,857,28.57,0
3/1/2018,41512,F,21,Group G,PT,, ,South,8/25/2012,Hourly, ,<30,553,18.43,0
3/1/2018,41518,M,52,Group C,PT,, ,South,7/12/2013,Hourly, ,50+,232,7.73,0
3/1/2018,41544,M,47,Group F,PT,,Yes,South,3/19/2014,Hourly, ,30-49,0,0,0
3/1/2018,41692,M,48,Group D,FT,, ,South,11/22/2012,Hourly, ,30-49,464,15.47,0
3/1/2018,42106,M,59,Group B,PT,, ,South,8/23/2012,Hourly, ,50+,555,18.5,0
3/1/2018,42236,M,65,Group G,FT,, ,South,6/15/2011,Hourly, ,50+,990,33,0
3/1/2018,42238,F,21,Group B,PT,, ,South,10/20/2012,Hourly, ,<30,497,16.57,0
3/1/2018,42680,M,63,Group D,PT,, ,South,6/20/2013,Hourly, ,50+,254,8.47,0
3/1/2018,42684,M,25,Group A,FT,, ,South,2/14/2006,Hourly, ,<30,2937,97.9,0
3/1/2018,42708,M,62,Group E,PT,, ,South,10/27/2011,Hourly, ,50+,856,28.53,0
3/1/2018,42804,F,24,Group F,PT,, ,South,9/7/2012,Hourly, ,<30,540,18,0
3/1/2018,42892,M,59,Group G,FT,, ,South,6/19/2007,Hourly, ,50+,2447,81.57,0
3/1/2018,42896,M,20,Group B,PT,, ,South,8/14/2013,Hourly, ,<30,199,6.63,0
3/1/2018,42924,F,24,Group E,PT,, ,South,6/23/2011,Hourly, ,<30,982,32.73,0
3/1/2018,43058,M,37,Group C,PT,, ,South,8/16/2013,Hourly, ,30-49,197,6.57,0
3/1/2018,43128,M,23,Group B,PT,, ,South,2/25/2012,Hourly, ,<30,735,24.5,0
3/1/2018,43130,M,22,Group A,PT,, ,South,2/28/2014,Hourly, ,<30,1,0.03,0
3/1/2018,43134,F,20,Group E,PT,, ,South,7/31/2013,Hourly, ,<30,213,7.1,0
3/1/2018,43160,M,37,Group F,PT,, ,South,1/20/2014,Hourly, ,30-49,40,1.33,0
3/1/2018,43308,M,18,Group C,PT,, ,South,10/31/2012,Hourly, ,<30,486,16.2,0
3/1/2018,43312,M,21,Group F,PT,,Yes,South,3/14/2014,Hourly, ,<30,0,0,0
3/1/2018,43336,M,22,Group E,PT,, ,South,3/31/2012,Hourly, ,<30,700,23.33,0
3/1/2018,43340,F,23,Group G,FT,, ,South,8/20/2013,Hourly, ,<30,193,6.43,0
3/1/2018,43342,F,23,Group F,FT,, ,South,3/31/2012,Hourly, ,<30,700,23.33,0
3/1/2018,43350,M,69,Group E,PT,, ,South,11/6/2013,Hourly, ,50+,115,3.83,0
3/1/2018,43356,F,23,Group B,FT,, ,South,9/2/2009,Hourly, ,<30,1641,54.7,0
3/1/2018,43376,F,48,Group A,PT,, ,North,10/16/2012,Hourly, ,30-49,501,16.7,0
3/1/2018,43380,M,27,Group C,PT,, ,North,7/5/2012,Hourly, ,<30,604,20.13,0
3/1/2018,43414,F,19,Group E,FT,, ,North,9/26/2013,Hourly, ,<30,156,5.2,0
3/1/2018,43428,F,19,Group D,PT,, ,North,8/8/2013,Hourly, ,<30,205,6.83,0
3/1/2018,43430,F,49,Group A,FT,, ,North,9/16/2011,Hourly, ,30-49,897,29.9,0
3/1/2018,43432,F,36,Group C,FT,, ,North,3/10/2011,Hourly, ,30-49,1087,36.23,0
3/1/2018,43438,M,60,Group G,FT,, ,North,7/19/2012,Hourly, ,50+,590,19.67,0
3/1/2018,43440,F,26,Group G,FT,, ,North,5/31/2007,Hourly, ,<30,2466,82.2,0
3/1/2018,43526,M,58,Group C,FT,, ,North,4/26/2008,Hourly, ,50+,2135,71.17,0
3/1/2018,43538,M,26,Group C,PT,, ,North,6/12/2008,Hourly, ,<30,2088,69.6,0
3/1/2018,43570,F,20,Group A,PT,, ,North,11/6/2013,Hourly, ,<30,115,3.83,0
3/1/2018,43606,F,24,Group B,PT,, ,North,8/31/2011,Hourly, ,<30,913,30.43,0
3/1/2018,43610,M,25,Group C,PT,, ,North,3/20/2007,Hourly, ,<30,2538,84.6,0
3/1/2018,43612,M,55,Group G,PT,, ,North,2/27/2007,Hourly, ,50+,2559,85.3,0
3/1/2018,43614,M,61,Group F,PT,,Yes,North,3/26/2014,Hourly, ,50+,0,0,0
3/1/2018,43626,M,19,Group F,PT,, ,North,11/29/2013,Hourly, ,<30,92,3.07,0
3/1/2018,43672,F,23,Group D,FT,, ,North,11/3/2006,Hourly, ,<30,2675,89.17,0
3/1/2018,43678,M,60,Group A,FT,, ,North,4/9/2007,Hourly, ,50+,2518,83.93,0
3/1/2018,43682,M,64,Group F,PT,, ,North,11/13/2013,Hourly, ,50+,108,3.6,0
3/1/2018,43728,F,23,Group D,PT,, ,North,10/3/2011,Hourly, ,<30,880,29.33,0
3/1/2018,43738,M,23,Group D,PT,, ,North,6/22/2010,Hourly, ,<30,1348,44.93,0
3/1/2018,43784,F,21,Group B,PT,, ,Midwest,8/15/2013,Hourly, ,<30,198,6.6,0
3/1/2018,43790,F,65,Group D,FT,, ,Midwest,8/1/2009,Hourly, ,50+,1673,55.77,0
3/1/2018,43796,F,26,Group A,FT,,Yes,Midwest,3/19/2014,Hourly, ,<30,0,0,0
3/1/2018,43802,M,58,Group C,PT,,Yes,Midwest,3/19/2014,Hourly, ,50+,0,0,0
3/1/2018,43804,M,33,Group E,FT,,Yes,Midwest,3/19/2014,Hourly, ,30-49,0,0,0
3/1/2018,43806,M,21,Group C,PT,,Yes,Midwest,3/19/2014,Hourly, ,<30,0,0,0
3/1/2018,43808,M,62,Group D,PT,,Yes,Midwest,3/25/2014,Hourly, ,50+,0,0,0
3/1/2018,43918,M,50,Group A,PT,, ,Midwest,3/9/2010,Hourly, ,50+,1453,48.43,0
3/1/2018,43926,F,19,Group B,PT,, ,Midwest,10/4/2011,Hourly, ,<30,879,29.3,0
3/1/2018,43990,M,20,Group A,PT,, ,Midwest,9/19/2013,Hourly, ,<30,163,5.43,0
3/1/2018,44032,F,23,Group A,PT,, ,Midwest,10/28/2013,Hourly, ,<30,124,4.13,0
3/1/2018,44038,M,47,Group G,PT,, ,Midwest,10/12/2013,Hourly, ,30-49,140,4.67,0
3/1/2018,44044,M,63,Group A,PT,, ,Midwest,2/13/2007,Hourly, ,50+,2573,85.77,0
3/1/2018,44046,F,22,Group D,PT,,Yes,Midwest,3/26/2014,Hourly, ,<30,0,0,0
3/1/2018,44062,M,32,Group C,FT,, ,Midwest,8/12/2006,Hourly, ,30-49,2758,91.93,0
3/1/2018,44066,M,21,Group C,FT,, ,Midwest,3/26/2013,Hourly, ,<30,340,11.33,0
3/1/2018,44110,M,27,Group D,PT,, ,Midwest,6/24/2009,Hourly, ,<30,1711,57.03,0
3/1/2018,44114,M,20,Group G,PT,, ,Midwest,7/11/2013,Hourly, ,<30,233,7.77,0
3/1/2018,49036,M,55,Group G,FT,, ,Central,10/13/2005,Hourly, ,50+,3061,102.03,0
3/1/2018,49040,F,48,Group F,PT,, ,South,6/2/2010,Hourly, ,30-49,1368,45.6,0
3/1/2018,49142,M,34,Group A,PT,, ,Midwest,3/22/2008,Hourly, ,30-49,2170,72.33,0
3/1/2018,49164,F,53,Group A,FT,, ,South,4/17/2008,Hourly, ,50+,2144,71.47,0
3/1/2018,49188,F,51,Group B,FT,, ,Midwest,3/10/1981,Hourly, ,50+,12044,401.47,0
3/1/2018,49216,F,41,Group D,FT,, ,Central,5/15/2013,Hourly, ,30-49,290,9.67,0
3/1/2018,49232,M,51,Group E,FT,, ,Northwest,7/5/2012,Hourly, ,50+,604,20.13,0
3/1/2018,49284,F,19,Group A,PT,, ,Northwest,11/2/2012,Hourly, ,<30,484,16.13,0
3/1/2018,49296,M,40,Group F,PT,, ,Northwest,12/6/2011,Hourly, ,30-49,816,27.2,0
3/1/2018,49302,F,22,Group A,PT,, ,North,12/13/2007,Hourly, ,<30,2270,75.67,0
3/1/2018,49368,M,24,Group E,PT,, ,West,11/14/2012,Hourly, ,<30,472,15.73,0
3/1/2018,49376,F,31,Group G,FT,, ,West,1/9/2013,Hourly, ,30-49,416,13.87,0
3/1/2018,49416,M,32,Group E,PT,, ,Central,11/2/2011,Hourly, ,30-49,850,28.33,0
3/1/2018,49444,M,28,Group F,PT,, ,South,9/21/2012,Hourly, ,<30,526,17.53,0
3/1/2018,49550,M,49,Group G,FT,, ,West,3/16/2008,Hourly, ,30-49,2176,72.53,0
3/1/2018,49576,F,58,Group E,PT,, ,West,11/1/2012,Hourly, ,50+,485,16.17,0
3/1/2018,49666,F,34,Group A,FT,, ,Midwest,1/26/2007,Hourly, ,30-49,2591,86.37,0
3/1/2018,49716,F,62,Group E,FT,, ,Central,7/27/2007,Hourly, ,50+,2409,80.3,0
3/1/2018,49748,F,52,Group E,FT,, ,Northwest,11/21/2001,Hourly, ,50+,4483,149.43,0
3/1/2018,49776,F,29,Group A,FT,, ,North,7/12/2006,Hourly, ,<30,2789,92.97,0
3/1/2018,49794,F,43,Group G,FT,, ,South,1/18/1989,Hourly, ,30-49,9173,305.77,0
3/1/2018,49832,F,30,Group F,FT,, ,West,7/14/2004,Hourly, ,30-49,3517,117.23,0
3/1/2018,49848,M,47,Group B,FT,, ,West,3/15/2012,Hourly, ,30-49,716,23.87,0
3/1/2018,49908,F,23,Group F,PT,, ,Central,12/6/2013,Hourly, ,<30,85,2.83,0
3/1/2018,49932,F,23,Group E,PT,, ,Central,10/18/2013,Hourly, ,<30,134,4.47,0
3/1/2018,49966,F,19,Group G,PT,,Yes,Northwest,3/11/2014,Hourly, ,<30,0,0,0
3/1/2018,49976,F,21,Group B,PT,, ,West,8/9/2012,Hourly, ,<30,569,18.97,0
3/1/2018,50272,M,22,Group F,FT,, ,North,3/20/2012,Hourly, ,<30,711,23.7,0
3/1/2018,50278,F,57,Group F,FT,, ,North,10/13/2000,Hourly, ,50+,4887,162.9,0
3/1/2018,50282,F,55,Group D,PT,, ,South,10/15/2002,Hourly, ,50+,4155,138.5,0
3/1/2018,50294,F,21,Group E,PT,, ,Central,11/19/2013,Hourly, ,<30,102,3.4,0
3/1/2018,50304,F,32,Group F,FT,, ,Central,7/23/2009,Hourly, ,30-49,1682,56.07,0
3/1/2018,50306,F,44,Group C,FT,, ,Central,11/8/2005,Hourly, ,30-49,3035,101.17,0
3/1/2018,50312,F,46,Group D,FT,, ,Northwest,8/31/2012,Hourly, ,30-49,547,18.23,0
3/1/2018,50318,F,43,Group A,FT,, ,Midwest,9/13/2005,Hourly, ,30-49,3091,103.03,0
3/1/2018,50322,F,30,Group G,FT,, ,West,12/1/2007,Hourly, ,30-49,2282,76.07,0
3/1/2018,50332,M,23,Group B,PT,, ,North,12/18/2012,Hourly, ,<30,438,14.6,0
3/1/2018,50336,F,30,Group A,FT,, ,West,9/15/2005,Hourly, ,30-49,3089,102.97,0
3/1/2018,50340,F,27,Group F,FT,, ,Northwest,6/24/2012,Hourly, ,<30,615,20.5,0
3/1/2018,50342,F,33,Group C,FT,, ,Central,5/1/2008,Hourly, ,30-49,2130,71,0
3/1/2018,50378,F,36,Group A,FT,, ,North,9/7/2012,Hourly, ,30-49,540,18,0
3/1/2018,50384,F,23,Group A,PT,, ,Midwest,9/13/2011,Hourly, ,<30,900,30,0
3/1/2018,50386,F,23,Group A,FT,, ,North,9/11/2010,Hourly, ,<30,1267,42.23,0
3/1/2018,50396,F,22,Group A,FT,, ,Midwest,10/11/2012,Hourly, ,<30,506,16.87,0
3/1/2018,50426,F,43,Group E,FT,, ,Northwest,6/30/2004,Hourly, ,30-49,3531,117.7,0
3/1/2018,50438,F,59,Group G,FT,, ,West,3/29/2005,Hourly, ,50+,3259,108.63,0
3/1/2018,50470,F,58,Group D,FT,, ,Midwest,11/21/1974,Hourly, ,50+,14345,478.17,0
3/1/2018,50472,F,24,Group B,PT,, ,West,9/13/2011,Hourly, ,<30,900,30,0
3/1/2018,50812,M,22,Group B,PT,, ,Northwest,2/23/2013,Hourly, ,<30,371,12.37,0
3/1/2018,50838,M,25,Group G,FT,, ,West,4/23/2010,Hourly, ,<30,1408,46.93,0
3/1/2018,50854,M,20,Group F,PT,, ,Northwest,7/18/2013,Hourly, ,<30,226,7.53,0
3/1/2018,50884,F,57,Group E,FT,, ,North,4/15/2005,Hourly, ,50+,3242,108.07,0
3/1/2018,51010,M,35,Group B,FT,, ,West,8/5/2009,Hourly, ,30-49,1669,55.63,0
3/1/2018,51134,M,24,Group B,PT,, ,Central,8/7/2013,Hourly, ,<30,206,6.87,0
3/1/2018,51146,F,36,Group D,FT,, ,Central,6/24/1995,Hourly, ,30-49,6825,227.5,0
3/1/2018,51166,F,24,Group E,PT,, ,Central,5/10/2013,Hourly, ,<30,295,9.83,0
3/1/2018,51184,F,29,Group C,PT,,Yes,Central,3/5/2014,Hourly, ,<30,0,0,0
3/1/2018,51236,F,71,Group B,FT,, ,Central,4/15/2004,Hourly, ,50+,3607,120.23,0
3/1/2018,51312,M,28,Group D,FT,, ,Northwest,9/22/2004,Hourly, ,<30,3447,114.9,0
3/1/2018,51316,F,68,Group C,FT,, ,Northwest,10/30/2007,Hourly, ,50+,2314,77.13,0
3/1/2018,51324,M,31,Group B,FT,, ,Northwest,3/18/2004,Hourly, ,30-49,3635,121.17,0
3/1/2018,51338,M,46,Group A,FT,, ,Northwest,11/2/2012,Hourly, ,30-49,484,16.13,0
3/1/2018,51340,F,23,Group G,PT,, ,Northwest,6/6/2013,Hourly, ,<30,268,8.93,0
3/1/2018,51548,M,50,Group B,FT,, ,Central,12/14/2008,Hourly, ,50+,1903,63.43,0
3/1/2018,51622,F,41,Group D,FT,, ,Central,6/23/1998,Hourly, ,30-49,5730,191,0
3/1/2018,51690,F,21,Group A,PT,, ,West,11/15/2013,Hourly, ,<30,106,3.53,0
3/1/2018,51776,M,26,Group A,PT,, ,West,6/26/2013,Hourly, ,<30,248,8.27,0
3/1/2018,51812,M,60,Group E,PT,, ,West,11/15/2013,Hourly, ,50+,106,3.53,0
3/1/2018,51916,F,57,Group C,FT,, ,South,5/13/2003,Hourly, ,50+,3945,131.5,0
3/1/2018,51922,M,51,Group G,FT,, ,South,8/12/2004,Hourly, ,50+,3488,116.27,0
3/1/2018,51974,F,25,Group E,PT,, ,Northwest,8/2/2011,Hourly, ,<30,942,31.4,0
3/1/2018,51994,M,58,Group E,PT,, ,Northwest,11/10/2004,Hourly, ,50+,3398,113.27,0
3/1/2018,52004,M,23,Group B,PT,, ,Northwest,1/25/2013,Hourly, ,<30,400,13.33,0
3/1/2018,52010,M,35,Group F,PT,, ,Northwest,5/1/2003,Hourly, ,30-49,3957,131.9,0
3/1/2018,52018,M,44,Group F,FT,, ,Northwest,1/10/2012,Hourly, ,30-49,781,26.03,0
3/1/2018,52020,M,36,Group E,FT,, ,Northwest,2/6/2014,Hourly, ,30-49,23,0.77,0
3/1/2018,52024,M,20,Group E,PT,, ,Northwest,8/15/2013,Hourly, ,<30,198,6.6,0
3/1/2018,52238,M,44,Group E,PT,, ,Northwest,7/13/2005,Hourly, ,30-49,3153,105.1,0
3/1/2018,52248,M,43,Group B,FT,, ,West,11/16/2011,Hourly, ,30-49,836,27.87,0
3/1/2018,52290,M,64,Group G,PT,, ,West,10/30/2007,Hourly, ,50+,2314,77.13,0
3/1/2018,52292,M,35,Group D,FT,, ,West,6/7/2005,Hourly, ,30-49,3189,106.3,0
3/1/2018,52304,M,22,Group D,PT,, ,Northwest,10/24/2013,Hourly, ,<30,128,4.27,0
3/1/2018,52332,M,61,Group C,PT,, ,South,1/22/2002,Hourly, ,50+,4421,147.37,0
3/1/2018,52424,M,54,Group C,PT,, ,Central,5/23/2013,Hourly, ,50+,282,9.4,0
3/1/2018,52446,M,24,Group B,PT,, ,Northwest,2/15/2013,Hourly, ,<30,379,12.63,0
3/1/2018,52536,M,43,Group D,FT,, ,Central,11/25/2003,Hourly, ,30-49,3749,124.97,0
3/1/2018,52566,M,57,Group B,FT,, ,Central,9/23/2009,Hourly, ,50+,1620,54,0
3/1/2018,52576,M,42,Group C,PT,, ,Central,10/19/2012,Hourly, ,30-49,498,16.6,0
3/1/2018,52652,M,47,Group A,FT,, ,Northwest,11/15/2013,Hourly, ,30-49,106,3.53,0
3/1/2018,52682,M,42,Group G,PT,, ,Central,4/4/2002,Hourly, ,30-49,4349,144.97,0
3/1/2018,52698,M,51,Group E,PT,, ,West,5/7/2013,Hourly, ,50+,298,9.93,0
3/1/2018,52764,M,31,Group F,FT,, ,Central,4/6/2010,Hourly, ,30-49,1425,47.5,0
3/1/2018,52770,F,20,Group E,PT,, ,Northwest,7/12/2012,Hourly, ,<30,597,19.9,0
3/1/2018,52782,F,19,Group E,PT,, ,East,1/3/2014,Hourly, ,<30,57,1.9,0
3/1/2018,52824,F,38,Group E,FT,,Yes,Northwest,3/6/2014,Salary, ,30-49,0,0,0
3/1/2018,52826,M,56,Group C,FT,, ,Northwest,3/1/2006,Hourly, ,50+,2922,97.4,0
3/1/2018,52834,M,23,Group G,FT,, ,Northwest,1/25/2012,Salary, ,<30,766,25.53,0
3/1/2018,52926,F,46,Group A,PT,, ,North,5/11/1988,Hourly, ,30-49,9425,314.17,0
3/1/2018,52934,M,27,Group B,PT,, ,North,4/14/2007,Hourly, ,<30,2513,83.77,0
3/1/2018,52954,M,52,Group G,FT,, ,North,2/28/1989,Salary, ,50+,9132,304.4,0
3/1/2018,52968,M,37,Group F,FT,, ,North,3/28/2007,Salary, ,30-49,2530,84.33,0
3/1/2018,52970,M,38,Group A,FT,, ,North,10/12/1996,Salary, ,30-49,6349,211.63,0
3/1/2018,52980,M,70,Group A,PT,, ,North,6/1/2011,Hourly, ,50+,1004,33.47,0
3/1/2018,52982,M,28,Group G,FT,, ,North,6/29/2006,Hourly, ,<30,2802,93.4,0
3/1/2018,52984,M,46,Group A,FT,, ,North,11/10/1988,Hourly, ,30-49,9242,308.07,0
3/1/2018,52986,F,20,Group C,PT,, ,North,7/13/2012,Hourly, ,<30,596,19.87,0
3/1/2018,53004,M,35,Group A,FT,, ,North,11/26/1998,Hourly, ,30-49,5574,185.8,0
3/1/2018,53166,M,25,Group A,FT,,Yes,Midwest,3/25/2014,Salary, ,<30,0,0,0
3/1/2018,53176,F,46,Group G,FT,, ,Midwest,11/25/1992,Hourly, ,30-49,7766,258.87,0
3/1/2018,53218,M,68,Group C,PT,, ,Midwest,5/15/2009,Hourly, ,50+,1751,58.37,0
3/1/2018,53250,F,45,Group E,FT,, ,South,5/4/2010,Salary, ,30-49,1397,46.57,0
3/1/2018,53260,M,21,Group E,PT,,Yes,South,3/19/2014,Hourly, ,<30,0,0,0
3/1/2018,53266,M,52,Group F,FT,, ,South,6/11/1991,Hourly, ,50+,8299,276.63,0
3/1/2018,53290,F,22,Group G,PT,, ,South,8/15/2012,Hourly, ,<30,563,18.77,0
3/1/2018,53292,F,41,Group E,FT,, ,South,6/4/1993,Salary, ,30-49,7575,252.5,0
3/1/2018,53356,F,38,Group C,FT,, ,South,2/17/2014,Salary, ,30-49,12,0.4,0
3/1/2018,53368,F,38,Group G,FT,, ,South,3/23/2012,Hourly, ,30-49,708,23.6,0
3/1/2018,53370,M,46,Group D,FT,, ,South,5/20/1986,Salary, ,30-49,10147,338.23,0
3/1/2018,53396,F,21,Group E,FT,, ,South,2/7/2014,Hourly, ,<30,22,0.73,0
3/1/2018,53402,F,34,Group B,FT,, ,South,8/20/2009,Salary, ,30-49,1654,55.13,0
3/1/2018,53410,F,37,Group G,FT,, ,South,11/8/2013,Hourly, ,30-49,113,3.77,0
3/1/2018,53412,M,49,Group F,FT,, ,South,4/25/2006,Salary, ,30-49,2867,95.57,0
3/1/2018,53554,F,32,Group F,FT,, ,Central,3/28/2006,Salary, ,30-49,2895,96.5,0
3/1/2018,53612,F,54,Group E,FT,, ,Central,10/2/2001,Salary, ,50+,4533,151.1,0
3/1/2018,53616,F,22,Group C,PT,, ,Central,8/15/2013,Hourly, ,<30,198,6.6,0
3/1/2018,53652,M,42,Group A,FT,, ,Central,12/21/1990,Salary, ,30-49,8471,282.37,0
3/1/2018,53726,F,27,Group F,PT,, ,Central,4/12/2012,Hourly, ,<30,688,22.93,0
3/1/2018,53744,F,29,Group E,FT,, ,Central,12/10/2013,Salary, ,<30,81,2.7,0
3/1/2018,53752,M,41,Group A,PT,, ,Central,11/20/2007,Hourly, ,30-49,2293,76.43,0
3/1/2018,53804,F,28,Group B,FT,, ,Central,10/31/2005,Hourly, ,<30,3043,101.43,0
3/1/2018,53826,F,51,Group G,FT,, ,West,8/29/2006,Salary, ,50+,2741,91.37,0
3/1/2018,53838,M,46,Group A,FT,, ,West,11/28/2013,Salary, ,30-49,93,3.1,0
3/1/2018,53868,M,53,Group G,PT,, ,West,12/1/2013,Hourly, ,50+,90,3,0
3/1/2018,53874,F,24,Group D,PT,, ,West,11/1/2013,Hourly, ,<30,120,4,0
3/1/2018,53876,F,29,Group E,FT,, ,West,8/22/2013,Hourly, ,<30,191,6.37,0
3/1/2018,53938,F,20,Group F,PT,, ,West,5/9/2013,Hourly, ,<30,296,9.87,0
3/1/2018,53952,M,19,Group B,PT,, ,West,7/6/2013,Hourly, ,<30,238,7.93,0
3/1/2018,53988,F,23,Group D,PT,, ,West,1/26/2012,Hourly, ,<30,765,25.5,0
3/1/2018,53992,F,62,Group D,FT,, ,West,2/23/2007,Hourly, ,50+,2563,85.43,0
3/1/2018,54048,M,45,Group A,FT,, ,West,6/27/2004,Salary, ,30-49,3534,117.8,0
3/1/2018,54064,F,44,Group B,FT,, ,West,5/14/2011,Salary, ,30-49,1022,34.07,0
3/1/2018,54082,M,51,Group G,FT,, ,West,8/23/2007,Hourly, ,50+,2382,79.4,0
3/1/2018,54100,M,55,Group B,FT,, ,West,12/15/2007,Hourly, ,50+,2268,75.6,0
3/1/2018,54304,M,25,Group E,PT,, ,South,6/8/2011,Hourly, ,<30,997,33.23,0
3/1/2018,54306,M,38,Group D,PT,, ,South,10/12/2011,Hourly, ,30-49,871,29.03,0
3/1/2018,54316,M,24,Group B,PT,, ,Northwest,9/13/2006,Hourly, ,<30,2726,90.87,0
3/1/2018,54338,M,28,Group B,FT,, ,North,1/6/2011,Hourly, ,<30,1150,38.33,0
3/1/2018,54356,M,22,Group E,FT,, ,South,4/27/2012,Hourly, ,<30,673,22.43,0
3/1/2018,54366,M,22,Group D,PT,, ,West,7/7/2013,Hourly, ,<30,237,7.9,0
3/1/2018,54372,F,38,Group G,FT,, ,North,1/10/2012,Salary, ,30-49,781,26.03,0
3/1/2018,54384,F,27,Group G,FT,, ,North,1/23/2013,Salary, ,<30,402,13.4,0
3/1/2018,54472,F,69,Group B,FT,, ,Northwest,8/27/2002,Salary, ,50+,4204,140.13,0
3/1/2018,54504,M,41,Group F,FT,,Yes,North,3/15/2014,Hourly, ,30-49,0,0,0
3/1/2018,54506,M,28,Group D,FT,, ,East,12/3/2013,Salary, ,<30,88,2.93,0
3/1/2018,54510,M,45,Group C,FT,, ,Northwest,10/30/2007,Hourly, ,30-49,2314,77.13,0
3/1/2018,54518,M,21,Group D,FT,, ,North,11/8/2013,Hourly, ,<30,113,3.77,0
3/1/2018,54526,M,29,Group B,FT,, ,East,1/8/2014,Hourly, ,<30,52,1.73,0
3/1/2018,54528,F,23,Group B,PT,, ,Midwest,12/15/2011,Hourly, ,<30,807,26.9,0
3/1/2018,54552,M,46,Group C,PT,, ,Midwest,10/19/2012,Hourly, ,30-49,498,16.6,0
3/1/2018,54556,M,22,Group F,PT,, ,South,3/2/2012,Hourly, ,<30,729,24.3,0
3/1/2018,54564,M,21,Group B,PT,, ,South,9/2/2012,Hourly, ,<30,545,18.17,0
3/1/2018,54582,M,49,Group F,PT,, ,Northwest,1/4/2013,Hourly, ,30-49,421,14.03,0
3/1/2018,54614,M,21,Group D,PT,, ,South,10/25/2012,Hourly, ,<30,492,16.4,0
3/1/2018,54662,M,22,Group F,PT,, ,North,2/28/2013,Hourly, ,<30,366,12.2,0
3/1/2018,54890,F,64,Group A,FT,, ,West,4/5/2005,Hourly, ,50+,3252,108.4,0
3/1/2018,54894,F,23,Group F,PT,, ,West,4/26/2013,Hourly, ,<30,309,10.3,0
3/1/2018,54906,F,23,Group F,PT,, ,Midwest,3/15/2012,Hourly, ,<30,716,23.87,0
3/1/2018,54918,F,21,Group C,PT,, ,Midwest,5/31/2013,Hourly, ,<30,274,9.13,0
3/1/2018,55442,F,74,Group G,FT,, ,West,3/11/2003,Hourly, ,50+,4008,133.6,0
3/1/2018,55468,F,20,Group A,PT,, ,West,5/10/2012,Hourly, ,<30,660,22,0
3/1/2018,55512,M,55,Group G,PT,, ,West,9/7/2012,Hourly, ,50+,540,18,0
3/1/2018,55514,M,24,Group D,PT,, ,West,4/15/2011,Hourly, ,<30,1051,35.03,0
3/1/2018,55566,M,22,Group A,PT,, ,Northwest,8/29/2013,Hourly, ,<30,184,6.13,0
3/1/2018,55578,M,30,Group B,PT,, ,Northwest,11/7/2012,Hourly, ,30-49,479,15.97,0
3/1/2018,55588,M,43,Group F,PT,, ,Northwest,1/24/2014,Hourly, ,30-49,36,1.2,0
3/1/2018,55632,F,62,Group B,FT,, ,Northwest,9/13/2011,Hourly, ,50+,900,30,0
3/1/2018,55646,M,20,Group A,FT,, ,Northwest,11/13/2013,Hourly, ,<30,108,3.6,0
3/1/2018,55648,M,56,Group B,FT,, ,Northwest,7/14/2004,Hourly, ,50+,3517,117.23,0
3/1/2018,55650,M,23,Group E,PT,, ,North,9/26/2008,Hourly, ,<30,1982,66.07,0
3/1/2018,55666,M,21,Group D,PT,, ,South,7/13/2011,Hourly, ,<30,962,32.07,0
3/1/2018,55700,F,52,Group B,FT,, ,Central,8/30/2005,Hourly, ,50+,3105,103.5,0
3/1/2018,55704,M,52,Group G,FT,, ,Central,5/10/2005,Hourly, ,50+,3217,107.23,0
3/1/2018,55714,M,21,Group D,PT,, ,Central,2/28/2014,Hourly, ,<30,1,0.03,0
3/1/2018,55722,M,40,Group C,PT,, ,Central,5/4/2010,Hourly, ,30-49,1397,46.57,0
3/1/2018,55726,M,42,Group E,FT,, ,Central,10/23/2008,Hourly, ,30-49,1955,65.17,0
3/1/2018,55730,M,22,Group A,PT,, ,Central,8/27/2010,Hourly, ,<30,1282,42.73,0
3/1/2018,55734,M,46,Group F,PT,, ,Central,4/30/2008,Hourly, ,30-49,2131,71.03,0
3/1/2018,55750,M,40,Group A,FT,, ,Central,8/24/2011,Hourly, ,30-49,920,30.67,0
3/1/2018,55770,M,30,Group E,PT,, ,North,8/11/2000,Hourly, ,30-49,4950,165,0
3/1/2018,55776,F,24,Group E,PT,, ,South,2/1/2012,Hourly, ,<30,759,25.3,0
3/1/2018,55778,M,43,Group B,PT,, ,South,5/18/2011,Hourly, ,30-49,1018,33.93,0
3/1/2018,55780,M,64,Group A,PT,, ,North,8/18/2011,Hourly, ,50+,926,30.87,0
3/1/2018,56246,M,34,Group E,PT,, ,Central,10/4/2001,Hourly, ,30-49,4531,151.03,0
3/1/2018,56276,M,24,Group G,PT,, ,Central,5/21/2013,Hourly, ,<30,284,9.47,0
3/1/2018,56292,F,33,Group G,FT,, ,Central,12/11/2007,Hourly, ,30-49,2272,75.73,0
3/1/2018,56296,M,56,Group D,FT,, ,Central,3/26/2010,Hourly, ,50+,1436,47.87,0
3/1/2018,56314,M,49,Group C,PT,, ,Central,8/9/2012,Hourly, ,30-49,569,18.97,0
3/1/2018,56330,M,53,Group E,FT,, ,West,11/17/2009,Hourly, ,50+,1565,52.17,0
3/1/2018,56334,F,25,Group G,PT,, ,West,3/27/2013,Hourly, ,<30,339,11.3,0
3/1/2018,56354,M,68,Group D,PT,, ,West,8/9/2011,Hourly, ,50+,935,31.17,0
3/1/2018,56358,M,64,Group E,PT,, ,West,2/23/2007,Hourly, ,50+,2563,85.43,0
3/1/2018,56360,M,22,Group B,PT,, ,West,10/17/2013,Hourly, ,<30,135,4.5,0
3/1/2018,56424,M,40,Group D,PT,, ,Northwest,11/6/2013,Hourly, ,30-49,115,3.83,0
3/1/2018,56446,M,20,Group F,PT,, ,Northwest,9/28/2013,Hourly, ,<30,154,5.13,0
3/1/2018,56456,M,20,Group E,PT,, ,Northwest,6/28/2013,Hourly, ,<30,246,8.2,0
3/1/2018,56472,M,20,Group F,PT,, ,Northwest,10/17/2013,Hourly, ,<30,135,4.5,0
3/1/2018,56490,M,66,Group G,FT,, ,South,10/19/1988,Hourly, ,50+,9264,308.8,0
3/1/2018,56498,M,51,Group C,FT,, ,Midwest,1/27/2000,Hourly, ,50+,5147,171.57,0
3/1/2018,56508,F,29,Group F,FT,, ,Midwest,8/4/2004,Hourly, ,<30,3496,116.53,0
3/1/2018,56516,M,50,Group E,FT,, ,Midwest,9/20/1984,Hourly, ,50+,10754,358.47,0
3/1/2018,56526,M,63,Group C,FT,, ,South,6/30/1987,Hourly, ,50+,9741,324.7,0
3/1/2018,91744,F,30,Group F,FT,, ,North,12/19/2006,Salary, ,30-49,2629,87.63,0
3/1/2018,91790,M,20,Group A,PT,, ,North,1/4/2013,Hourly, ,<30,421,14.03,0
3/1/2018,91824,M,24,Group D,FT,, ,North,5/24/2008,Hourly, ,<30,2107,70.23,0
3/1/2018,92018,F,61,Group D,FT,, ,East,11/7/2012,Hourly, ,50+,479,15.97,0
3/1/2018,92056,F,52,Group F,FT,, ,East,3/21/2006,Hourly, ,50+,2902,96.73,0
3/1/2018,92072,F,52,Group B,FT,, ,East,8/26/2008,Salary, ,50+,2013,67.1,0
3/1/2018,92166,F,59,Group D,FT,, ,East,1/17/2006,Hourly, ,50+,2965,98.83,0
3/1/2018,92168,F,43,Group B,FT,, ,East,5/13/2003,Hourly, ,30-49,3945,131.5,0
3/1/2018,92240,M,30,Group D,PT,, ,East,5/7/2008,Hourly, ,30-49,2124,70.8,0
3/1/2018,92246,F,38,Group B,FT,, ,East,10/5/2010,Salary, ,30-49,1243,41.43,0
3/1/2018,92250,M,55,Group C,FT,, ,East,9/8/1981,Salary, ,50+,11862,395.4,0
3/1/2018,92254,M,53,Group F,FT,, ,East,11/15/2011,Salary, ,50+,837,27.9,0
3/1/2018,92258,F,61,Group C,FT,, ,East,12/13/2011,Hourly, ,50+,809,26.97,0
3/1/2018,92260,M,51,Group B,FT,, ,East,6/27/2008,Hourly, ,50+,2073,69.1,0
3/1/2018,92270,F,39,Group F,FT,, ,East,3/28/2006,Salary, ,30-49,2895,96.5,0
3/1/2018,92282,F,30,Group E,FT,, ,East,12/1/2009,Salary, ,30-49,1551,51.7,0
3/1/2018,92290,F,44,Group F,FT,, ,East,10/29/2013,Salary, ,30-49,123,4.1,0
3/1/2018,92292,F,31,Group F,FT,, ,East,8/2/2011,Salary, ,30-49,942,31.4,0
3/1/2018,92302,M,37,Group E,FT,, ,East,3/1/2008,Salary, ,30-49,2191,73.03,0
3/1/2018,92310,M,39,Group B,FT,, ,East,6/25/2008,Salary, ,30-49,2075,69.17,0
3/1/2018,92324,F,28,Group F,FT,, ,East,6/2/2005,Salary, ,<30,3194,106.47,0
3/1/2018,92328,F,37,Group A,FT,, ,East,2/4/2009,Salary, ,30-49,1851,61.7,0
3/1/2018,92332,F,46,Group G,FT,, ,East,2/21/2006,Salary, ,30-49,2930,97.67,0
3/1/2018,92334,M,47,Group F,FT,, ,East,1/7/2009,Salary, ,30-49,1879,62.63,0
3/1/2018,92336,F,40,Group E,FT,, ,East,2/25/2009,Salary, ,30-49,1830,61,0
3/1/2018,92338,F,51,Group F,FT,, ,East,8/11/2009,Salary, ,50+,1663,55.43,0
3/1/2018,92340,F,30,Group B,FT,, ,East,9/29/2009,Salary, ,30-49,1614,53.8,0
3/1/2018,92352,F,54,Group C,FT,, ,East,8/9/2011,Hourly, ,50+,935,31.17,0
3/1/2018,92354,F,53,Group D,FT,, ,East,8/6/2013,Hourly, ,50+,207,6.9,0
3/1/2018,92358,F,58,Group C,FT,, ,East,5/14/2002,Hourly, ,50+,4309,143.63,0
3/1/2018,92366,F,62,Group F,FT,, ,East,4/4/2006,Hourly, ,50+,2888,96.27,0
3/1/2018,92386,F,46,Group F,FT,, ,East,4/3/2013,Hourly, ,30-49,332,11.07,0
3/1/2018,92404,F,31,Group D,FT,, ,East,9/6/2013,Hourly, ,30-49,176,5.87,0
3/1/2018,92420,M,27,Group D,FT,, ,East,6/23/2004,Hourly, ,<30,3538,117.93,0
3/1/2018,92438,F,53,Group B,FT,, ,East,12/18/2007,Hourly, ,50+,2265,75.5,0
3/1/2018,92440,F,39,Group B,FT,, ,East,2/7/2012,Hourly, ,30-49,753,25.1,0
3/1/2018,92484,F,32,Group C,FT,, ,East,4/28/2011,Salary, ,30-49,1038,34.6,0
3/1/2018,95692,M,50,Group F,FT,, ,East,9/2/2009,Salary, ,50+,1641,54.7,0
3/1/2018,95694,M,34,Group A,FT,, ,East,7/21/2005,Salary, ,30-49,3145,104.83,0
3/1/2018,95696,F,56,Group E,FT,, ,East,11/3/1987,Salary, ,50+,9615,320.5,0
3/1/2018,95710,F,26,Group F,FT,, ,East,2/9/2012,Salary, ,<30,751,25.03,0
3/1/2018,95716,M,29,Group F,FT,, ,East,7/23/2013,Salary, ,<30,221,7.37,0
3/1/2018,95722,F,38,Group A,FT,, ,East,4/2/2013,Salary, ,30-49,333,11.1,0
3/1/2018,95726,F,38,Group D,FT,, ,East,7/23/2013,Salary, ,30-49,221,7.37,0
3/1/2018,95728,M,52,Group F,FT,, ,East,5/28/2003,Salary, ,50+,3930,131,0
3/1/2018,95730,F,30,Group D,FT,, ,East,6/24/2008,Salary, ,30-49,2076,69.2,0
3/1/2018,95740,M,35,Group E,FT,, ,East,8/13/2008,Salary, ,30-49,2026,67.53,0
3/1/2018,95744,F,51,Group B,FT,, ,East,3/3/1987,Salary, ,50+,9860,328.67,0
3/1/2018,95752,F,32,Group D,FT,, ,East,12/1/2006,Salary, ,30-49,2647,88.23,0
3/1/2018,95754,M,58,Group G,FT,, ,East,6/6/2006,Salary, ,50+,2825,94.17,0
3/1/2018,95762,F,37,Group D,FT,, ,East,8/27/2008,Salary, ,30-49,2012,67.07,0
3/1/2018,95770,F,26,Group F,FT,, ,East,5/29/2013,Salary, ,<30,276,9.2,0
3/1/2018,95772,F,54,Group A,FT,, ,East,5/15/1984,Salary, ,50+,10882,362.73,0
3/1/2018,95782,F,42,Group E,FT,, ,East,9/17/2008,Salary, ,30-49,1991,66.37,0
3/1/2018,95784,M,43,Group F,FT,, ,East,7/17/2007,Salary, ,30-49,2419,80.63,0
3/1/2018,95788,F,52,Group G,FT,, ,East,1/5/2010,Salary, ,50+,1516,50.53,0
3/1/2018,95792,F,37,Group D,PT,, ,East,8/27/2013,Salary, ,30-49,186,6.2,0
3/1/2018,96180,M,26,Group E,FT,, ,East,1/29/2008,Hourly, ,<30,2223,74.1,0
3/1/2018,96198,F,49,Group G,PT,, ,East,2/18/2014,Hourly, ,30-49,11,0.37,0
3/1/2018,96218,F,32,Group A,PT,, ,East,7/30/2013,Hourly, ,30-49,214,7.13,0
3/1/2018,96236,F,34,Group A,FT,, ,East,10/11/2011,Hourly, ,30-49,872,29.07,0
3/1/2018,96352,F,23,Group E,FT,, ,East,2/13/2013,Hourly, ,<30,381,12.7,0
3/1/2018,96382,F,25,Group A,FT,, ,East,11/20/2007,Hourly, ,<30,2293,76.43,0
3/1/2018,96442,M,46,Group C,FT,, ,East,9/20/2005,Hourly, ,30-49,3084,102.8,0
3/1/2018,96504,F,28,Group B,FT,, ,East,2/11/2014,Hourly, ,<30,18,0.6,0
3/1/2018,96512,F,19,Group C,PT,, ,East,1/21/2014,Hourly, ,<30,39,1.3,0
3/1/2018,96764,F,36,Group E,FT,, ,East,7/13/2001,Hourly, ,30-49,4614,153.8,0
3/1/2018,97020,F,41,Group B,FT,, ,East,6/21/2002,Hourly, ,30-49,4271,142.37,0
3/1/2018,97038,F,26,Group E,FT,, ,East,10/2/2007,Hourly, ,<30,2342,78.07,0
3/1/2018,97052,F,50,Group A,FT,, ,East,5/14/2008,Hourly, ,50+,2117,70.57,0
3/1/2018,97066,F,25,Group F,FT,, ,East,7/19/2011,Hourly, ,<30,956,31.87,0
3/1/2018,97198,M,25,Group A,PT,, ,East,10/24/2012,Hourly, ,<30,493,16.43,0
3/1/2018,97318,F,26,Group A,PT,, ,East,5/13/2009,Hourly, ,<30,1753,58.43,0
3/1/2018,97344,F,37,Group F,FT,, ,East,2/27/2003,Hourly, ,30-49,4020,134,0
3/1/2018,97528,F,19,Group B,PT,, ,East,10/29/2013,Hourly, ,<30,123,4.1,0
3/1/2018,97546,F,60,Group E,FT,, ,East,7/24/2003,Hourly, ,50+,3873,129.1,0
3/1/2018,98080,F,32,Group A,FT,, ,East,10/9/2001,Hourly, ,30-49,4526,150.87,0
3/1/2018,98172,F,22,Group D,FT,, ,East,2/25/2014,Hourly, ,<30,4,0.13,0
3/1/2018,98352,F,23,Group B,FT,, ,East,8/9/2011,Hourly, ,<30,935,31.17,0
3/1/2018,98432,F,32,Group E,FT,, ,East,4/5/2005,Hourly, ,30-49,3252,108.4,0
