Date,EmpID,Gender,Age,EthnicGroup,FP,TermDate,isNewHire,BU Region,HireDate,PayType,TermReason,AgeGroup,TenureDays,TenureMonths,BadHires
7/1/2018,46,M,39,Group G,PT,7/31/2014,Yes,North,7/31/2014,Hourly,Voluntary,30-49,0,0,1
7/1/2018,724,F,28,Group A,PT,7/31/2014,Yes,North,7/31/2014,Hourly,Voluntary,<30,0,0,1
7/1/2018,1400,F,25,Group D,PT,7/31/2014,Yes,North,7/31/2014,Hourly,Voluntary,<30,0,0,1
7/1/2018,1422,M,21,Group B,PT,7/26/2014,Yes,North,7/24/2014,Hourly,Voluntary,<30,2,0.07,1
7/1/2018,1544,M,23,Group A,PT,7/17/2014, ,North,2/4/2014,Hourly,Voluntary,<30,163,5.43,0
7/1/2018,1608,F,21,Group E,PT,7/30/2014,Yes,North,7/30/2014,Hourly,Voluntary,<30,0,0,1
7/1/2018,1632,M,61,Group C,PT,7/31/2014,Yes,North,7/26/2014,Hourly,Voluntary,50+,5,0.17,1
7/1/2018,1632,M,61,Group C,PT,,Yes,North,7/26/2014,Hourly, ,50+,0,0,0
7/1/2018,1636,M,54,Group E,PT,, ,North,6/11/2014,Hourly, ,50+,20,0.67,0
7/1/2018,1654,F,18,Group D,PT,, ,North,5/8/2014,Hourly, ,<30,54,1.8,0
7/1/2018,1786,M,18,Group F,PT,7/31/2014,Yes,North,7/30/2014,Hourly,Voluntary,<30,1,0.03,1
7/1/2018,1938,F,19,Group E,PT,, ,North,6/20/2014,Hourly, ,<30,11,0.37,0
7/1/2018,1940,M,19,Group E,PT,,Yes,North,7/25/2014,Hourly, ,<30,0,0,0
7/1/2018,1942,F,24,Group G,PT,, ,North,5/22/2014,Hourly, ,<30,40,1.33,0
7/1/2018,1946,F,22,Group E,PT,, ,North,6/13/2014,Hourly, ,<30,18,0.6,0
7/1/2018,1948,M,22,Group B,PT,, ,North,6/4/2014,Hourly, ,<30,27,0.9,0
7/1/2018,1950,M,39,Group A,PT,, ,North,8/27/2008,Hourly, ,30-49,2134,71.13,0
7/1/2018,1958,M,22,Group B,PT,7/11/2014, ,North,8/21/2013,Hourly,Voluntary,<30,324,10.8,0
7/1/2018,1976,M,43,Group A,PT,, ,North,9/20/2013,Hourly, ,30-49,284,9.47,0
7/1/2018,1980,M,26,Group B,PT,7/8/2014, ,North,5/13/2014,Hourly,Voluntary,<30,56,1.87,1
7/1/2018,2142,M,22,Group G,PT,7/17/2014, ,Midwest,5/2/2014,Hourly,Voluntary,<30,76,2.53,0
7/1/2018,2160,F,22,Group B,PT,7/14/2014, ,Midwest,6/27/2014,Hourly,Voluntary,<30,17,0.57,1
7/1/2018,2266,M,28,Group B,PT,7/30/2014,Yes,Midwest,7/24/2014,Hourly,Voluntary,<30,6,0.2,1
7/1/2018,3194,M,20,Group B,PT,, ,Midwest,6/19/2014,Hourly, ,<30,12,0.4,0
7/1/2018,3326,M,29,Group E,PT,, ,Midwest,6/27/2014,Hourly, ,<30,4,0.13,0
7/1/2018,3492,M,26,Group G,PT,7/25/2014, ,Midwest,3/19/2014,Hourly,Voluntary,<30,128,4.27,0
7/1/2018,3498,M,18,Group A,PT,7/3/2014, ,Midwest,3/19/2014,Hourly,Voluntary,<30,106,3.53,0
7/1/2018,3500,M,19,Group C,PT,, ,Midwest,3/19/2014,Hourly, ,<30,104,3.47,0
7/1/2018,3560,M,20,Group D,PT,7/30/2014,Yes,Midwest,7/30/2014,Hourly,Voluntary,<30,0,0,1
7/1/2018,3958,F,20,Group C,PT,, ,South,5/29/2014,Hourly, ,<30,33,1.1,0
7/1/2018,4010,M,24,Group C,PT,, ,South,6/1/2014,Hourly, ,<30,30,1,0
7/1/2018,4014,F,24,Group C,PT,, ,South,6/1/2014,Hourly, ,<30,30,1,0
7/1/2018,4198,M,58,Group D,PT,7/25/2014, ,South,6/30/2014,Hourly,Voluntary,50+,25,0.83,1
7/1/2018,4458,M,20,Group A,PT,, ,South,4/30/2014,Hourly, ,<30,62,2.07,0
7/1/2018,4530,M,22,Group C,PT,7/14/2014, ,South,5/17/2014,Hourly,Voluntary,<30,58,1.93,1
7/1/2018,4594,M,18,Group C,PT,7/13/2014, ,South,6/28/2014,Hourly,Voluntary,<30,15,0.5,1
7/1/2018,5064,M,29,Group G,PT,, ,South,5/21/2014,Hourly, ,<30,41,1.37,0
7/1/2018,5068,M,21,Group A,PT,,Yes,South,7/1/2014,Hourly, ,<30,0,0,0
7/1/2018,5088,M,53,Group B,PT,, ,South,6/4/2014,Hourly, ,50+,27,0.9,0
7/1/2018,5202,M,25,Group E,PT,, ,North,8/12/2010,Hourly, ,<30,1419,47.3,0
7/1/2018,5214,F,21,Group B,PT,7/5/2014, ,North,5/15/2014,Hourly,Voluntary,<30,51,1.7,1
7/1/2018,5224,F,22,Group A,PT,7/15/2014, ,North,5/20/2014,Hourly,Voluntary,<30,56,1.87,1
7/1/2018,5234,M,26,Group E,PT,7/26/2014, ,North,6/12/2014,Hourly,Voluntary,<30,44,1.47,1
7/1/2018,5268,M,20,Group A,PT,, ,North,8/16/2013,Hourly, ,<30,319,10.63,0
7/1/2018,5296,F,22,Group D,PT,, ,Midwest,6/27/2014,Hourly, ,<30,4,0.13,0
7/1/2018,5458,F,39,Group E,PT,7/13/2014,Yes,South,7/1/2014,Hourly,Voluntary,30-49,12,0.4,1
7/1/2018,6062,F,18,Group A,PT,7/3/2014,Yes,Midwest,7/1/2014,Hourly,Voluntary,<30,2,0.07,1
7/1/2018,6360,M,40,Group C,PT,7/25/2014,Yes,North,7/25/2014,Hourly,Voluntary,30-49,0,0,1
7/1/2018,6928,F,28,Group E,PT,7/30/2014,Yes,Midwest,7/30/2014,Hourly,Voluntary,<30,0,0,1
7/1/2018,7016,M,20,Group A,PT,, ,South,5/23/2014,Hourly, ,<30,39,1.3,0
7/1/2018,7062,M,26,Group A,PT,, ,North,6/6/2014,Hourly, ,<30,25,0.83,0
7/1/2018,7268,M,23,Group D,PT,7/12/2014, ,Midwest,5/30/2014,Hourly,Voluntary,<30,43,1.43,1
7/1/2018,7696,M,56,Group F,PT,7/12/2014,Yes,Midwest,7/1/2014,Hourly,Voluntary,50+,11,0.37,1
7/1/2018,7738,F,19,Group E,PT,7/20/2014, ,Midwest,6/18/2014,Hourly,Involuntary,<30,32,1.07,1
7/1/2018,7790,F,24,Group E,PT,,Yes,Midwest,7/23/2014,Hourly, ,<30,0,0,0
7/1/2018,7804,M,22,Group F,PT,, ,Midwest,6/18/2014,Hourly, ,<30,13,0.43,0
7/1/2018,7920,F,41,Group A,PT,7/2/2014,Yes,Midwest,7/1/2014,Hourly,Involuntary,30-49,1,0.03,1
7/1/2018,8270,M,22,Group A,PT,, ,Midwest,5/10/2014,Hourly, ,<30,52,1.73,0
7/1/2018,8418,M,25,Group E,PT,7/26/2014, ,Midwest,5/30/2014,Hourly,Involuntary,<30,57,1.9,1
7/1/2018,8960,M,33,Group F,PT,,Yes,North,7/18/2014,Hourly, ,30-49,0,0,0
7/1/2018,9136,F,23,Group D,PT,,Yes,North,7/9/2014,Hourly, ,<30,0,0,0
7/1/2018,9396,M,22,Group G,PT,7/22/2014, ,North,6/28/2014,Hourly,Voluntary,<30,24,0.8,1
7/1/2018,9432,F,19,Group B,PT,, ,North,3/8/2014,Hourly, ,<30,115,3.83,0
7/1/2018,9460,M,21,Group D,PT,, ,North,9/27/2011,Hourly, ,<30,1008,33.6,0
7/1/2018,9476,M,20,Group C,PT,7/31/2014, ,North,6/4/2014,Hourly,Involuntary,<30,57,1.9,1
7/1/2018,9476,M,20,Group C,PT,, ,North,6/4/2014,Hourly, ,<30,27,0.9,0
7/1/2018,9904,F,19,Group B,PT,, ,North,2/26/2014,Hourly, ,<30,125,4.17,0
7/1/2018,10020,F,19,Group A,PT,,Yes,North,7/19/2014,Hourly, ,<30,0,0,0
7/1/2018,10034,F,19,Group B,PT,,Yes,North,7/24/2014,Hourly, ,<30,0,0,0
7/1/2018,10490,M,19,Group A,PT,7/9/2014, ,South,2/28/2014,Hourly,Voluntary,<30,131,4.37,0
7/1/2018,10760,M,33,Group D,PT,,Yes,South,7/31/2014,Hourly, ,30-49,0,0,0
7/1/2018,10786,M,26,Group B,PT,, ,South,10/16/2013,Hourly, ,<30,258,8.6,0
7/1/2018,10842,F,37,Group F,PT,,Yes,South,7/10/2014,Hourly, ,30-49,0,0,0
7/1/2018,10854,F,20,Group G,PT,, ,South,10/31/2013,Hourly, ,<30,243,8.1,0
7/1/2018,10982,M,30,Group E,PT,, ,South,5/29/2014,Hourly, ,30-49,33,1.1,0
7/1/2018,10990,M,50,Group F,PT,, ,South,5/29/2014,Hourly, ,50+,33,1.1,0
7/1/2018,11350,M,48,Group B,PT,,Yes,South,7/10/2014,Hourly, ,30-49,0,0,0
7/1/2018,11434,M,21,Group A,PT,, ,South,6/1/2014,Hourly, ,<30,30,1,0
7/1/2018,11634,M,32,Group C,PT,, ,South,6/6/2014,Hourly, ,30-49,25,0.83,0
7/1/2018,11638,F,19,Group C,PT,, ,South,5/24/2014,Hourly, ,<30,38,1.27,0
7/1/2018,11640,F,21,Group C,PT,, ,South,6/19/2014,Hourly, ,<30,12,0.4,0
7/1/2018,11802,M,35,Group F,PT,, ,South,6/19/2014,Hourly, ,30-49,12,0.4,0
7/1/2018,11804,M,33,Group C,PT,, ,South,6/5/2014,Hourly, ,30-49,26,0.87,0
7/1/2018,11806,M,19,Group C,PT,, ,South,5/24/2014,Hourly, ,<30,38,1.27,0
7/1/2018,11836,M,22,Group A,PT,7/12/2014, ,South,6/20/2014,Hourly,Voluntary,<30,22,0.73,1
7/1/2018,11858,M,28,Group E,PT,7/10/2014, ,South,6/4/2014,Hourly,Voluntary,<30,36,1.2,1
7/1/2018,11908,F,29,Group E,PT,7/1/2014, ,South,6/30/2014,Hourly,Voluntary,<30,1,0.03,1
7/1/2018,12032,F,21,Group E,PT,7/28/2014, ,South,6/4/2014,Hourly,Involuntary,<30,54,1.8,1
7/1/2018,12044,M,27,Group A,PT,7/14/2014, ,South,4/23/2014,Hourly,Involuntary,<30,82,2.73,0
7/1/2018,12232,M,19,Group F,PT,7/1/2014,Yes,South,7/1/2014,Hourly,Involuntary,<30,0,0,1
7/1/2018,12234,M,55,Group B,PT,7/19/2014,Yes,South,7/1/2014,Hourly,Involuntary,50+,18,0.6,1
7/1/2018,12278,F,47,Group B,PT,7/30/2014,Yes,South,7/30/2014,Hourly,Involuntary,30-49,0,0,1
7/1/2018,12436,M,19,Group A,PT,7/17/2014, ,South,6/25/2014,Hourly,Voluntary,<30,22,0.73,1
7/1/2018,12518,M,22,Group C,PT,7/9/2014, ,South,6/12/2014,Hourly,Voluntary,<30,27,0.9,1
7/1/2018,12560,F,21,Group E,PT,7/19/2014, ,South,6/17/2014,Hourly,Voluntary,<30,32,1.07,1
7/1/2018,12722,M,33,Group C,PT,7/26/2014,Yes,South,7/24/2014,Hourly,Voluntary,30-49,2,0.07,1
7/1/2018,12874,M,27,Group C,FT,7/2/2014, ,South,2/28/2014,Salary,Voluntary,<30,124,4.13,0
7/1/2018,13078,F,18,Group C,PT,7/13/2014,Yes,East,7/1/2014,Hourly,Involuntary,<30,12,0.4,1
7/1/2018,13096,F,29,Group B,PT,7/15/2014,Yes,East,7/1/2014,Hourly,Involuntary,<30,14,0.47,1
7/1/2018,13400,F,24,Group E,PT,7/24/2014, ,Central,4/29/2014,Hourly,Involuntary,<30,86,2.87,0
7/1/2018,13422,F,20,Group C,PT,7/3/2014, ,Central,4/18/2014,Hourly,Involuntary,<30,76,2.53,0
7/1/2018,13442,M,25,Group D,PT,7/31/2014,Yes,West,7/30/2014,Hourly,Involuntary,<30,1,0.03,1
7/1/2018,13752,M,23,Group E,PT,,Yes,West,7/17/2014,Hourly, ,<30,0,0,0
7/1/2018,13904,M,19,Group B,PT,, ,West,5/21/2014,Hourly, ,<30,41,1.37,0
7/1/2018,13958,M,20,Group G,PT,7/31/2014,Yes,Northwest,7/24/2014,Hourly,Voluntary,<30,7,0.23,1
7/1/2018,14084,M,25,Group B,PT,7/7/2014, ,Central,6/17/2014,Hourly,Voluntary,<30,20,0.67,1
7/1/2018,14212,F,20,Group C,PT,7/30/2014,Yes,West,7/25/2014,Hourly,Involuntary,<30,5,0.17,1
7/1/2018,14310,M,47,Group E,PT,7/3/2014, ,Central,5/2/2014,Hourly,Involuntary,30-49,62,2.07,0
7/1/2018,14592,M,26,Group E,PT,7/31/2014,Yes,West,7/31/2014,Hourly,Involuntary,<30,0,0,1
7/1/2018,14666,F,20,Group D,PT,,Yes,West,7/23/2014,Hourly, ,<30,0,0,0
7/1/2018,14858,F,21,Group D,PT,7/15/2014,Yes,East,7/1/2014,Hourly,Voluntary,<30,14,0.47,1
7/1/2018,14866,F,18,Group F,PT,7/16/2014,Yes,East,7/1/2014,Hourly,Voluntary,<30,15,0.5,1
7/1/2018,15134,F,48,Group D,FT,7/28/2014,Yes,East,7/24/2014,Hourly,Voluntary,30-49,4,0.13,1
7/1/2018,15354,M,38,Group E,PT,7/13/2014,Yes,East,7/1/2014,Hourly,Voluntary,30-49,12,0.4,1
7/1/2018,15538,M,20,Group F,PT,7/31/204,Yes,Northwest,7/31/2014,Hourly,Voluntary,<30,0,0,1
7/1/2018,15822,F,25,Group C,PT,7/28/2014,Yes,Central,7/24/2014,Hourly,Voluntary,<30,4,0.13,1
7/1/2018,15862,F,19,Group E,PT,7/9/2014,Yes,Central,7/1/2014,Hourly,Voluntary,<30,8,0.27,1
7/1/2018,16204,F,20,Group D,PT,7/28/2014,Yes,Central,7/24/2014,Hourly,Voluntary,<30,4,0.13,1
7/1/2018,16340,F,19,Group C,PT,7/15/2014, ,West,6/19/2014,Hourly,Voluntary,<30,26,0.87,1
7/1/2018,16414,M,49,Group F,PT,,Yes,Northwest,7/11/2014,Hourly, ,30-49,0,0,0
7/1/2018,16452,F,22,Group E,PT,,Yes,Northwest,7/25/2014,Hourly, ,<30,0,0,0
7/1/2018,16576,F,21,Group B,PT,7/17/2014, ,South,6/28/2014,Hourly,Voluntary,<30,19,0.63,1
7/1/2018,16578,F,18,Group E,PT,7/31/2014,Yes,Northwest,7/1/2014,Hourly,Voluntary,<30,30,1,1
7/1/2018,16668,M,19,Group E,PT,7/5/2014, ,North,3/13/2014,Hourly,Involuntary,<30,114,3.8,0
7/1/2018,16678,M,57,Group A,FT,7/20/2014, ,Northwest,6/7/2012,Hourly,Involuntary,50+,773,25.77,0
7/1/2018,16996,F,21,Group C,PT,, ,West,3/13/2014,Hourly, ,<30,110,3.67,0
7/1/2018,17244,F,22,Group G,PT,7/25/2014, ,Central,3/6/2014,Hourly,Involuntary,<30,141,4.7,0
7/1/2018,17316,M,32,Group A,PT,7/2/2014, ,Central,4/23/2014,Hourly,Voluntary,30-49,70,2.33,0
7/1/2018,17362,F,29,Group B,FT,, ,East,12/20/2011,Hourly, ,<30,924,30.8,0
7/1/2018,17996,M,28,Group D,PT,7/6/2014, ,Northwest,6/24/2014,Hourly,Voluntary,<30,12,0.4,1
7/1/2018,18006,F,18,Group E,PT,, ,Northwest,6/7/2014,Hourly, ,<30,24,0.8,0
7/1/2018,18230,M,48,Group A,PT,, ,North,10/24/2007,Hourly, ,30-49,2442,81.4,0
7/1/2018,18434,F,24,Group E,PT,, ,Northwest,5/3/2014,Hourly, ,<30,59,1.97,0
7/1/2018,18786,M,40,Group C,PT,, ,Central,10/16/2013,Hourly, ,30-49,258,8.6,0
7/1/2018,18824,F,21,Group G,PT,,Yes,West,7/31/2014,Hourly, ,<30,0,0,0
7/1/2018,18994,F,21,Group B,FT,, ,Northwest,9/9/2013,Hourly, ,<30,295,9.83,0
7/1/2018,19120,M,37,Group A,PT,, ,Central,6/4/2014,Hourly, ,30-49,27,0.9,0
7/1/2018,19376,M,19,Group C,PT,, ,Central,10/3/2013,Hourly, ,<30,271,9.03,0
7/1/2018,19442,M,22,Group D,PT,, ,Central,6/17/2014,Hourly, ,<30,14,0.47,0
7/1/2018,19598,F,19,Group G,PT,, ,Northwest,2/13/2014,Hourly, ,<30,138,4.6,0
7/1/2018,19600,F,24,Group A,FT,, ,Northwest,4/27/2011,Hourly, ,<30,1161,38.7,0
7/1/2018,19870,M,24,Group A,PT,, ,Northwest,10/24/2013,Hourly, ,<30,250,8.33,0
7/1/2018,20096,F,19,Group F,PT,7/31/2014,Yes,Northwest,7/30/2014,Hourly,Voluntary,<30,1,0.03,1
7/1/2018,20196,F,19,Group E,PT,7/31/2014, ,Northwest,5/23/2014,Hourly,Involuntary,<30,69,2.3,0
7/1/2018,20196,F,19,Group E,PT,, ,Northwest,5/23/2014,Hourly, ,<30,39,1.3,0
7/1/2018,20944,M,22,Group G,PT,,Yes,West,7/19/2014,Hourly, ,<30,0,0,0
7/1/2018,21046,M,20,Group F,PT,,Yes,Central,7/30/2014,Hourly, ,<30,0,0,0
7/1/2018,21136,M,19,Group B,PT,, ,Central,4/3/2014,Hourly, ,<30,89,2.97,0
7/1/2018,21472,M,24,Group B,PT,, ,Northwest,4/10/2014,Hourly, ,<30,82,2.73,0
7/1/2018,21544,F,27,Group B,PT,, ,Northwest,9/2/2010,Hourly, ,<30,1398,46.6,0
7/1/2018,21594,F,19,Group C,PT,7/20/2014, ,Northwest,6/25/2014,Hourly,Voluntary,<30,25,0.83,1
7/1/2018,21600,F,21,Group G,PT,, ,South,6/13/2014,Hourly, ,<30,18,0.6,0
7/1/2018,21608,F,21,Group G,PT,, ,Midwest,6/26/2014,Hourly, ,<30,5,0.17,0
7/1/2018,21628,F,20,Group G,PT,, ,Northwest,6/12/2014,Hourly, ,<30,19,0.63,0
7/1/2018,21630,F,19,Group B,PT,, ,South,10/18/2013,Hourly, ,<30,256,8.53,0
7/1/2018,21870,F,21,Group C,PT,, ,North,9/13/2013,Hourly, ,<30,291,9.7,0
7/1/2018,21880,M,16,Group C,PT,,Yes,North,7/25/2014,Hourly, ,<30,0,0,0
7/1/2018,22146,F,18,Group F,PT,7/23/2014, ,West,6/28/2014,Hourly,Voluntary,<30,25,0.83,1
7/1/2018,22298,F,22,Group E,FT,, ,East,5/20/2014,Hourly, ,<30,42,1.4,0
7/1/2018,22320,F,50,Group D,FT,7/29/2014,Yes,East,7/29/2014,Hourly,Voluntary,50+,0,0,1
7/1/2018,22478,F,24,Group D,PT,,Yes,East,7/8/2014,Hourly, ,<30,0,0,0
7/1/2018,22552,F,23,Group A,PT,7/27/2014,Yes,East,7/1/2014,Hourly,Voluntary,<30,26,0.87,1
7/1/2018,22570,F,21,Group D,FT,, ,East,5/20/2014,Hourly, ,<30,42,1.4,0
7/1/2018,22712,F,43,Group A,PT,7/27/2014,Yes,Northwest,7/24/2014,Hourly,Voluntary,30-49,3,0.1,1
7/1/2018,22984,M,19,Group D,PT,, ,Central,6/5/2014,Hourly, ,<30,26,0.87,0
7/1/2018,23112,F,21,Group G,PT,, ,North,2/22/2012,Hourly, ,<30,860,28.67,0
7/1/2018,23144,F,22,Group D,PT,7/16/2014, ,North,5/15/2014,Hourly,Voluntary,<30,62,2.07,0
7/1/2018,23394,M,23,Group B,PT,7/31/2014, ,Central,9/22/2012,Hourly,Voluntary,<30,677,22.57,0
7/1/2018,23394,M,23,Group B,PT,, ,Central,9/22/2012,Hourly, ,<30,647,21.57,0
7/1/2018,23410,M,18,Group G,PT,, ,Northwest,5/30/2014,Hourly, ,<30,32,1.07,0
7/1/2018,23426,M,21,Group D,PT,7/31/2014, ,West,5/21/2014,Hourly,Voluntary,<30,71,2.37,0
7/1/2018,23426,M,21,Group D,PT,, ,West,5/21/2014,Hourly, ,<30,41,1.37,0
7/1/2018,23572,M,56,Group C,PT,7/25/2014,Yes,Central,7/25/2014,Hourly,Voluntary,50+,0,0,1
7/1/2018,24138,F,20,Group C,PT,, ,Northwest,6/18/2014,Hourly, ,<30,13,0.43,0
7/1/2018,24290,F,40,Group G,PT,7/30/2014,Yes,Northwest,7/1/2014,Hourly,Voluntary,30-49,29,0.97,1
7/1/2018,24354,F,36,Group C,FT,7/1/2014,Yes,East,7/1/2014,Hourly,Voluntary,30-49,0,0,1
7/1/2018,24502,F,23,Group F,PT,, ,East,9/17/2013,Hourly, ,<30,287,9.57,0
7/1/2018,24518,F,20,Group A,PT,7/22/2014, ,East,1/23/2014,Hourly,Voluntary,<30,180,6,0
7/1/2018,24532,F,44,Group F,PT,7/31/2014,Yes,East,7/29/2014,Hourly,Voluntary,30-49,2,0.07,1
7/1/2018,24614,F,24,Group A,PT,, ,North,8/23/2013,Hourly, ,<30,312,10.4,0
7/1/2018,24684,M,38,Group F,PT,, ,West,5/21/2014,Hourly, ,30-49,41,1.37,0
7/1/2018,24700,F,21,Group F,FT,, ,East,5/7/2014,Hourly, ,<30,55,1.83,0
7/1/2018,24994,M,21,Group B,PT,, ,Northwest,11/19/2013,Hourly, ,<30,224,7.47,0
7/1/2018,25002,M,51,Group G,PT,7/5/2014, ,Northwest,3/7/2014,Hourly,Voluntary,50+,120,4,0
7/1/2018,25044,F,20,Group G,PT,, ,Central,6/21/2013,Hourly, ,<30,375,12.5,0
7/1/2018,25148,F,23,Group C,PT,, ,Central,11/13/2013,Hourly, ,<30,230,7.67,0
7/1/2018,25212,F,21,Group F,PT,, ,West,7/17/2013,Hourly, ,<30,349,11.63,0
7/1/2018,25882,F,22,Group D,PT,7/3/2014, ,Northwest,6/22/2012,Hourly,Voluntary,<30,741,24.7,0
7/1/2018,25892,F,20,Group F,PT,, ,Northwest,6/29/2012,Hourly, ,<30,732,24.4,0
7/1/2018,26232,M,21,Group E,PT,, ,Northwest,6/13/2014,Hourly, ,<30,18,0.6,0
7/1/2018,26836,M,45,Group A,PT,, ,Midwest,1/29/2014,Hourly, ,30-49,153,5.1,0
7/1/2018,26846,M,49,Group D,FT,,Yes,North,7/29/2014,Hourly, ,30-49,0,0,0
7/1/2018,26954,M,88,Group B,PT,7/9/2014, ,West,8/27/2009,Hourly,Voluntary,50+,1777,59.23,0
7/1/2018,27388,M,46,Group B,PT,7/30/2014,Yes,West,7/30/2014,Hourly,Voluntary,30-49,0,0,1
7/1/2018,27400,M,20,Group C,PT,7/5/2014,Yes,West,7/1/2014,Hourly,Voluntary,<30,4,0.13,1
7/1/2018,27416,M,48,Group A,PT,7/30/2014,Yes,North,7/25/2014,Hourly,Voluntary,30-49,5,0.17,1
7/1/2018,27676,F,21,Group A,PT,, ,East,3/11/2014,Hourly, ,<30,112,3.73,0
7/1/2018,27756,M,20,Group D,PT,,Yes,East,7/22/2014,Hourly, ,<30,0,0,0
7/1/2018,27812,M,19,Group C,PT,7/6/2014,Yes,East,7/1/2014,Hourly,Voluntary,<30,5,0.17,1
7/1/2018,27930,M,41,Group D,PT,7/26/2014,Yes,West,7/25/2014,Hourly,Voluntary,30-49,1,0.03,1
7/1/2018,28024,F,21,Group C,PT,,Yes,North,7/26/2014,Hourly, ,<30,0,0,0
7/1/2018,28060,F,20,Group C,PT,7/3/2014,Yes,Northwest,7/1/2014,Hourly,Voluntary,<30,2,0.07,1
7/1/2018,28066,M,29,Group F,PT,, ,Northwest,4/30/2014,Hourly, ,<30,62,2.07,0
7/1/2018,28262,M,61,Group B,PT,, ,Central,11/1/2013,Hourly, ,50+,242,8.07,0
7/1/2018,28276,M,22,Group A,PT,, ,Central,4/30/2013,Hourly, ,<30,427,14.23,0
7/1/2018,28738,F,23,Group G,PT,, ,Central,9/16/2012,Hourly, ,<30,653,21.77,0
7/1/2018,28758,M,22,Group A,PT,, ,West,1/7/2014,Hourly, ,<30,175,5.83,0
7/1/2018,29044,M,46,Group C,PT,, ,West,6/5/2014,Hourly, ,30-49,26,0.87,0
7/1/2018,29062,M,44,Group G,FT,7/21/2014, ,Midwest,5/26/2009,Hourly,Voluntary,30-49,1882,62.73,0
7/1/2018,29204,M,39,Group C,PT,7/25/2014,Yes,Northwest,7/25/2014,Hourly,Voluntary,30-49,0,0,1
7/1/2018,29274,F,24,Group F,PT,, ,Central,5/16/2013,Hourly, ,<30,411,13.7,0
7/1/2018,29444,F,22,Group G,PT,, ,West,5/7/2014,Hourly, ,<30,55,1.83,0
7/1/2018,29552,F,27,Group B,PT,, ,West,3/15/2013,Hourly, ,<30,473,15.77,0
7/1/2018,29560,F,23,Group C,PT,7/26/2014,Yes,West,7/25/2014,Hourly,Voluntary,<30,1,0.03,1
7/1/2018,29602,F,20,Group E,PT,7/31/2014,Yes,Midwest,7/30/2014,Hourly,Voluntary,<30,1,0.03,1
7/1/2018,29632,M,29,Group F,PT,, ,Central,4/1/2010,Hourly, ,<30,1552,51.73,0
7/1/2018,29766,M,49,Group F,PT,, ,Central,6/18/2014,Hourly, ,30-49,13,0.43,0
7/1/2018,29830,F,20,Group B,PT,, ,Central,6/4/2014,Hourly, ,<30,27,0.9,0
7/1/2018,29856,M,59,Group F,PT,, ,Central,6/18/2014,Hourly, ,50+,13,0.43,0
7/1/2018,29862,M,22,Group B,PT,, ,Central,11/6/2013,Hourly, ,<30,237,7.9,0
7/1/2018,30178,M,39,Group B,PT,7/4/2014, ,Northwest,6/19/2014,Hourly,Voluntary,30-49,15,0.5,1
7/1/2018,30202,M,40,Group F,PT,, ,Northwest,6/4/2014,Hourly, ,30-49,27,0.9,0
7/1/2018,30222,M,21,Group B,PT,, ,Northwest,5/9/2014,Hourly, ,<30,53,1.77,0
7/1/2018,30236,F,20,Group A,PT,, ,Northwest,5/9/2014,Hourly, ,<30,53,1.77,0
7/1/2018,30260,M,26,Group A,PT,, ,Northwest,6/18/2014,Hourly, ,<30,13,0.43,0
7/1/2018,30822,F,31,Group E,PT,7/29/2014,Yes,Northwest,7/1/2014,Hourly,Voluntary,30-49,28,0.93,1
7/1/2018,30924,M,28,Group G,PT,, ,Northwest,5/7/2014,Hourly, ,<30,55,1.83,0
7/1/2018,30934,M,54,Group B,PT,, ,Northwest,11/3/2011,Hourly, ,50+,971,32.37,0
7/1/2018,30950,M,20,Group C,PT,,Yes,Northwest,7/30/2014,Hourly, ,<30,0,0,0
7/1/2018,31806,M,23,Group G,PT,7/13/2014, ,West,9/24/2013,Hourly,Voluntary,<30,292,9.73,0
7/1/2018,32024,M,17,Group E,PT,, ,Central,6/25/2014,Hourly, ,<30,6,0.2,0
7/1/2018,32034,F,19,Group E,PT,, ,North,11/5/2013,Hourly, ,<30,238,7.93,0
7/1/2018,32676,F,17,Group A,PT,7/27/2014,Yes,Northwest,7/24/2014,Hourly,Voluntary,<30,3,0.1,1
7/1/2018,33066,F,31,Group E,PT,7/12/2014, ,South,4/13/2011,Hourly,Voluntary,30-49,1186,39.53,0
7/1/2018,33124,M,28,Group F,PT,7/31/2014, ,North,8/14/2007,Hourly,Voluntary,<30,2543,84.77,0
7/1/2018,33240,F,31,Group E,FT,7/25/2014, ,Midwest,6/26/2002,Salary,Voluntary,30-49,4412,147.07,0
7/1/2018,33262,F,49,Group E,FT,, ,Northwest,3/19/2008,Salary, ,30-49,2295,76.5,0
7/1/2018,33278,F,33,Group E,FT,, ,Midwest,9/29/2011,Salary, ,30-49,1006,33.53,0
7/1/2018,33300,M,27,Group E,FT,, ,East,6/10/2014,Salary, ,<30,21,0.7,0
7/1/2018,33310,M,23,Group D,FT,, ,East,6/25/2013,Salary, ,<30,371,12.37,0
7/1/2018,33312,F,52,Group C,FT,, ,East,10/4/2011,Salary, ,50+,1001,33.37,0
7/1/2018,33812,M,28,Group B,PT,, ,Midwest,1/13/2012,Hourly, ,<30,900,30,0
7/1/2018,40390,F,56,Group G,PT,, ,North,6/20/2014,Hourly, ,50+,11,0.37,0
7/1/2018,40404,F,19,Group A,PT,, ,North,6/26/2014,Hourly, ,<30,5,0.17,0
7/1/2018,40406,M,49,Group B,FT,, ,North,4/9/2005,Hourly, ,30-49,3370,112.33,0
7/1/2018,40416,F,20,Group C,FT,, ,North,5/21/2013,Hourly, ,<30,406,13.53,0
7/1/2018,40418,M,21,Group D,PT,,Yes,North,7/8/2014,Hourly, ,<30,0,0,0
7/1/2018,40434,M,56,Group E,FT,, ,North,8/16/2012,Hourly, ,50+,684,22.8,0
7/1/2018,40442,M,19,Group G,PT,, ,North,3/5/2014,Hourly, ,<30,118,3.93,0
7/1/2018,40452,M,47,Group A,PT,, ,North,10/16/2013,Hourly, ,30-49,258,8.6,0
7/1/2018,40456,M,58,Group E,PT,, ,North,6/10/2014,Hourly, ,50+,21,0.7,0
7/1/2018,40458,F,24,Group B,PT,,Yes,North,7/18/2014,Hourly, ,<30,0,0,0
7/1/2018,40462,F,20,Group A,PT,, ,North,9/19/2013,Hourly, ,<30,285,9.5,0
7/1/2018,40466,F,19,Group B,PT,, ,North,6/6/2014,Hourly, ,<30,25,0.83,0
7/1/2018,40472,F,57,Group E,FT,, ,North,5/18/2005,Hourly, ,50+,3331,111.03,0
7/1/2018,40478,M,22,Group C,PT,, ,North,6/22/2011,Hourly, ,<30,1105,36.83,0
7/1/2018,40484,M,21,Group F,PT,, ,North,12/13/2011,Hourly, ,<30,931,31.03,0
7/1/2018,40486,M,28,Group A,PT,, ,North,11/2/2011,Hourly, ,<30,972,32.4,0
7/1/2018,40488,M,37,Group D,FT,, ,North,5/23/2011,Hourly, ,30-49,1135,37.83,0
7/1/2018,40502,M,22,Group A,PT,,Yes,North,7/18/2014,Hourly, ,<30,0,0,0
7/1/2018,40506,M,21,Group G,PT,, ,North,7/27/2012,Hourly, ,<30,704,23.47,0
7/1/2018,40530,M,20,Group A,PT,, ,North,3/26/2014,Hourly, ,<30,97,3.23,0
7/1/2018,40542,M,47,Group D,PT,, ,North,6/21/2005,Hourly, ,30-49,3297,109.9,0
7/1/2018,40548,F,31,Group E,FT,, ,North,5/2/2007,Hourly, ,30-49,2617,87.23,0
7/1/2018,40554,M,68,Group C,PT,, ,North,2/23/2007,Hourly, ,50+,2685,89.5,0
7/1/2018,40754,F,24,Group D,PT,, ,North,8/7/2008,Hourly, ,<30,2154,71.8,0
7/1/2018,41030,F,20,Group F,PT,, ,Midwest,5/16/2013,Hourly, ,<30,411,13.7,0
7/1/2018,41038,M,44,Group F,PT,, ,Midwest,3/16/2012,Hourly, ,30-49,837,27.9,0
7/1/2018,41042,F,37,Group D,PT,, ,Midwest,8/9/2013,Hourly, ,30-49,326,10.87,0
7/1/2018,41046,M,27,Group G,FT,, ,Midwest,4/17/2014,Hourly, ,<30,75,2.5,0
7/1/2018,41050,M,29,Group F,PT,, ,Midwest,12/29/2007,Hourly, ,<30,2376,79.2,0
7/1/2018,41058,F,24,Group C,PT,, ,Midwest,10/26/2011,Hourly, ,<30,979,32.63,0
7/1/2018,41082,F,23,Group F,PT,, ,Midwest,2/18/2010,Hourly, ,<30,1594,53.13,0
7/1/2018,41090,M,19,Group G,PT,, ,Midwest,4/25/2014,Hourly, ,<30,67,2.23,0
7/1/2018,41288,F,22,Group B,FT,, ,Midwest,3/2/2012,Hourly, ,<30,851,28.37,0
7/1/2018,41290,M,21,Group G,PT,, ,Midwest,2/12/2014,Hourly, ,<30,139,4.63,0
7/1/2018,41292,F,22,Group D,PT,, ,Midwest,11/3/2012,Hourly, ,<30,605,20.17,0
7/1/2018,41314,F,21,Group F,PT,, ,Midwest,6/6/2014,Hourly, ,<30,25,0.83,0
7/1/2018,41316,M,42,Group F,PT,, ,Midwest,6/25/2014,Hourly, ,30-49,6,0.2,0
7/1/2018,41332,M,26,Group G,FT,, ,Midwest,10/20/2009,Hourly, ,<30,1715,57.17,0
7/1/2018,41344,M,66,Group F,PT,, ,Midwest,8/30/2005,Hourly, ,50+,3227,107.57,0
7/1/2018,41372,F,31,Group G,FT,, ,Midwest,7/26/2013,Hourly, ,30-49,340,11.33,0
7/1/2018,41388,F,22,Group B,FT,, ,South,6/26/2013,Hourly, ,<30,370,12.33,0
7/1/2018,41394,M,42,Group G,PT,, ,South,6/14/2014,Hourly, ,30-49,17,0.57,0
7/1/2018,41396,F,19,Group C,PT,, ,South,4/27/2013,Hourly, ,<30,430,14.33,0
7/1/2018,41416,M,21,Group C,PT,, ,South,8/28/2013,Hourly, ,<30,307,10.23,0
7/1/2018,41420,M,20,Group C,PT,, ,South,4/18/2013,Hourly, ,<30,439,14.63,0
7/1/2018,41510,M,25,Group A,PT,, ,South,10/26/2011,Hourly, ,<30,979,32.63,0
7/1/2018,41512,F,21,Group G,PT,, ,South,8/25/2012,Hourly, ,<30,675,22.5,0
7/1/2018,41518,M,52,Group C,PT,, ,South,7/12/2013,Hourly, ,50+,354,11.8,0
7/1/2018,41526,M,51,Group B,PT,, ,South,5/7/2014,Hourly, ,50+,55,1.83,0
7/1/2018,41544,M,47,Group F,PT,, ,South,3/19/2014,Hourly, ,30-49,104,3.47,0
7/1/2018,41692,M,48,Group D,FT,, ,South,11/22/2012,Hourly, ,30-49,586,19.53,0
7/1/2018,41714,M,28,Group G,PT,, ,South,4/9/2014,Hourly, ,<30,83,2.77,0
7/1/2018,42106,M,59,Group B,PT,, ,South,8/23/2012,Hourly, ,50+,677,22.57,0
7/1/2018,42118,F,19,Group B,PT,, ,South,6/13/2014,Hourly, ,<30,18,0.6,0
7/1/2018,42236,M,65,Group G,FT,, ,South,6/15/2011,Hourly, ,50+,1112,37.07,0
7/1/2018,42238,F,21,Group B,PT,, ,South,10/20/2012,Hourly, ,<30,619,20.63,0
7/1/2018,42328,M,49,Group B,PT,, ,South,6/1/2014,Hourly, ,30-49,30,1,0
7/1/2018,42460,M,67,Group D,PT,, ,South,6/4/2014,Hourly, ,50+,27,0.9,0
7/1/2018,42462,F,28,Group E,FT,, ,South,5/24/2014,Hourly, ,<30,38,1.27,0
7/1/2018,42464,F,47,Group G,FT,, ,South,5/24/2014,Hourly, ,30-49,38,1.27,0
7/1/2018,42466,F,44,Group G,FT,, ,South,6/19/2014,Hourly, ,30-49,12,0.4,0
7/1/2018,42468,M,23,Group G,PT,, ,South,5/24/2014,Hourly, ,<30,38,1.27,0
7/1/2018,42472,M,22,Group G,PT,, ,South,5/24/2014,Hourly, ,<30,38,1.27,0
7/1/2018,42474,M,41,Group A,PT,, ,South,6/19/2014,Hourly, ,30-49,12,0.4,0
7/1/2018,42476,M,27,Group C,PT,, ,South,5/24/2014,Hourly, ,<30,38,1.27,0
7/1/2018,42478,M,46,Group B,PT,, ,South,6/13/2014,Hourly, ,30-49,18,0.6,0
7/1/2018,42480,M,19,Group C,PT,, ,South,6/1/2014,Hourly, ,<30,30,1,0
7/1/2018,42482,M,28,Group B,PT,, ,South,6/1/2014,Hourly, ,<30,30,1,0
7/1/2018,42484,F,24,Group D,PT,, ,South,6/13/2014,Hourly, ,<30,18,0.6,0
7/1/2018,42490,M,24,Group F,PT,, ,South,6/19/2014,Hourly, ,<30,12,0.4,0
7/1/2018,42492,M,44,Group G,PT,, ,South,6/6/2014,Hourly, ,30-49,25,0.83,0
7/1/2018,42494,M,40,Group F,PT,, ,South,5/29/2014,Hourly, ,30-49,33,1.1,0
7/1/2018,42496,M,27,Group D,FT,, ,South,6/4/2014,Hourly, ,<30,27,0.9,0
7/1/2018,42498,M,24,Group F,PT,, ,South,6/4/2014,Hourly, ,<30,27,0.9,0
7/1/2018,42500,M,26,Group D,PT,, ,South,6/4/2014,Hourly, ,<30,27,0.9,0
7/1/2018,42502,M,26,Group B,PT,, ,South,6/4/2014,Hourly, ,<30,27,0.9,0
7/1/2018,42506,F,22,Group F,PT,, ,South,6/4/2014,Hourly, ,<30,27,0.9,0
7/1/2018,42680,M,63,Group D,PT,, ,South,6/20/2013,Hourly, ,50+,376,12.53,0
7/1/2018,42684,M,25,Group A,FT,, ,South,2/14/2006,Hourly, ,<30,3059,101.97,0
7/1/2018,42708,M,62,Group E,PT,, ,South,10/27/2011,Hourly, ,50+,978,32.6,0
7/1/2018,42772,M,53,Group G,PT,, ,South,5/28/2014,Hourly, ,50+,34,1.13,0
7/1/2018,42804,F,24,Group F,PT,, ,South,9/7/2012,Hourly, ,<30,662,22.07,0
7/1/2018,42892,M,59,Group G,FT,, ,South,6/19/2007,Hourly, ,50+,2569,85.63,0
7/1/2018,42896,M,20,Group B,PT,, ,South,8/14/2013,Hourly, ,<30,321,10.7,0
7/1/2018,42924,F,24,Group E,PT,, ,South,6/23/2011,Hourly, ,<30,1104,36.8,0
7/1/2018,42934,F,22,Group E,PT,,Yes,South,7/10/2014,Hourly, ,<30,0,0,0
7/1/2018,43056,M,32,Group A,PT,, ,South,5/1/2014,Hourly, ,30-49,61,2.03,0
7/1/2018,43058,M,37,Group C,PT,, ,South,8/16/2013,Hourly, ,30-49,319,10.63,0
7/1/2018,43128,M,23,Group B,PT,, ,South,2/25/2012,Hourly, ,<30,857,28.57,0
7/1/2018,43130,M,22,Group A,PT,, ,South,2/28/2014,Hourly, ,<30,123,4.1,0
7/1/2018,43134,F,20,Group E,PT,, ,South,7/31/2013,Hourly, ,<30,335,11.17,0
7/1/2018,43142,F,23,Group A,PT,,Yes,South,7/3/2014,Hourly, ,<30,0,0,0
7/1/2018,43144,M,25,Group E,PT,, ,South,6/20/2014,Hourly, ,<30,11,0.37,0
7/1/2018,43160,M,37,Group F,PT,, ,South,1/20/2014,Hourly, ,30-49,162,5.4,0
7/1/2018,43308,M,18,Group C,PT,, ,South,10/31/2012,Hourly, ,<30,608,20.27,0
7/1/2018,43312,M,21,Group F,PT,, ,South,3/14/2014,Hourly, ,<30,109,3.63,0
7/1/2018,43336,M,22,Group E,PT,, ,South,3/31/2012,Hourly, ,<30,822,27.4,0
7/1/2018,43340,F,23,Group G,FT,, ,South,8/20/2013,Hourly, ,<30,315,10.5,0
7/1/2018,43342,F,23,Group F,FT,, ,South,3/31/2012,Hourly, ,<30,822,27.4,0
7/1/2018,43350,M,69,Group E,PT,, ,South,11/6/2013,Hourly, ,50+,237,7.9,0
7/1/2018,43356,F,23,Group B,FT,, ,South,9/2/2009,Hourly, ,<30,1763,58.77,0
7/1/2018,43376,F,48,Group A,PT,, ,North,10/16/2012,Hourly, ,30-49,623,20.77,0
7/1/2018,43380,M,27,Group C,PT,, ,North,7/5/2012,Hourly, ,<30,726,24.2,0
7/1/2018,43384,F,22,Group F,PT,, ,North,6/11/2014,Hourly, ,<30,20,0.67,0
7/1/2018,43388,F,21,Group D,PT,, ,North,6/7/2014,Hourly, ,<30,24,0.8,0
7/1/2018,43396,F,23,Group C,PT,, ,North,5/23/2014,Hourly, ,<30,39,1.3,0
7/1/2018,43398,M,23,Group C,PT,, ,North,5/22/2014,Hourly, ,<30,40,1.33,0
7/1/2018,43414,F,19,Group E,FT,, ,North,9/26/2013,Hourly, ,<30,278,9.27,0
7/1/2018,43416,M,20,Group D,PT,, ,North,6/27/2014,Hourly, ,<30,4,0.13,0
7/1/2018,43422,M,23,Group B,PT,,Yes,North,7/10/2014,Hourly, ,<30,0,0,0
7/1/2018,43424,M,34,Group E,PT,, ,North,5/16/2014,Hourly, ,30-49,46,1.53,0
7/1/2018,43428,F,19,Group D,PT,, ,North,8/8/2013,Hourly, ,<30,327,10.9,0
7/1/2018,43430,F,49,Group A,FT,, ,North,9/16/2011,Hourly, ,30-49,1019,33.97,0
7/1/2018,43432,F,36,Group C,FT,, ,North,3/10/2011,Hourly, ,30-49,1209,40.3,0
7/1/2018,43438,M,60,Group G,FT,, ,North,7/19/2012,Hourly, ,50+,712,23.73,0
7/1/2018,43440,F,26,Group G,FT,, ,North,5/31/2007,Hourly, ,<30,2588,86.27,0
7/1/2018,43526,M,58,Group C,FT,, ,North,4/26/2008,Hourly, ,50+,2257,75.23,0
7/1/2018,43538,M,26,Group C,PT,, ,North,6/12/2008,Hourly, ,<30,2210,73.67,0
7/1/2018,43570,F,20,Group A,PT,, ,North,11/6/2013,Hourly, ,<30,237,7.9,0
7/1/2018,43584,M,21,Group G,PT,,Yes,North,7/2/2014,Hourly, ,<30,0,0,0
7/1/2018,43590,M,26,Group D,PT,,Yes,North,7/9/2014,Hourly, ,<30,0,0,0
7/1/2018,43606,F,24,Group B,PT,, ,North,8/31/2011,Hourly, ,<30,1035,34.5,0
7/1/2018,43610,M,25,Group C,PT,, ,North,3/20/2007,Hourly, ,<30,2660,88.67,0
7/1/2018,43612,M,55,Group G,PT,, ,North,2/27/2007,Hourly, ,50+,2681,89.37,0
7/1/2018,43614,M,61,Group F,PT,, ,North,3/26/2014,Hourly, ,50+,97,3.23,0
7/1/2018,43626,M,19,Group F,PT,, ,North,11/29/2013,Hourly, ,<30,214,7.13,0
7/1/2018,43672,F,23,Group D,FT,, ,North,11/3/2006,Hourly, ,<30,2797,93.23,0
7/1/2018,43678,M,60,Group A,FT,, ,North,4/9/2007,Hourly, ,50+,2640,88,0
7/1/2018,43682,M,64,Group F,PT,, ,North,11/13/2013,Hourly, ,50+,230,7.67,0
7/1/2018,43690,F,24,Group E,PT,,Yes,North,7/31/2014,Hourly, ,<30,0,0,0
7/1/2018,43708,M,22,Group D,PT,, ,North,5/15/2014,Hourly, ,<30,47,1.57,0
7/1/2018,43712,F,23,Group A,PT,,Yes,North,7/17/2014,Hourly, ,<30,0,0,0
7/1/2018,43728,F,23,Group D,PT,, ,North,10/3/2011,Hourly, ,<30,1002,33.4,0
7/1/2018,43738,M,23,Group D,PT,, ,North,6/22/2010,Hourly, ,<30,1470,49,0
7/1/2018,43764,F,20,Group A,PT,, ,North,5/29/2014,Hourly, ,<30,33,1.1,0
7/1/2018,43784,F,21,Group B,PT,, ,Midwest,8/15/2013,Hourly, ,<30,320,10.67,0
7/1/2018,43790,F,65,Group D,FT,, ,Midwest,8/1/2009,Hourly, ,50+,1795,59.83,0
7/1/2018,43796,F,26,Group A,FT,, ,Midwest,3/19/2014,Hourly, ,<30,104,3.47,0
7/1/2018,43802,M,58,Group C,PT,, ,Midwest,3/19/2014,Hourly, ,50+,104,3.47,0
7/1/2018,43804,M,33,Group E,FT,, ,Midwest,3/19/2014,Hourly, ,30-49,104,3.47,0
7/1/2018,43806,M,21,Group C,PT,, ,Midwest,3/19/2014,Hourly, ,<30,104,3.47,0
7/1/2018,43808,M,62,Group D,PT,, ,Midwest,3/25/2014,Hourly, ,50+,98,3.27,0
7/1/2018,43918,M,50,Group A,PT,, ,Midwest,3/9/2010,Hourly, ,50+,1575,52.5,0
7/1/2018,43926,F,19,Group B,PT,, ,Midwest,10/4/2011,Hourly, ,<30,1001,33.37,0
7/1/2018,43990,M,20,Group A,PT,, ,Midwest,9/19/2013,Hourly, ,<30,285,9.5,0
7/1/2018,44032,F,23,Group A,PT,, ,Midwest,10/28/2013,Hourly, ,<30,246,8.2,0
7/1/2018,44038,M,47,Group G,PT,, ,Midwest,10/12/2013,Hourly, ,30-49,262,8.73,0
7/1/2018,44044,M,63,Group A,PT,, ,Midwest,2/13/2007,Hourly, ,50+,2695,89.83,0
7/1/2018,44046,F,22,Group D,PT,, ,Midwest,3/26/2014,Hourly, ,<30,97,3.23,0
7/1/2018,44062,M,32,Group C,FT,, ,Midwest,8/12/2006,Hourly, ,30-49,2880,96,0
7/1/2018,44066,M,21,Group C,FT,, ,Midwest,3/26/2013,Hourly, ,<30,462,15.4,0
7/1/2018,44110,M,27,Group D,PT,, ,Midwest,6/24/2009,Hourly, ,<30,1833,61.1,0
7/1/2018,44114,M,20,Group G,PT,, ,Midwest,7/11/2013,Hourly, ,<30,355,11.83,0
7/1/2018,49036,M,55,Group G,FT,, ,Central,10/13/2005,Hourly, ,50+,3183,106.1,0
7/1/2018,49040,F,48,Group F,PT,, ,South,6/2/2010,Hourly, ,30-49,1490,49.67,0
7/1/2018,49044,M,24,Group A,PT,,Yes,Northwest,7/30/2014,Hourly, ,<30,0,0,0
7/1/2018,49142,M,34,Group A,PT,, ,Midwest,3/22/2008,Hourly, ,30-49,2292,76.4,0
7/1/2018,49164,F,53,Group A,FT,, ,South,4/17/2008,Hourly, ,50+,2266,75.53,0
7/1/2018,49188,F,51,Group B,FT,, ,Midwest,3/10/1981,Hourly, ,50+,12166,405.53,0
7/1/2018,49216,F,41,Group D,FT,, ,Central,5/15/2013,Hourly, ,30-49,412,13.73,0
7/1/2018,49232,M,51,Group E,FT,, ,Northwest,7/5/2012,Hourly, ,50+,726,24.2,0
7/1/2018,49284,F,19,Group A,PT,, ,Northwest,11/2/2012,Hourly, ,<30,606,20.2,0
7/1/2018,49296,M,40,Group F,PT,, ,Northwest,12/6/2011,Hourly, ,30-49,938,31.27,0
7/1/2018,49302,F,22,Group A,PT,, ,North,12/13/2007,Hourly, ,<30,2392,79.73,0
7/1/2018,49356,M,17,Group B,PT,, ,West,5/30/2014,Hourly, ,<30,32,1.07,0
7/1/2018,49368,M,24,Group E,PT,, ,West,11/14/2012,Hourly, ,<30,594,19.8,0
7/1/2018,49376,F,31,Group G,FT,, ,West,1/9/2013,Hourly, ,30-49,538,17.93,0
7/1/2018,49416,M,32,Group E,PT,, ,Central,11/2/2011,Hourly, ,30-49,972,32.4,0
7/1/2018,49438,M,22,Group F,PT,, ,Northwest,6/18/2014,Hourly, ,<30,13,0.43,0
7/1/2018,49444,M,28,Group F,PT,, ,South,9/21/2012,Hourly, ,<30,648,21.6,0
7/1/2018,49550,M,49,Group G,FT,, ,West,3/16/2008,Hourly, ,30-49,2298,76.6,0
7/1/2018,49576,F,58,Group E,PT,, ,West,11/1/2012,Hourly, ,50+,607,20.23,0
7/1/2018,49578,F,19,Group A,PT,,Yes,West,7/10/2014,Hourly, ,<30,0,0,0
7/1/2018,49580,M,44,Group B,PT,,Yes,West,7/31/2014,Hourly, ,30-49,0,0,0
7/1/2018,49666,F,34,Group A,FT,, ,Midwest,1/26/2007,Hourly, ,30-49,2713,90.43,0
7/1/2018,49716,F,62,Group E,FT,, ,Central,7/27/2007,Hourly, ,50+,2531,84.37,0
7/1/2018,49724,F,20,Group F,PT,, ,Northwest,6/10/2014,Hourly, ,<30,21,0.7,0
7/1/2018,49748,F,52,Group E,FT,, ,Northwest,11/21/2001,Hourly, ,50+,4605,153.5,0
7/1/2018,49776,F,29,Group A,FT,, ,North,7/12/2006,Hourly, ,<30,2911,97.03,0
7/1/2018,49794,F,43,Group G,FT,, ,South,1/18/1989,Hourly, ,30-49,9295,309.83,0
7/1/2018,49832,F,30,Group F,FT,, ,West,7/14/2004,Hourly, ,30-49,3639,121.3,0
7/1/2018,49848,M,47,Group B,FT,, ,West,3/15/2012,Hourly, ,30-49,838,27.93,0
7/1/2018,49908,F,23,Group F,PT,, ,Central,12/6/2013,Hourly, ,<30,207,6.9,0
7/1/2018,49932,F,23,Group E,PT,, ,Central,10/18/2013,Hourly, ,<30,256,8.53,0
7/1/2018,49966,F,19,Group G,PT,, ,Northwest,3/11/2014,Hourly, ,<30,112,3.73,0
7/1/2018,49976,F,21,Group B,PT,, ,West,8/9/2012,Hourly, ,<30,691,23.03,0
7/1/2018,49984,F,21,Group D,PT,, ,Central,6/4/2014,Hourly, ,<30,27,0.9,0
7/1/2018,50272,M,22,Group F,FT,, ,North,3/20/2012,Hourly, ,<30,833,27.77,0
7/1/2018,50278,F,57,Group F,FT,, ,North,10/13/2000,Hourly, ,50+,5009,166.97,0
7/1/2018,50282,F,55,Group D,PT,, ,South,10/15/2002,Hourly, ,50+,4277,142.57,0
7/1/2018,50294,F,21,Group E,PT,, ,Central,11/19/2013,Hourly, ,<30,224,7.47,0
7/1/2018,50304,F,32,Group F,FT,, ,Central,7/23/2009,Hourly, ,30-49,1804,60.13,0
7/1/2018,50306,F,44,Group C,FT,, ,Central,11/8/2005,Hourly, ,30-49,3157,105.23,0
7/1/2018,50312,F,46,Group D,FT,, ,Northwest,8/31/2012,Hourly, ,30-49,669,22.3,0
7/1/2018,50318,F,43,Group A,FT,, ,Midwest,9/13/2005,Hourly, ,30-49,3213,107.1,0
7/1/2018,50322,F,30,Group G,FT,, ,West,12/1/2007,Hourly, ,30-49,2404,80.13,0
7/1/2018,50332,M,23,Group B,PT,, ,North,12/18/2012,Hourly, ,<30,560,18.67,0
7/1/2018,50336,F,30,Group A,FT,, ,West,9/15/2005,Hourly, ,30-49,3211,107.03,0
7/1/2018,50340,F,27,Group F,FT,, ,Northwest,6/24/2012,Hourly, ,<30,737,24.57,0
7/1/2018,50342,F,33,Group C,FT,, ,Central,5/1/2008,Hourly, ,30-49,2252,75.07,0
7/1/2018,50370,F,28,Group C,FT,, ,West,5/29/2014,Hourly, ,<30,33,1.1,0
7/1/2018,50378,F,36,Group A,FT,, ,North,9/7/2012,Hourly, ,30-49,662,22.07,0
7/1/2018,50384,F,23,Group A,PT,, ,Midwest,9/13/2011,Hourly, ,<30,1022,34.07,0
7/1/2018,50386,F,23,Group A,FT,, ,North,9/11/2010,Hourly, ,<30,1389,46.3,0
7/1/2018,50396,F,22,Group A,FT,, ,Midwest,10/11/2012,Hourly, ,<30,628,20.93,0
7/1/2018,50418,F,23,Group G,PT,, ,Northwest,6/24/2014,Hourly, ,<30,7,0.23,0
7/1/2018,50426,F,43,Group E,FT,, ,Northwest,6/30/2004,Hourly, ,30-49,3653,121.77,0
7/1/2018,50438,F,59,Group G,FT,, ,West,3/29/2005,Hourly, ,50+,3381,112.7,0
7/1/2018,50452,F,21,Group C,PT,, ,West,6/5/2014,Hourly, ,<30,26,0.87,0
7/1/2018,50468,M,30,Group D,PT,,Yes,West,7/25/2014,Hourly, ,30-49,0,0,0
7/1/2018,50470,F,58,Group D,FT,, ,Midwest,11/21/1974,Hourly, ,50+,14467,482.23,0
7/1/2018,50472,F,24,Group B,PT,, ,West,9/13/2011,Hourly, ,<30,1022,34.07,0
7/1/2018,50812,M,22,Group B,PT,, ,Northwest,2/23/2013,Hourly, ,<30,493,16.43,0
7/1/2018,50838,M,25,Group G,FT,, ,West,4/23/2010,Hourly, ,<30,1530,51,0
7/1/2018,50850,M,19,Group F,PT,, ,Northwest,4/26/2014,Hourly, ,<30,66,2.2,0
7/1/2018,50854,M,20,Group F,PT,, ,Northwest,7/18/2013,Hourly, ,<30,348,11.6,0
7/1/2018,50858,M,53,Group F,PT,,Yes,Central,7/19/2014,Hourly, ,50+,0,0,0
7/1/2018,50860,M,33,Group E,PT,, ,Central,4/30/2014,Hourly, ,30-49,62,2.07,0
7/1/2018,50884,F,57,Group E,FT,, ,North,4/15/2005,Hourly, ,50+,3364,112.13,0
7/1/2018,51010,M,35,Group B,FT,, ,West,8/5/2009,Hourly, ,30-49,1791,59.7,0
7/1/2018,51134,M,24,Group B,PT,, ,Central,8/7/2013,Hourly, ,<30,328,10.93,0
7/1/2018,51146,F,36,Group D,FT,, ,Central,6/24/1995,Hourly, ,30-49,6947,231.57,0
7/1/2018,51166,F,24,Group E,PT,, ,Central,5/10/2013,Hourly, ,<30,417,13.9,0
7/1/2018,51184,F,29,Group C,PT,, ,Central,3/5/2014,Hourly, ,<30,118,3.93,0
7/1/2018,51230,M,28,Group E,PT,, ,Central,6/3/2014,Hourly, ,<30,28,0.93,0
7/1/2018,51236,F,71,Group B,FT,, ,Central,4/15/2004,Hourly, ,50+,3729,124.3,0
7/1/2018,51296,M,22,Group C,PT,,Yes,Central,7/2/2014,Hourly, ,<30,0,0,0
7/1/2018,51312,M,28,Group D,FT,, ,Northwest,9/22/2004,Hourly, ,<30,3569,118.97,0
7/1/2018,51316,F,68,Group C,FT,, ,Northwest,10/30/2007,Hourly, ,50+,2436,81.2,0
7/1/2018,51324,M,31,Group B,FT,, ,Northwest,3/18/2004,Hourly, ,30-49,3757,125.23,0
7/1/2018,51338,M,46,Group A,FT,, ,Northwest,11/2/2012,Hourly, ,30-49,606,20.2,0
7/1/2018,51340,F,23,Group G,PT,, ,Northwest,6/6/2013,Hourly, ,<30,390,13,0
7/1/2018,51458,M,19,Group C,PT,, ,Northwest,5/9/2014,Hourly, ,<30,53,1.77,0
7/1/2018,51468,M,42,Group C,PT,, ,Northwest,5/14/2014,Hourly, ,30-49,48,1.6,0
7/1/2018,51548,M,50,Group B,FT,, ,Central,12/14/2008,Hourly, ,50+,2025,67.5,0
7/1/2018,51598,F,20,Group D,PT,, ,Central,6/6/2014,Hourly, ,<30,25,0.83,0
7/1/2018,51618,M,20,Group F,PT,, ,Central,5/7/2014,Hourly, ,<30,55,1.83,0
7/1/2018,51622,F,41,Group D,FT,, ,Central,6/23/1998,Hourly, ,30-49,5852,195.07,0
7/1/2018,51658,F,24,Group E,PT,,Yes,Central,7/8/2014,Hourly, ,<30,0,0,0
7/1/2018,51690,F,21,Group A,PT,, ,West,11/15/2013,Hourly, ,<30,228,7.6,0
7/1/2018,51776,M,26,Group A,PT,, ,West,6/26/2013,Hourly, ,<30,370,12.33,0
7/1/2018,51812,M,60,Group E,PT,, ,West,11/15/2013,Hourly, ,50+,228,7.6,0
7/1/2018,51916,F,57,Group C,FT,, ,South,5/13/2003,Hourly, ,50+,4067,135.57,0
7/1/2018,51922,M,51,Group G,FT,, ,South,8/12/2004,Hourly, ,50+,3610,120.33,0
7/1/2018,51964,F,23,Group A,PT,, ,Northwest,6/4/2014,Hourly, ,<30,27,0.9,0
7/1/2018,51974,F,25,Group E,PT,, ,Northwest,8/2/2011,Hourly, ,<30,1064,35.47,0
7/1/2018,51980,F,21,Group G,PT,, ,Northwest,6/20/2014,Hourly, ,<30,11,0.37,0
7/1/2018,51994,M,58,Group E,PT,, ,Northwest,11/10/2004,Hourly, ,50+,3520,117.33,0
7/1/2018,52004,M,23,Group B,PT,, ,Northwest,1/25/2013,Hourly, ,<30,522,17.4,0
7/1/2018,52010,M,35,Group F,PT,, ,Northwest,5/1/2003,Hourly, ,30-49,4079,135.97,0
7/1/2018,52018,M,44,Group F,FT,, ,Northwest,1/10/2012,Hourly, ,30-49,903,30.1,0
7/1/2018,52020,M,36,Group E,FT,, ,Northwest,2/6/2014,Hourly, ,30-49,145,4.83,0
7/1/2018,52024,M,20,Group E,PT,, ,Northwest,8/15/2013,Hourly, ,<30,320,10.67,0
7/1/2018,52238,M,44,Group E,PT,, ,Northwest,7/13/2005,Hourly, ,30-49,3275,109.17,0
7/1/2018,52248,M,43,Group B,FT,, ,West,11/16/2011,Hourly, ,30-49,958,31.93,0
7/1/2018,52290,M,64,Group G,PT,, ,West,10/30/2007,Hourly, ,50+,2436,81.2,0
7/1/2018,52292,M,35,Group D,FT,, ,West,6/7/2005,Hourly, ,30-49,3311,110.37,0
7/1/2018,52304,M,22,Group D,PT,, ,Northwest,10/24/2013,Hourly, ,<30,250,8.33,0
7/1/2018,52332,M,61,Group C,PT,, ,South,1/22/2002,Hourly, ,50+,4543,151.43,0
7/1/2018,52372,M,23,Group D,PT,, ,Central,6/11/2014,Hourly, ,<30,20,0.67,0
7/1/2018,52424,M,54,Group C,PT,, ,Central,5/23/2013,Hourly, ,50+,404,13.47,0
7/1/2018,52446,M,24,Group B,PT,, ,Northwest,2/15/2013,Hourly, ,<30,501,16.7,0
7/1/2018,52536,M,43,Group D,FT,, ,Central,11/25/2003,Hourly, ,30-49,3871,129.03,0
7/1/2018,52566,M,57,Group B,FT,, ,Central,9/23/2009,Hourly, ,50+,1742,58.07,0
7/1/2018,52576,M,42,Group C,PT,, ,Central,10/19/2012,Hourly, ,30-49,620,20.67,0
7/1/2018,52652,M,47,Group A,FT,, ,Northwest,11/15/2013,Hourly, ,30-49,228,7.6,0
7/1/2018,52668,M,22,Group C,PT,, ,Central,5/16/2014,Hourly, ,<30,46,1.53,0
7/1/2018,52682,M,42,Group G,PT,, ,Central,4/4/2002,Hourly, ,30-49,4471,149.03,0
7/1/2018,52698,M,51,Group E,PT,, ,West,5/7/2013,Hourly, ,50+,420,14,0
7/1/2018,52762,M,21,Group D,PT,,Yes,Central,7/16/2014,Hourly, ,<30,0,0,0
7/1/2018,52764,M,31,Group F,FT,, ,Central,4/6/2010,Hourly, ,30-49,1547,51.57,0
7/1/2018,52770,F,20,Group E,PT,, ,Northwest,7/12/2012,Hourly, ,<30,719,23.97,0
7/1/2018,52782,F,19,Group E,PT,, ,East,1/3/2014,Hourly, ,<30,179,5.97,0
7/1/2018,52824,F,38,Group E,FT,, ,Northwest,3/6/2014,Salary, ,30-49,117,3.9,0
7/1/2018,52826,M,56,Group C,FT,, ,Northwest,3/1/2006,Hourly, ,50+,3044,101.47,0
7/1/2018,52834,M,23,Group G,FT,, ,Northwest,1/25/2012,Salary, ,<30,888,29.6,0
7/1/2018,52926,F,46,Group A,PT,, ,North,5/11/1988,Hourly, ,30-49,9547,318.23,0
7/1/2018,52934,M,27,Group B,PT,, ,North,4/14/2007,Hourly, ,<30,2635,87.83,0
7/1/2018,52954,M,52,Group G,FT,, ,North,2/28/1989,Salary, ,50+,9254,308.47,0
7/1/2018,52968,M,37,Group F,FT,, ,North,3/28/2007,Salary, ,30-49,2652,88.4,0
7/1/2018,52970,M,38,Group A,FT,, ,North,10/12/1996,Salary, ,30-49,6471,215.7,0
7/1/2018,52980,M,70,Group A,PT,, ,North,6/1/2011,Hourly, ,50+,1126,37.53,0
7/1/2018,52982,M,28,Group G,FT,, ,North,6/29/2006,Hourly, ,<30,2924,97.47,0
7/1/2018,52984,M,46,Group A,FT,, ,North,11/10/1988,Hourly, ,30-49,9364,312.13,0
7/1/2018,52986,F,20,Group C,PT,, ,North,7/13/2012,Hourly, ,<30,718,23.93,0
7/1/2018,52988,F,22,Group B,FT,,Yes,North,7/26/2014,Salary, ,<30,0,0,0
7/1/2018,53004,M,35,Group A,FT,, ,North,11/26/1998,Hourly, ,30-49,5696,189.87,0
7/1/2018,53166,M,25,Group A,FT,, ,Midwest,3/25/2014,Salary, ,<30,98,3.27,0
7/1/2018,53176,F,46,Group G,FT,, ,Midwest,11/25/1992,Hourly, ,30-49,7888,262.93,0
7/1/2018,53184,F,38,Group D,FT,, ,Midwest,5/7/2014,Salary, ,30-49,55,1.83,0
7/1/2018,53218,M,68,Group C,PT,, ,Midwest,5/15/2009,Hourly, ,50+,1873,62.43,0
7/1/2018,53236,M,49,Group B,FT,, ,South,5/15/2014,Hourly, ,30-49,47,1.57,0
7/1/2018,53238,F,19,Group D,PT,, ,South,5/8/2014,Hourly, ,<30,54,1.8,0
7/1/2018,53250,F,45,Group E,FT,, ,South,5/4/2010,Salary, ,30-49,1519,50.63,0
7/1/2018,53260,M,21,Group E,PT,, ,South,3/19/2014,Hourly, ,<30,104,3.47,0
7/1/2018,53266,M,52,Group F,FT,, ,South,6/11/1991,Hourly, ,50+,8421,280.7,0
7/1/2018,53290,F,22,Group G,PT,, ,South,8/15/2012,Hourly, ,<30,685,22.83,0
7/1/2018,53292,F,41,Group E,FT,, ,South,6/4/1993,Salary, ,30-49,7697,256.57,0
7/1/2018,53356,F,38,Group C,FT,, ,South,2/17/2014,Salary, ,30-49,134,4.47,0
7/1/2018,53368,F,38,Group G,FT,, ,South,3/23/2012,Hourly, ,30-49,830,27.67,0
7/1/2018,53370,M,46,Group D,FT,, ,South,5/20/1986,Salary, ,30-49,10269,342.3,0
7/1/2018,53382,M,23,Group C,PT,, ,South,6/4/2014,Hourly, ,<30,27,0.9,0
7/1/2018,53388,M,48,Group C,PT,, ,South,6/4/2014,Hourly, ,30-49,27,0.9,0
7/1/2018,53394,M,53,Group E,FT,, ,South,6/14/2014,Salary, ,50+,17,0.57,0
7/1/2018,53396,F,21,Group E,FT,, ,South,2/7/2014,Hourly, ,<30,144,4.8,0
7/1/2018,53402,F,34,Group B,FT,, ,South,8/20/2009,Salary, ,30-49,1776,59.2,0
7/1/2018,53410,F,37,Group G,FT,, ,South,11/8/2013,Hourly, ,30-49,235,7.83,0
7/1/2018,53412,M,49,Group F,FT,, ,South,4/25/2006,Salary, ,30-49,2989,99.63,0
7/1/2018,53554,F,32,Group F,FT,, ,Central,3/28/2006,Salary, ,30-49,3017,100.57,0
7/1/2018,53612,F,54,Group E,FT,, ,Central,10/2/2001,Salary, ,50+,4655,155.17,0
7/1/2018,53616,F,22,Group C,PT,, ,Central,8/15/2013,Hourly, ,<30,320,10.67,0
7/1/2018,53652,M,42,Group A,FT,, ,Central,12/21/1990,Salary, ,30-49,8593,286.43,0
7/1/2018,53700,F,46,Group F,FT,, ,Central,5/28/2014,Salary, ,30-49,34,1.13,0
7/1/2018,53726,F,27,Group F,PT,, ,Central,4/12/2012,Hourly, ,<30,810,27,0
7/1/2018,53744,F,29,Group E,FT,, ,Central,12/10/2013,Salary, ,<30,203,6.77,0
7/1/2018,53750,M,25,Group C,PT,, ,Central,4/30/2014,Hourly, ,<30,62,2.07,0
7/1/2018,53752,M,41,Group A,PT,, ,Central,11/20/2007,Hourly, ,30-49,2415,80.5,0
7/1/2018,53804,F,28,Group B,FT,, ,Central,10/31/2005,Hourly, ,<30,3165,105.5,0
7/1/2018,53826,F,51,Group G,FT,, ,West,8/29/2006,Salary, ,50+,2863,95.43,0
7/1/2018,53838,M,46,Group A,FT,, ,West,11/28/2013,Salary, ,30-49,215,7.17,0
7/1/2018,53868,M,53,Group G,PT,, ,West,12/1/2013,Hourly, ,50+,212,7.07,0
7/1/2018,53874,F,24,Group D,PT,, ,West,11/1/2013,Hourly, ,<30,242,8.07,0
7/1/2018,53876,F,29,Group E,FT,, ,West,8/22/2013,Hourly, ,<30,313,10.43,0
7/1/2018,53938,F,20,Group F,PT,, ,West,5/9/2013,Hourly, ,<30,418,13.93,0
7/1/2018,53952,M,19,Group B,PT,, ,West,7/6/2013,Hourly, ,<30,360,12,0
7/1/2018,53988,F,23,Group D,PT,, ,West,1/26/2012,Hourly, ,<30,887,29.57,0
7/1/2018,53992,F,62,Group D,FT,, ,West,2/23/2007,Hourly, ,50+,2685,89.5,0
7/1/2018,54034,F,37,Group G,FT,, ,West,6/10/2014,Salary, ,30-49,21,0.7,0
7/1/2018,54044,M,43,Group B,FT,, ,West,6/27/2014,Salary, ,30-49,4,0.13,0
7/1/2018,54048,M,45,Group A,FT,, ,West,6/27/2004,Salary, ,30-49,3656,121.87,0
7/1/2018,54064,F,44,Group B,FT,, ,West,5/14/2011,Salary, ,30-49,1144,38.13,0
7/1/2018,54082,M,51,Group G,FT,, ,West,8/23/2007,Hourly, ,50+,2504,83.47,0
7/1/2018,54100,M,55,Group B,FT,, ,West,12/15/2007,Hourly, ,50+,2390,79.67,0
7/1/2018,54304,M,25,Group E,PT,, ,South,6/8/2011,Hourly, ,<30,1119,37.3,0
7/1/2018,54306,M,38,Group D,PT,, ,South,10/12/2011,Hourly, ,30-49,993,33.1,0
7/1/2018,54316,M,24,Group B,PT,, ,Northwest,9/13/2006,Hourly, ,<30,2848,94.93,0
7/1/2018,54338,M,28,Group B,FT,, ,North,1/6/2011,Hourly, ,<30,1272,42.4,0
7/1/2018,54356,M,22,Group E,FT,, ,South,4/27/2012,Hourly, ,<30,795,26.5,0
7/1/2018,54366,M,22,Group D,PT,, ,West,7/7/2013,Hourly, ,<30,359,11.97,0
7/1/2018,54372,F,38,Group G,FT,, ,North,1/10/2012,Salary, ,30-49,903,30.1,0
7/1/2018,54384,F,27,Group G,FT,, ,North,1/23/2013,Salary, ,<30,524,17.47,0
7/1/2018,54394,F,44,Group A,FT,, ,Midwest,6/24/2014,Salary, ,30-49,7,0.23,0
7/1/2018,54472,F,69,Group B,FT,, ,Northwest,8/27/2002,Salary, ,50+,4326,144.2,0
7/1/2018,54504,M,41,Group F,FT,, ,North,3/15/2014,Hourly, ,30-49,108,3.6,0
7/1/2018,54506,M,28,Group D,FT,, ,East,12/3/2013,Salary, ,<30,210,7,0
7/1/2018,54510,M,45,Group C,FT,, ,Northwest,10/30/2007,Hourly, ,30-49,2436,81.2,0
7/1/2018,54518,M,21,Group D,FT,, ,North,11/8/2013,Hourly, ,<30,235,7.83,0
7/1/2018,54526,M,29,Group B,FT,, ,East,1/8/2014,Hourly, ,<30,174,5.8,0
7/1/2018,54528,F,23,Group B,PT,, ,Midwest,12/15/2011,Hourly, ,<30,929,30.97,0
7/1/2018,54550,M,26,Group B,PT,, ,North,5/14/2014,Hourly, ,<30,48,1.6,0
7/1/2018,54552,M,46,Group C,PT,, ,Midwest,10/19/2012,Hourly, ,30-49,620,20.67,0
7/1/2018,54556,M,22,Group F,PT,, ,South,3/2/2012,Hourly, ,<30,851,28.37,0
7/1/2018,54564,M,21,Group B,PT,, ,South,9/2/2012,Hourly, ,<30,667,22.23,0
7/1/2018,54582,M,49,Group F,PT,, ,Northwest,1/4/2013,Hourly, ,30-49,543,18.1,0
7/1/2018,54614,M,21,Group D,PT,, ,South,10/25/2012,Hourly, ,<30,614,20.47,0
7/1/2018,54636,F,21,Group A,PT,, ,Northwest,4/15/2014,Hourly, ,<30,77,2.57,0
7/1/2018,54662,M,22,Group F,PT,, ,North,2/28/2013,Hourly, ,<30,488,16.27,0
7/1/2018,54890,F,64,Group A,FT,, ,West,4/5/2005,Hourly, ,50+,3374,112.47,0
7/1/2018,54894,F,23,Group F,PT,, ,West,4/26/2013,Hourly, ,<30,431,14.37,0
7/1/2018,54906,F,23,Group F,PT,, ,Midwest,3/15/2012,Hourly, ,<30,838,27.93,0
7/1/2018,54918,F,21,Group C,PT,, ,Midwest,5/31/2013,Hourly, ,<30,396,13.2,0
7/1/2018,54986,F,24,Group D,PT,,Yes,North,7/7/2014,Hourly, ,<30,0,0,0
7/1/2018,55442,F,74,Group G,FT,, ,West,3/11/2003,Hourly, ,50+,4130,137.67,0
7/1/2018,55468,F,20,Group A,PT,, ,West,5/10/2012,Hourly, ,<30,782,26.07,0
7/1/2018,55512,M,55,Group G,PT,, ,West,9/7/2012,Hourly, ,50+,662,22.07,0
7/1/2018,55514,M,24,Group D,PT,, ,West,4/15/2011,Hourly, ,<30,1173,39.1,0
7/1/2018,55552,M,23,Group G,PT,,Yes,Northwest,7/9/2014,Hourly, ,<30,0,0,0
7/1/2018,55566,M,22,Group A,PT,, ,Northwest,8/29/2013,Hourly, ,<30,306,10.2,0
7/1/2018,55578,M,30,Group B,PT,, ,Northwest,11/7/2012,Hourly, ,30-49,601,20.03,0
7/1/2018,55588,M,43,Group F,PT,, ,Northwest,1/24/2014,Hourly, ,30-49,158,5.27,0
7/1/2018,55620,F,19,Group C,PT,, ,Northwest,4/16/2014,Hourly, ,<30,76,2.53,0
7/1/2018,55632,F,62,Group B,FT,, ,Northwest,9/13/2011,Hourly, ,50+,1022,34.07,0
7/1/2018,55646,M,20,Group A,FT,, ,Northwest,11/13/2013,Hourly, ,<30,230,7.67,0
7/1/2018,55648,M,56,Group B,FT,, ,Northwest,7/14/2004,Hourly, ,50+,3639,121.3,0
7/1/2018,55650,M,23,Group E,PT,, ,North,9/26/2008,Hourly, ,<30,2104,70.13,0
7/1/2018,55666,M,21,Group D,PT,, ,South,7/13/2011,Hourly, ,<30,1084,36.13,0
7/1/2018,55700,F,52,Group B,FT,, ,Central,8/30/2005,Hourly, ,50+,3227,107.57,0
7/1/2018,55704,M,52,Group G,FT,, ,Central,5/10/2005,Hourly, ,50+,3339,111.3,0
7/1/2018,55714,M,21,Group D,PT,, ,Central,2/28/2014,Hourly, ,<30,123,4.1,0
7/1/2018,55722,M,40,Group C,PT,, ,Central,5/4/2010,Hourly, ,30-49,1519,50.63,0
7/1/2018,55726,M,42,Group E,FT,, ,Central,10/23/2008,Hourly, ,30-49,2077,69.23,0
7/1/2018,55730,M,22,Group A,PT,, ,Central,8/27/2010,Hourly, ,<30,1404,46.8,0
7/1/2018,55734,M,46,Group F,PT,, ,Central,4/30/2008,Hourly, ,30-49,2253,75.1,0
7/1/2018,55750,M,40,Group A,FT,, ,Central,8/24/2011,Hourly, ,30-49,1042,34.73,0
7/1/2018,55770,M,30,Group E,PT,, ,North,8/11/2000,Hourly, ,30-49,5072,169.07,0
7/1/2018,55776,F,24,Group E,PT,, ,South,2/1/2012,Hourly, ,<30,881,29.37,0
7/1/2018,55778,M,43,Group B,PT,, ,South,5/18/2011,Hourly, ,30-49,1140,38,0
7/1/2018,55780,M,64,Group A,PT,, ,North,8/18/2011,Hourly, ,50+,1048,34.93,0
7/1/2018,56246,M,34,Group E,PT,, ,Central,10/4/2001,Hourly, ,30-49,4653,155.1,0
7/1/2018,56276,M,24,Group G,PT,, ,Central,5/21/2013,Hourly, ,<30,406,13.53,0
7/1/2018,56292,F,33,Group G,FT,, ,Central,12/11/2007,Hourly, ,30-49,2394,79.8,0
7/1/2018,56296,M,56,Group D,FT,, ,Central,3/26/2010,Hourly, ,50+,1558,51.93,0
7/1/2018,56314,M,49,Group C,PT,, ,Central,8/9/2012,Hourly, ,30-49,691,23.03,0
7/1/2018,56318,M,32,Group C,PT,, ,Central,4/25/2014,Hourly, ,30-49,67,2.23,0
7/1/2018,56320,M,26,Group A,PT,, ,Central,4/23/2014,Hourly, ,<30,69,2.3,0
7/1/2018,56324,M,53,Group C,PT,, ,Central,6/1/2014,Hourly, ,50+,30,1,0
7/1/2018,56330,M,53,Group E,FT,, ,West,11/17/2009,Hourly, ,50+,1687,56.23,0
7/1/2018,56334,F,25,Group G,PT,, ,West,3/27/2013,Hourly, ,<30,461,15.37,0
7/1/2018,56354,M,68,Group D,PT,, ,West,8/9/2011,Hourly, ,50+,1057,35.23,0
7/1/2018,56358,M,64,Group E,PT,, ,West,2/23/2007,Hourly, ,50+,2685,89.5,0
7/1/2018,56360,M,22,Group B,PT,, ,West,10/17/2013,Hourly, ,<30,257,8.57,0
7/1/2018,56424,M,40,Group D,PT,, ,Northwest,11/6/2013,Hourly, ,30-49,237,7.9,0
7/1/2018,56446,M,20,Group F,PT,, ,Northwest,9/28/2013,Hourly, ,<30,276,9.2,0
7/1/2018,56456,M,20,Group E,PT,, ,Northwest,6/28/2013,Hourly, ,<30,368,12.27,0
7/1/2018,56464,M,58,Group D,PT,, ,Northwest,4/17/2014,Hourly, ,50+,75,2.5,0
7/1/2018,56472,M,20,Group F,PT,, ,Northwest,10/17/2013,Hourly, ,<30,257,8.57,0
7/1/2018,56490,M,66,Group G,FT,, ,South,10/19/1988,Hourly, ,50+,9386,312.87,0
7/1/2018,56498,M,51,Group C,FT,, ,Midwest,1/27/2000,Hourly, ,50+,5269,175.63,0
7/1/2018,56508,F,29,Group F,FT,, ,Midwest,8/4/2004,Hourly, ,<30,3618,120.6,0
7/1/2018,56516,M,50,Group E,FT,, ,Midwest,9/20/1984,Hourly, ,50+,10876,362.53,0
7/1/2018,56526,M,63,Group C,FT,, ,South,6/30/1987,Hourly, ,50+,9863,328.77,0
7/1/2018,91744,F,30,Group F,FT,, ,North,12/19/2006,Salary, ,30-49,2751,91.7,0
7/1/2018,91790,M,20,Group A,PT,, ,North,1/4/2013,Hourly, ,<30,543,18.1,0
7/1/2018,91824,M,24,Group D,FT,, ,North,5/24/2008,Hourly, ,<30,2229,74.3,0
7/1/2018,91868,M,60,Group D,FT,,Yes,East,7/8/2014,Salary, ,50+,0,0,0
7/1/2018,92018,F,61,Group D,FT,, ,East,11/7/2012,Hourly, ,50+,601,20.03,0
7/1/2018,92056,F,52,Group F,FT,, ,East,3/21/2006,Hourly, ,50+,3024,100.8,0
7/1/2018,92072,F,52,Group B,FT,, ,East,8/26/2008,Salary, ,50+,2135,71.17,0
7/1/2018,92166,F,59,Group D,FT,, ,East,1/17/2006,Hourly, ,50+,3087,102.9,0
7/1/2018,92168,F,43,Group B,FT,, ,East,5/13/2003,Hourly, ,30-49,4067,135.57,0
7/1/2018,92240,M,30,Group D,PT,, ,East,5/7/2008,Hourly, ,30-49,2246,74.87,0
7/1/2018,92242,M,51,Group F,FT,,Yes,East,7/8/2014,Salary, ,50+,0,0,0
7/1/2018,92246,F,38,Group B,FT,, ,East,10/5/2010,Salary, ,30-49,1365,45.5,0
7/1/2018,92250,M,55,Group C,FT,, ,East,9/8/1981,Salary, ,50+,11984,399.47,0
7/1/2018,92254,M,53,Group F,FT,, ,East,11/15/2011,Salary, ,50+,959,31.97,0
7/1/2018,92258,F,61,Group C,FT,, ,East,12/13/2011,Hourly, ,50+,931,31.03,0
7/1/2018,92260,M,51,Group B,FT,, ,East,6/27/2008,Hourly, ,50+,2195,73.17,0
7/1/2018,92270,F,39,Group F,FT,, ,East,3/28/2006,Salary, ,30-49,3017,100.57,0
7/1/2018,92276,F,31,Group E,FT,, ,East,4/15/2014,Salary, ,30-49,77,2.57,0
7/1/2018,92282,F,30,Group E,FT,, ,East,12/1/2009,Salary, ,30-49,1673,55.77,0
7/1/2018,92290,F,44,Group F,FT,, ,East,10/29/2013,Salary, ,30-49,245,8.17,0
7/1/2018,92292,F,31,Group F,FT,, ,East,8/2/2011,Salary, ,30-49,1064,35.47,0
7/1/2018,92302,M,37,Group E,FT,, ,East,3/1/2008,Salary, ,30-49,2313,77.1,0
7/1/2018,92310,M,39,Group B,FT,, ,East,6/25/2008,Salary, ,30-49,2197,73.23,0
7/1/2018,92324,F,28,Group F,FT,, ,East,6/2/2005,Salary, ,<30,3316,110.53,0
7/1/2018,92328,F,37,Group A,FT,, ,East,2/4/2009,Salary, ,30-49,1973,65.77,0
7/1/2018,92332,F,46,Group G,FT,, ,East,2/21/2006,Salary, ,30-49,3052,101.73,0
7/1/2018,92334,M,47,Group F,FT,, ,East,1/7/2009,Salary, ,30-49,2001,66.7,0
7/1/2018,92336,F,40,Group E,FT,, ,East,2/25/2009,Salary, ,30-49,1952,65.07,0
7/1/2018,92338,F,51,Group F,FT,, ,East,8/11/2009,Salary, ,50+,1785,59.5,0
7/1/2018,92340,F,30,Group B,FT,, ,East,9/29/2009,Salary, ,30-49,1736,57.87,0
7/1/2018,92352,F,54,Group C,FT,, ,East,8/9/2011,Hourly, ,50+,1057,35.23,0
7/1/2018,92354,F,53,Group D,FT,, ,East,8/6/2013,Hourly, ,50+,329,10.97,0
7/1/2018,92358,F,58,Group C,FT,, ,East,5/14/2002,Hourly, ,50+,4431,147.7,0
7/1/2018,92366,F,62,Group F,FT,, ,East,4/4/2006,Hourly, ,50+,3010,100.33,0
7/1/2018,92386,F,46,Group F,FT,, ,East,4/3/2013,Hourly, ,30-49,454,15.13,0
7/1/2018,92404,F,31,Group D,FT,, ,East,9/6/2013,Hourly, ,30-49,298,9.93,0
7/1/2018,92420,M,27,Group D,FT,, ,East,6/23/2004,Hourly, ,<30,3660,122,0
7/1/2018,92438,F,53,Group B,FT,, ,East,12/18/2007,Hourly, ,50+,2387,79.57,0
7/1/2018,92440,F,39,Group B,FT,, ,East,2/7/2012,Hourly, ,30-49,875,29.17,0
7/1/2018,92484,F,32,Group C,FT,, ,East,4/28/2011,Salary, ,30-49,1160,38.67,0
7/1/2018,95692,M,50,Group F,FT,, ,East,9/2/2009,Salary, ,50+,1763,58.77,0
7/1/2018,95694,M,34,Group A,FT,, ,East,7/21/2005,Salary, ,30-49,3267,108.9,0
7/1/2018,95696,F,56,Group E,FT,, ,East,11/3/1987,Salary, ,50+,9737,324.57,0
7/1/2018,95710,F,26,Group F,FT,, ,East,2/9/2012,Salary, ,<30,873,29.1,0
7/1/2018,95712,F,23,Group A,FT,, ,East,4/29/2014,Salary, ,<30,63,2.1,0
7/1/2018,95716,M,29,Group F,FT,, ,East,7/23/2013,Salary, ,<30,343,11.43,0
7/1/2018,95722,F,38,Group A,FT,, ,East,4/2/2013,Salary, ,30-49,455,15.17,0
7/1/2018,95726,F,38,Group D,FT,, ,East,7/23/2013,Salary, ,30-49,343,11.43,0
7/1/2018,95728,M,52,Group F,FT,, ,East,5/28/2003,Salary, ,50+,4052,135.07,0
7/1/2018,95730,F,30,Group D,FT,, ,East,6/24/2008,Salary, ,30-49,2198,73.27,0
7/1/2018,95738,M,38,Group C,FT,, ,East,4/15/2014,Salary, ,30-49,77,2.57,0
7/1/2018,95740,M,35,Group E,FT,, ,East,8/13/2008,Salary, ,30-49,2148,71.6,0
7/1/2018,95744,F,51,Group B,FT,, ,East,3/3/1987,Salary, ,50+,9982,332.73,0
7/1/2018,95750,F,23,Group E,FT,, ,East,5/13/2014,Salary, ,<30,49,1.63,0
7/1/2018,95752,F,32,Group D,FT,, ,East,12/1/2006,Salary, ,30-49,2769,92.3,0
7/1/2018,95754,M,58,Group G,FT,, ,East,6/6/2006,Salary, ,50+,2947,98.23,0
7/1/2018,95762,F,37,Group D,FT,, ,East,8/27/2008,Salary, ,30-49,2134,71.13,0
7/1/2018,95770,F,26,Group F,FT,, ,East,5/29/2013,Salary, ,<30,398,13.27,0
7/1/2018,95772,F,54,Group A,FT,, ,East,5/15/1984,Salary, ,50+,11004,366.8,0
7/1/2018,95782,F,42,Group E,FT,, ,East,9/17/2008,Salary, ,30-49,2113,70.43,0
7/1/2018,95784,M,43,Group F,FT,, ,East,7/17/2007,Salary, ,30-49,2541,84.7,0
7/1/2018,95788,F,52,Group G,FT,, ,East,1/5/2010,Salary, ,50+,1638,54.6,0
7/1/2018,95792,F,37,Group D,PT,, ,East,8/27/2013,Salary, ,30-49,308,10.27,0
7/1/2018,96072,F,21,Group E,PT,, ,East,5/13/2014,Hourly, ,<30,49,1.63,0
7/1/2018,96180,M,26,Group E,FT,, ,East,1/29/2008,Hourly, ,<30,2345,78.17,0
7/1/2018,96198,F,49,Group G,PT,, ,East,2/18/2014,Hourly, ,30-49,133,4.43,0
7/1/2018,96218,F,32,Group A,PT,, ,East,7/30/2013,Hourly, ,30-49,336,11.2,0
7/1/2018,96236,F,34,Group A,FT,, ,East,10/11/2011,Hourly, ,30-49,994,33.13,0
7/1/2018,96352,F,23,Group E,FT,, ,East,2/13/2013,Hourly, ,<30,503,16.77,0
7/1/2018,96374,F,18,Group E,PT,,Yes,East,7/22/2014,Hourly, ,<30,0,0,0
7/1/2018,96382,F,25,Group A,FT,, ,East,11/20/2007,Hourly, ,<30,2415,80.5,0
7/1/2018,96442,M,46,Group C,FT,, ,East,9/20/2005,Hourly, ,30-49,3206,106.87,0
7/1/2018,96484,F,21,Group E,PT,,Yes,East,7/8/2014,Hourly, ,<30,0,0,0
7/1/2018,96504,F,28,Group B,FT,, ,East,2/11/2014,Hourly, ,<30,140,4.67,0
7/1/2018,96512,F,19,Group C,PT,, ,East,1/21/2014,Hourly, ,<30,161,5.37,0
7/1/2018,96764,F,36,Group E,FT,, ,East,7/13/2001,Hourly, ,30-49,4736,157.87,0
7/1/2018,97020,F,41,Group B,FT,, ,East,6/21/2002,Hourly, ,30-49,4393,146.43,0
7/1/2018,97038,F,26,Group E,FT,, ,East,10/2/2007,Hourly, ,<30,2464,82.13,0
7/1/2018,97052,F,50,Group A,FT,, ,East,5/14/2008,Hourly, ,50+,2239,74.63,0
7/1/2018,97066,F,25,Group F,FT,, ,East,7/19/2011,Hourly, ,<30,1078,35.93,0
7/1/2018,97198,M,25,Group A,PT,, ,East,10/24/2012,Hourly, ,<30,615,20.5,0
7/1/2018,97318,F,26,Group A,PT,, ,East,5/13/2009,Hourly, ,<30,1875,62.5,0
7/1/2018,97344,F,37,Group F,FT,, ,East,2/27/2003,Hourly, ,30-49,4142,138.07,0
7/1/2018,97528,F,19,Group B,PT,, ,East,10/29/2013,Hourly, ,<30,245,8.17,0
7/1/2018,97546,F,60,Group E,FT,, ,East,7/24/2003,Hourly, ,50+,3995,133.17,0
7/1/2018,97712,M,20,Group C,PT,, ,East,4/29/2014,Hourly, ,<30,63,2.1,0
7/1/2018,98080,F,32,Group A,FT,, ,East,10/9/2001,Hourly, ,30-49,4648,154.93,0
7/1/2018,98172,F,22,Group D,FT,, ,East,2/25/2014,Hourly, ,<30,126,4.2,0
7/1/2018,98352,F,23,Group B,FT,, ,East,8/9/2011,Hourly, ,<30,1057,35.23,0
7/1/2018,98432,F,32,Group E,FT,, ,East,4/5/2005,Hourly, ,30-49,3374,112.47,0
