Date,EmpID,Gender,Age,EthnicGroup,FP,TermDate,isNewHire,BU Region,HireDate,PayType,TermReason,AgeGroup,TenureDays,TenureMonths,BadHires
4/1/2018,124,M,21,Group B,PT,4/3/2014,Yes,North,4/1/2014,Hourly,Voluntary,<30,2,0.07,1
4/1/2018,1544,M,23,Group A,PT,, ,North,2/4/2014,Hourly, ,<30,56,1.87,0
4/1/2018,1560,M,24,Group C,PT,, ,North,3/27/2014,Hourly, ,<30,5,0.17,0
4/1/2018,1780,F,22,Group F,PT,, ,North,11/15/2013,Hourly, ,<30,137,4.57,0
4/1/2018,1828,M,44,Group A,PT,,Yes,North,4/18/2014,Hourly, ,30-49,0,0,0
4/1/2018,1918,M,35,Group G,PT,,Yes,North,4/30/2014,Hourly, ,30-49,0,0,0
4/1/2018,1950,M,39,Group A,PT,, ,North,8/27/2008,Hourly, ,30-49,2043,68.1,0
4/1/2018,1958,M,22,Group B,PT,, ,North,8/21/2013,Hourly, ,<30,223,7.43,0
4/1/2018,1966,M,36,Group A,PT,, ,North,9/8/2012,Hourly, ,30-49,570,19,0
4/1/2018,1972,M,21,Group F,PT,, ,North,9/26/2013,Hourly, ,<30,187,6.23,0
4/1/2018,1976,M,43,Group A,PT,, ,North,9/20/2013,Hourly, ,30-49,193,6.43,0
4/1/2018,1982,F,53,Group D,PT,,Yes,North,4/30/2014,Hourly, ,50+,0,0,0
4/1/2018,2046,M,22,Group B,PT,, ,Midwest,3/20/2014,Hourly, ,<30,12,0.4,0
4/1/2018,2056,M,20,Group D,PT,4/3/2014, ,Midwest,6/14/2013,Hourly,Voluntary,<30,293,9.77,0
4/1/2018,2058,M,25,Group F,PT,4/4/2014, ,Midwest,8/8/2013,Hourly,Voluntary,<30,239,7.97,0
4/1/2018,2106,M,23,Group E,PT,4/27/2014, ,Midwest,1/24/2014,Hourly,Voluntary,<30,93,3.1,0
4/1/2018,2154,F,24,Group C,PT,4/23/2014,Yes,Midwest,4/23/2014,Hourly,Voluntary,<30,0,0,1
4/1/2018,2202,F,23,Group C,PT,4/24/2014, ,Midwest,10/31/2013,Hourly,Voluntary,<30,175,5.83,0
4/1/2018,2538,F,53,Group C,PT,4/9/2014,Yes,Midwest,4/1/2014,Hourly,Voluntary,50+,8,0.27,1
4/1/2018,3366,M,21,Group B,PT,,Yes,Midwest,4/11/2014,Hourly, ,<30,0,0,0
4/1/2018,3492,M,26,Group G,PT,, ,Midwest,3/19/2014,Hourly, ,<30,13,0.43,0
4/1/2018,3494,M,20,Group F,PT,, ,Midwest,3/19/2014,Hourly, ,<30,13,0.43,0
4/1/2018,3498,M,18,Group A,PT,, ,Midwest,3/19/2014,Hourly, ,<30,13,0.43,0
4/1/2018,3500,M,19,Group C,PT,, ,Midwest,3/19/2014,Hourly, ,<30,13,0.43,0
4/1/2018,3502,M,21,Group A,PT,4/25/2014, ,Midwest,3/19/2014,Hourly,Voluntary,<30,37,1.23,1
4/1/2018,3716,M,29,Group E,PT,4/3/2014, ,South,3/29/2014,Hourly,Voluntary,<30,5,0.17,1
4/1/2018,4458,M,20,Group A,PT,,Yes,South,4/30/2014,Hourly, ,<30,0,0,0
4/1/2018,5020,M,56,Group F,PT,4/27/2014,Yes,South,4/25/2014,Hourly,Voluntary,50+,2,0.07,1
4/1/2018,5052,F,23,Group C,PT,, ,South,6/2/2011,Hourly, ,<30,1034,34.47,0
4/1/2018,5202,M,25,Group E,PT,, ,North,8/12/2010,Hourly, ,<30,1328,44.27,0
4/1/2018,5216,F,20,Group A,PT,, ,North,10/30/2013,Hourly, ,<30,153,5.1,0
4/1/2018,5268,M,20,Group A,PT,, ,North,8/16/2013,Hourly, ,<30,228,7.6,0
4/1/2018,5318,F,22,Group D,PT,4/19/2014, ,Midwest,3/11/2014,Hourly,Voluntary,<30,39,1.3,1
4/1/2018,5342,M,21,Group D,PT,4/24/2014,Yes,Midwest,4/24/2014,Hourly,Voluntary,<30,0,0,1
4/1/2018,5350,M,53,Group B,PT,4/23/2014,Yes,South,4/23/2014,Hourly,Voluntary,50+,0,0,1
4/1/2018,5548,F,47,Group G,PT,4/20/2014, ,South,3/29/2014,Hourly,Voluntary,30-49,22,0.73,1
4/1/2018,5936,M,37,Group B,PT,4/25/2014,Yes,Midwest,4/23/2014,Hourly,Voluntary,30-49,2,0.07,1
4/1/2018,6040,F,20,Group E,PT,4/23/2014,Yes,Midwest,4/23/2014,Hourly,Voluntary,<30,0,0,1
4/1/2018,7096,F,19,Group B,PT,4/12/2014, ,North,3/27/2014,Hourly,Voluntary,<30,16,0.53,1
4/1/2018,7834,M,40,Group D,PT,4/26/2014,Yes,Midwest,4/23/2014,Hourly,Voluntary,30-49,3,0.1,1
4/1/2018,7932,M,25,Group E,PT,, ,Midwest,3/19/2014,Hourly, ,<30,13,0.43,0
4/1/2018,7998,F,24,Group A,PT,4/29/2014, ,Midwest,3/27/2014,Hourly,Involuntary,<30,33,1.1,1
4/1/2018,8492,F,22,Group A,PT,, ,Midwest,3/12/2014,Hourly, ,<30,20,0.67,0
4/1/2018,8506,F,21,Group C,PT,, ,Midwest,9/12/2012,Hourly, ,<30,566,18.87,0
4/1/2018,8948,F,22,Group C,PT,, ,North,3/20/2014,Hourly, ,<30,12,0.4,0
4/1/2018,9432,F,19,Group B,PT,, ,North,3/8/2014,Hourly, ,<30,24,0.8,0
4/1/2018,9450,M,19,Group C,PT,4/9/2014, ,North,2/12/2014,Hourly,Involuntary,<30,56,1.87,1
4/1/2018,9460,M,21,Group D,PT,, ,North,9/27/2011,Hourly, ,<30,917,30.57,0
4/1/2018,9492,M,34,Group E,PT,, ,North,8/8/2013,Hourly, ,30-49,236,7.87,0
4/1/2018,9500,M,56,Group G,PT,, ,North,9/13/2013,Hourly, ,50+,200,6.67,0
4/1/2018,9904,F,19,Group B,PT,, ,North,2/26/2014,Hourly, ,<30,34,1.13,0
4/1/2018,10190,F,19,Group E,PT,, ,North,3/1/2014,Hourly, ,<30,31,1.03,0
4/1/2018,10214,F,19,Group C,PT,,Yes,North,4/3/2014,Hourly, ,<30,0,0,0
4/1/2018,10230,M,19,Group C,PT,,Yes,North,4/2/2014,Hourly, ,<30,0,0,0
4/1/2018,10490,M,19,Group A,PT,, ,South,2/28/2014,Hourly, ,<30,32,1.07,0
4/1/2018,10786,M,26,Group B,PT,, ,South,10/16/2013,Hourly, ,<30,167,5.57,0
4/1/2018,10854,F,20,Group G,PT,, ,South,10/31/2013,Hourly, ,<30,152,5.07,0
4/1/2018,11542,M,53,Group B,PT,,Yes,South,4/17/2014,Hourly, ,50+,0,0,0
4/1/2018,12044,M,27,Group A,PT,,Yes,South,4/23/2014,Hourly, ,<30,0,0,0
4/1/2018,12358,F,21,Group F,PT,, ,South,3/28/2014,Hourly, ,<30,4,0.13,0
4/1/2018,12834,M,19,Group A,PT,, ,South,3/11/2014,Hourly, ,<30,21,0.7,0
4/1/2018,12874,M,27,Group C,FT,, ,South,2/28/2014,Salary, ,<30,32,1.07,0
4/1/2018,13020,M,21,Group G,PT,4/6/2014, ,East,2/11/2014,Hourly,Involuntary,<30,54,1.8,1
4/1/2018,13134,F,19,Group D,PT,,Yes,North,4/2/2014,Hourly, ,<30,0,0,0
4/1/2018,13198,F,42,Group B,PT,4/24/2014,Yes,Northwest,4/24/2014,Hourly,Involuntary,30-49,0,0,1
4/1/2018,13276,M,58,Group E,PT,4/23/2014,Yes,Central,4/23/2014,Hourly,Involuntary,50+,0,0,1
4/1/2018,13400,F,24,Group E,PT,,Yes,Central,4/29/2014,Hourly, ,<30,0,0,0
4/1/2018,13416,F,22,Group C,PT,, ,Central,2/26/2014,Hourly, ,<30,34,1.13,0
4/1/2018,13422,F,20,Group C,PT,,Yes,Central,4/18/2014,Hourly, ,<30,0,0,0
4/1/2018,13532,M,22,Group E,PT,4/24/2014,Yes,Northwest,4/1/2014,Hourly,Involuntary,<30,23,0.77,1
4/1/2018,13706,M,20,Group G,PT,,Yes,Central,4/9/2014,Hourly, ,<30,0,0,0
4/1/2018,13762,M,22,Group G,PT,,Yes,West,4/2/2014,Hourly, ,<30,0,0,0
4/1/2018,14070,F,58,Group G,PT,4/24/2014,Yes,Northwest,4/23/2014,Hourly,Involuntary,50+,1,0.03,1
4/1/2018,14278,F,20,Group C,PT,, ,Central,3/12/2014,Hourly, ,<30,20,0.67,0
4/1/2018,14380,M,21,Group G,PT,4/30/2014, ,Northwest,3/28/2014,Hourly,Involuntary,<30,33,1.1,1
4/1/2018,14432,M,25,Group D,PT,4/25/2014, ,Northwest,3/28/2014,Hourly,Involuntary,<30,28,0.93,1
4/1/2018,14482,F,20,Group E,PT,, ,Northwest,3/27/2014,Hourly, ,<30,5,0.17,0
4/1/2018,15122,F,22,Group B,PT,,Yes,Central,4/16/2014,Hourly, ,<30,0,0,0
4/1/2018,16218,M,21,Group F,PT,,Yes,Central,4/29/2014,Hourly, ,<30,0,0,0
4/1/2018,16230,M,24,Group G,PT,4/27/2014,Yes,Central,4/23/2014,Hourly,Voluntary,<30,4,0.13,1
4/1/2018,16296,M,19,Group G,PT,4/2/2014,Yes,Central,4/1/2014,Hourly,Voluntary,<30,1,0.03,1
4/1/2018,16322,M,36,Group B,PT,4/25/2014,Yes,Central,4/25/2014,Hourly,Voluntary,30-49,0,0,1
4/1/2018,16668,M,19,Group E,PT,, ,North,3/13/2014,Hourly, ,<30,19,0.63,0
4/1/2018,16678,M,57,Group A,FT,, ,Northwest,6/7/2012,Hourly, ,50+,663,22.1,0
4/1/2018,16730,F,77,Group E,FT,4/19/2014, ,North,5/24/2011,Hourly,Involuntary,50+,1061,35.37,0
4/1/2018,16962,F,42,Group E,PT,4/23/2014,Yes,Central,4/23/2014,Hourly,Voluntary,30-49,0,0,1
4/1/2018,16996,F,21,Group C,PT,, ,West,3/13/2014,Hourly, ,<30,19,0.63,0
4/1/2018,17146,F,24,Group D,PT,4/26/2014, ,West,11/16/2010,Hourly,Involuntary,<30,1257,41.9,0
4/1/2018,17244,F,22,Group G,PT,, ,Central,3/6/2014,Hourly, ,<30,26,0.87,0
4/1/2018,17292,F,24,Group E,PT,, ,West,1/16/2014,Hourly, ,<30,75,2.5,0
4/1/2018,17316,M,32,Group A,PT,,Yes,Central,4/23/2014,Hourly, ,30-49,0,0,0
4/1/2018,17362,F,29,Group B,FT,, ,East,12/20/2011,Hourly, ,<30,833,27.77,0
4/1/2018,17932,M,56,Group F,PT,4/3/2014, ,Central,10/3/2013,Hourly,Involuntary,50+,182,6.07,0
4/1/2018,17998,M,47,Group C,PT,4/3/2014, ,Northwest,9/2/2012,Hourly,Involuntary,30-49,578,19.27,0
4/1/2018,18214,F,23,Group F,PT,, ,Northwest,11/9/2013,Hourly, ,<30,143,4.77,0
4/1/2018,18230,M,48,Group A,PT,, ,North,10/24/2007,Hourly, ,30-49,2351,78.37,0
4/1/2018,18254,M,20,Group D,PT,4/29/2014, ,Central,12/17/2013,Hourly,Involuntary,<30,133,4.43,0
4/1/2018,18786,M,40,Group C,PT,, ,Central,10/16/2013,Hourly, ,30-49,167,5.57,0
4/1/2018,18926,F,23,Group A,PT,, ,West,11/30/2012,Hourly, ,<30,487,16.23,0
4/1/2018,18994,F,21,Group B,FT,, ,Northwest,9/9/2013,Hourly, ,<30,204,6.8,0
4/1/2018,19130,F,44,Group F,PT,, ,North,9/14/2012,Hourly, ,30-49,564,18.8,0
4/1/2018,19376,M,19,Group C,PT,, ,Central,10/3/2013,Hourly, ,<30,180,6,0
4/1/2018,19496,M,47,Group A,PT,4/27/2014, ,Central,3/28/2014,Hourly,Voluntary,30-49,30,1,1
4/1/2018,19512,M,46,Group F,PT,4/23/2014,Yes,Central,4/23/2014,Hourly,Voluntary,30-49,0,0,1
4/1/2018,19598,F,19,Group G,PT,, ,Northwest,2/13/2014,Hourly, ,<30,47,1.57,0
4/1/2018,19600,F,24,Group A,FT,, ,Northwest,4/27/2011,Hourly, ,<30,1070,35.67,0
4/1/2018,19650,M,21,Group D,PT,4/27/2014, ,Northwest,9/6/2013,Hourly,Involuntary,<30,233,7.77,0
4/1/2018,19702,F,22,Group E,PT,, ,Northwest,8/15/2013,Hourly, ,<30,229,7.63,0
4/1/2018,19712,M,56,Group B,PT,, ,Northwest,3/14/2014,Hourly, ,50+,18,0.6,0
4/1/2018,19870,M,24,Group A,PT,, ,Northwest,10/24/2013,Hourly, ,<30,159,5.3,0
4/1/2018,20458,M,44,Group G,PT,,Yes,Central,4/16/2014,Hourly, ,30-49,0,0,0
4/1/2018,20832,F,20,Group D,PT,, ,West,1/17/2014,Hourly, ,<30,74,2.47,0
4/1/2018,20972,F,18,Group C,PT,4/18/2014, ,Central,3/27/2014,Hourly,Voluntary,<30,22,0.73,1
4/1/2018,21136,M,19,Group B,PT,,Yes,Central,4/3/2014,Hourly, ,<30,0,0,0
4/1/2018,21198,M,46,Group C,PT,4/25/2014,Yes,Central,4/23/2014,Hourly,Voluntary,30-49,2,0.07,1
4/1/2018,21202,M,45,Group E,PT,4/26/2014,Yes,Central,4/25/2014,Hourly,Voluntary,30-49,1,0.03,1
4/1/2018,21208,M,30,Group A,FT,4/8/2014, ,Northwest,7/13/2000,Hourly,Involuntary,30-49,5017,167.23,0
4/1/2018,21472,M,24,Group B,PT,,Yes,Northwest,4/10/2014,Hourly, ,<30,0,0,0
4/1/2018,21544,F,27,Group B,PT,, ,Northwest,9/2/2010,Hourly, ,<30,1307,43.57,0
4/1/2018,21630,F,19,Group B,PT,, ,South,10/18/2013,Hourly, ,<30,165,5.5,0
4/1/2018,21870,F,21,Group C,PT,, ,North,9/13/2013,Hourly, ,<30,200,6.67,0
4/1/2018,22578,F,69,Group C,FT,, ,Northwest,5/5/2011,Hourly, ,50+,1062,35.4,0
4/1/2018,23112,F,21,Group G,PT,, ,North,2/22/2012,Hourly, ,<30,769,25.63,0
4/1/2018,23394,M,23,Group B,PT,, ,Central,9/22/2012,Hourly, ,<30,556,18.53,0
4/1/2018,24502,F,23,Group F,PT,, ,East,9/17/2013,Hourly, ,<30,196,6.53,0
4/1/2018,24518,F,20,Group A,PT,, ,East,1/23/2014,Hourly, ,<30,68,2.27,0
4/1/2018,24608,M,41,Group G,PT,, ,North,11/18/2013,Hourly, ,30-49,134,4.47,0
4/1/2018,24614,F,24,Group A,PT,, ,North,8/23/2013,Hourly, ,<30,221,7.37,0
4/1/2018,24690,M,19,Group A,PT,4/1/2014, ,West,3/1/2014,Hourly,Voluntary,<30,31,1.03,1
4/1/2018,24706,M,24,Group B,PT,4/20/2004,Yes,Midwest,4/1/2014,Hourly,Voluntary,<30,19,0.63,1
4/1/2018,24994,M,21,Group B,PT,, ,Northwest,11/19/2013,Hourly, ,<30,133,4.43,0
4/1/2018,25002,M,51,Group G,PT,, ,Northwest,3/7/2014,Hourly, ,50+,25,0.83,0
4/1/2018,25044,F,20,Group G,PT,, ,Central,6/21/2013,Hourly, ,<30,284,9.47,0
4/1/2018,25148,F,23,Group C,PT,, ,Central,11/13/2013,Hourly, ,<30,139,4.63,0
4/1/2018,25206,F,47,Group B,PT,, ,Northwest,2/20/2014,Hourly, ,30-49,40,1.33,0
4/1/2018,25212,F,21,Group F,PT,, ,West,7/17/2013,Hourly, ,<30,258,8.6,0
4/1/2018,25882,F,22,Group D,PT,, ,Northwest,6/22/2012,Hourly, ,<30,648,21.6,0
4/1/2018,25892,F,20,Group F,PT,, ,Northwest,6/29/2012,Hourly, ,<30,641,21.37,0
4/1/2018,26326,M,50,Group D,PT,4/26/2014,Yes,West,4/25/2014,Hourly,Voluntary,50+,1,0.03,1
4/1/2018,26778,M,18,Group C,PT,, ,Central,1/20/2013,Hourly, ,<30,436,14.53,0
4/1/2018,26836,M,45,Group A,PT,, ,Midwest,1/29/2014,Hourly, ,30-49,62,2.07,0
4/1/2018,26924,F,23,Group F,PT,, ,West,9/21/2012,Hourly, ,<30,557,18.57,0
4/1/2018,26954,M,88,Group B,PT,, ,West,8/27/2009,Hourly, ,50+,1678,55.93,0
4/1/2018,27450,F,22,Group G,PT,4/20/2014, ,North,11/10/2011,Hourly,Voluntary,<30,892,29.73,0
4/1/2018,27676,F,21,Group A,PT,, ,East,3/11/2014,Hourly, ,<30,21,0.7,0
4/1/2018,28016,M,52,Group E,PT,4/4/2014, ,Northwest,2/28/2013,Hourly,Voluntary,50+,400,13.33,0
4/1/2018,28066,M,29,Group F,PT,,Yes,Northwest,4/30/2014,Hourly, ,<30,0,0,0
4/1/2018,28222,M,23,Group D,PT,4/19/2014, ,Central,10/16/2013,Hourly,Voluntary,<30,185,6.17,0
4/1/2018,28250,M,50,Group A,PT,,Yes,Central,4/23/2014,Hourly,Voluntary,50+,3,0.1,1
4/1/2018,28262,M,61,Group B,PT,, ,Central,11/1/2013,Hourly, ,50+,151,5.03,0
4/1/2018,28266,F,23,Group F,PT,, ,Central,9/12/2013,Hourly, ,<30,201,6.7,0
4/1/2018,28276,M,22,Group A,PT,, ,Central,4/30/2013,Hourly, ,<30,336,11.2,0
4/1/2018,28380,F,46,Group F,PT,4/12/2014, ,Central,5/9/2013,Hourly,Voluntary,30-49,338,11.27,0
4/1/2018,28412,F,24,Group C,PT,4/13/2014, ,West,9/5/2013,Hourly,Voluntary,<30,220,7.33,0
4/1/2018,28456,M,28,Group D,PT,4/12/2014, ,West,3/30/2014,Hourly,Voluntary,<30,13,0.43,1
4/1/2018,28738,F,23,Group G,PT,, ,Central,9/16/2012,Hourly, ,<30,562,18.73,0
4/1/2018,28758,M,22,Group A,PT,, ,West,1/7/2014,Hourly, ,<30,84,2.8,0
4/1/2018,29062,M,44,Group G,FT,, ,Midwest,5/26/2009,Hourly, ,30-49,1771,59.03,0
4/1/2018,29126,F,22,Group A,PT,, ,Northwest,2/7/2014,Hourly, ,<30,53,1.77,0
4/1/2018,29274,F,24,Group F,PT,, ,Central,5/16/2013,Hourly, ,<30,320,10.67,0
4/1/2018,29552,F,27,Group B,PT,, ,West,3/15/2013,Hourly, ,<30,382,12.73,0
4/1/2018,29632,M,29,Group F,PT,, ,Central,4/1/2010,Hourly, ,<30,1461,48.7,0
4/1/2018,29734,M,44,Group C,PT,4/1/2014,Yes,Central,4/1/2014,Hourly,Voluntary,30-49,0,0,1
4/1/2018,29822,M,62,Group E,PT,,Yes,Central,4/26/2014,Hourly, ,50+,0,0,0
4/1/2018,29862,M,22,Group B,PT,, ,Central,11/6/2013,Hourly, ,<30,146,4.87,0
4/1/2018,29884,F,22,Group G,PT,4/25/2014,Yes,Central,4/24/2014,Hourly,Voluntary,<30,1,0.03,1
4/1/2018,30046,M,19,Group D,PT,4/22/2014, ,Central,5/23/2013,Hourly,Voluntary,<30,334,11.13,0
4/1/2018,30158,F,22,Group G,PT,4/27/2014, ,Northwest,2/12/2014,Hourly,Voluntary,<30,74,2.47,0
4/1/2018,30238,M,32,Group B,PT,4/27/2014, ,Northwest,9/19/2013,Hourly,Voluntary,30-49,220,7.33,0
4/1/2018,30308,F,59,Group E,PT,4/12/2014,Yes,Northwest,4/1/2014,Hourly,Voluntary,50+,11,0.37,1
4/1/2018,30322,F,25,Group G,PT,4/27/2014,Yes,Northwest,4/24/2014,Hourly,Voluntary,<30,3,0.1,1
4/1/2018,30866,M,18,Group A,PT,,Yes,Northwest,4/23/2014,Hourly, ,<30,0,0,0
4/1/2018,30868,M,19,Group D,PT,, ,Northwest,8/21/2013,Hourly, ,<30,223,7.43,0
4/1/2018,30934,M,54,Group B,PT,, ,Northwest,11/3/2011,Hourly, ,50+,880,29.33,0
4/1/2018,31114,M,20,Group B,PT,4/26/2014,Yes,Northwest,4/24/2014,Hourly,Voluntary,<30,2,0.07,1
4/1/2018,31222,M,24,Group D,PT,,Yes,Central,4/30/2014,Hourly, ,<30,0,0,0
4/1/2018,31436,M,26,Group G,PT,4/25/2014,Yes,Central,4/25/2014,Hourly,Voluntary,<30,0,0,1
4/1/2018,31624,M,19,Group F,PT,,Yes,West,4/11/2014,Hourly, ,<30,0,0,0
4/1/2018,31764,M,67,Group F,PT,4/16/2014, ,West,2/28/2014,Hourly,Voluntary,50+,47,1.57,1
4/1/2018,31806,M,23,Group G,PT,, ,West,9/24/2013,Hourly, ,<30,189,6.3,0
4/1/2018,31824,M,24,Group B,PT,4/19/2014, ,North,6/1/2012,Hourly,Voluntary,<30,687,22.9,0
4/1/2018,31918,M,49,Group F,PT,, ,Midwest,3/24/2012,Hourly, ,30-49,738,24.6,0
4/1/2018,32032,F,17,Group A,PT,, ,Northwest,2/4/2014,Hourly, ,<30,56,1.87,0
4/1/2018,32034,F,19,Group E,PT,, ,North,11/5/2013,Hourly, ,<30,147,4.9,0
4/1/2018,32052,F,17,Group A,PT,,Yes,South,4/30/2014,Hourly, ,<30,0,0,0
4/1/2018,32218,M,18,Group E,PT,,Yes,Northwest,4/9/2014,Hourly, ,<30,0,0,0
4/1/2018,32352,F,16,Group B,PT,4/29/2014,Yes,South,4/24/2014,Hourly,Voluntary,<30,5,0.17,1
4/1/2018,32952,M,29,Group F,PT,, ,North,10/1/2013,Hourly, ,<30,182,6.07,0
4/1/2018,33066,F,31,Group E,PT,, ,South,4/13/2011,Hourly, ,30-49,1084,36.13,0
4/1/2018,33132,M,20,Group A,PT,, ,South,6/9/2012,Hourly, ,<30,661,22.03,0
4/1/2018,33240,F,31,Group E,FT,, ,Midwest,6/26/2002,Salary, ,30-49,4297,143.23,0
4/1/2018,33258,M,36,Group D,FT,, ,West,4/4/2008,Salary, ,30-49,2188,72.93,0
4/1/2018,33262,F,49,Group E,FT,, ,Northwest,3/19/2008,Salary, ,30-49,2204,73.47,0
4/1/2018,33278,F,33,Group E,FT,, ,Midwest,9/29/2011,Salary, ,30-49,915,30.5,0
4/1/2018,33310,M,23,Group D,FT,, ,East,6/25/2013,Salary, ,<30,280,9.33,0
4/1/2018,33312,F,52,Group C,FT,, ,East,10/4/2011,Salary, ,50+,910,30.33,0
4/1/2018,33812,M,28,Group B,PT,, ,Midwest,1/13/2012,Hourly, ,<30,809,26.97,0
4/1/2018,40406,M,49,Group B,FT,, ,North,4/9/2005,Hourly, ,30-49,3279,109.3,0
4/1/2018,40416,F,20,Group C,FT,, ,North,5/21/2013,Hourly, ,<30,315,10.5,0
4/1/2018,40434,M,56,Group E,FT,, ,North,8/16/2012,Hourly, ,50+,593,19.77,0
4/1/2018,40442,M,19,Group G,PT,, ,North,3/5/2014,Hourly, ,<30,27,0.9,0
4/1/2018,40452,M,47,Group A,PT,, ,North,10/16/2013,Hourly, ,30-49,167,5.57,0
4/1/2018,40462,F,20,Group A,PT,, ,North,9/19/2013,Hourly, ,<30,194,6.47,0
4/1/2018,40472,F,57,Group E,FT,, ,North,5/18/2005,Hourly, ,50+,3240,108,0
4/1/2018,40478,M,22,Group C,PT,, ,North,6/22/2011,Hourly, ,<30,1014,33.8,0
4/1/2018,40484,M,21,Group F,PT,, ,North,12/13/2011,Hourly, ,<30,840,28,0
4/1/2018,40486,M,28,Group A,PT,, ,North,11/2/2011,Hourly, ,<30,881,29.37,0
4/1/2018,40488,M,37,Group D,FT,, ,North,5/23/2011,Hourly, ,30-49,1044,34.8,0
4/1/2018,40506,M,21,Group G,PT,, ,North,7/27/2012,Hourly, ,<30,613,20.43,0
4/1/2018,40530,M,20,Group A,PT,, ,North,3/26/2014,Hourly, ,<30,6,0.2,0
4/1/2018,40542,M,47,Group D,PT,, ,North,6/21/2005,Hourly, ,30-49,3206,106.87,0
4/1/2018,40548,F,31,Group E,FT,, ,North,5/2/2007,Hourly, ,30-49,2526,84.2,0
4/1/2018,40554,M,68,Group C,PT,, ,North,2/23/2007,Hourly, ,50+,2594,86.47,0
4/1/2018,40754,F,24,Group D,PT,, ,North,8/7/2008,Hourly, ,<30,2063,68.77,0
4/1/2018,41030,F,20,Group F,PT,, ,Midwest,5/16/2013,Hourly, ,<30,320,10.67,0
4/1/2018,41038,M,44,Group F,PT,, ,Midwest,3/16/2012,Hourly, ,30-49,746,24.87,0
4/1/2018,41042,F,37,Group D,PT,, ,Midwest,8/9/2013,Hourly, ,30-49,235,7.83,0
4/1/2018,41046,M,27,Group G,FT,,Yes,Midwest,4/17/2014,Hourly, ,<30,0,0,0
4/1/2018,41050,M,29,Group F,PT,, ,Midwest,12/29/2007,Hourly, ,<30,2285,76.17,0
4/1/2018,41058,F,24,Group C,PT,, ,Midwest,10/26/2011,Hourly, ,<30,888,29.6,0
4/1/2018,41082,F,23,Group F,PT,, ,Midwest,2/18/2010,Hourly, ,<30,1503,50.1,0
4/1/2018,41090,M,19,Group G,PT,,Yes,Midwest,4/25/2014,Hourly, ,<30,0,0,0
4/1/2018,41288,F,22,Group B,FT,, ,Midwest,3/2/2012,Hourly, ,<30,760,25.33,0
4/1/2018,41290,M,21,Group G,PT,, ,Midwest,2/12/2014,Hourly, ,<30,48,1.6,0
4/1/2018,41292,F,22,Group D,PT,, ,Midwest,11/3/2012,Hourly, ,<30,514,17.13,0
4/1/2018,41332,M,26,Group G,FT,, ,Midwest,10/20/2009,Hourly, ,<30,1624,54.13,0
4/1/2018,41344,M,66,Group F,PT,, ,Midwest,8/30/2005,Hourly, ,50+,3136,104.53,0
4/1/2018,41372,F,31,Group G,FT,, ,Midwest,7/26/2013,Hourly, ,30-49,249,8.3,0
4/1/2018,41388,F,22,Group B,FT,, ,South,6/26/2013,Hourly, ,<30,279,9.3,0
4/1/2018,41396,F,19,Group C,PT,, ,South,4/27/2013,Hourly, ,<30,339,11.3,0
4/1/2018,41416,M,21,Group C,PT,, ,South,8/28/2013,Hourly, ,<30,216,7.2,0
4/1/2018,41420,M,20,Group C,PT,, ,South,4/18/2013,Hourly, ,<30,348,11.6,0
4/1/2018,41510,M,25,Group A,PT,, ,South,10/26/2011,Hourly, ,<30,888,29.6,0
4/1/2018,41512,F,21,Group G,PT,, ,South,8/25/2012,Hourly, ,<30,584,19.47,0
4/1/2018,41518,M,52,Group C,PT,, ,South,7/12/2013,Hourly, ,50+,263,8.77,0
4/1/2018,41544,M,47,Group F,PT,, ,South,3/19/2014,Hourly, ,30-49,13,0.43,0
4/1/2018,41692,M,48,Group D,FT,, ,South,11/22/2012,Hourly, ,30-49,495,16.5,0
4/1/2018,41714,M,28,Group G,PT,,Yes,South,4/9/2014,Hourly, ,<30,0,0,0
4/1/2018,42106,M,59,Group B,PT,, ,South,8/23/2012,Hourly, ,50+,586,19.53,0
4/1/2018,42236,M,65,Group G,FT,, ,South,6/15/2011,Hourly, ,50+,1021,34.03,0
4/1/2018,42238,F,21,Group B,PT,, ,South,10/20/2012,Hourly, ,<30,528,17.6,0
4/1/2018,42680,M,63,Group D,PT,, ,South,6/20/2013,Hourly, ,50+,285,9.5,0
4/1/2018,42684,M,25,Group A,FT,, ,South,2/14/2006,Hourly, ,<30,2968,98.93,0
4/1/2018,42708,M,62,Group E,PT,, ,South,10/27/2011,Hourly, ,50+,887,29.57,0
4/1/2018,42804,F,24,Group F,PT,, ,South,9/7/2012,Hourly, ,<30,571,19.03,0
4/1/2018,42892,M,59,Group G,FT,, ,South,6/19/2007,Hourly, ,50+,2478,82.6,0
4/1/2018,42896,M,20,Group B,PT,, ,South,8/14/2013,Hourly, ,<30,230,7.67,0
4/1/2018,42924,F,24,Group E,PT,, ,South,6/23/2011,Hourly, ,<30,1013,33.77,0
4/1/2018,43058,M,37,Group C,PT,, ,South,8/16/2013,Hourly, ,30-49,228,7.6,0
4/1/2018,43128,M,23,Group B,PT,, ,South,2/25/2012,Hourly, ,<30,766,25.53,0
4/1/2018,43130,M,22,Group A,PT,, ,South,2/28/2014,Hourly, ,<30,32,1.07,0
4/1/2018,43134,F,20,Group E,PT,, ,South,7/31/2013,Hourly, ,<30,244,8.13,0
4/1/2018,43160,M,37,Group F,PT,, ,South,1/20/2014,Hourly, ,30-49,71,2.37,0
4/1/2018,43308,M,18,Group C,PT,, ,South,10/31/2012,Hourly, ,<30,517,17.23,0
4/1/2018,43312,M,21,Group F,PT,, ,South,3/14/2014,Hourly, ,<30,18,0.6,0
4/1/2018,43336,M,22,Group E,PT,, ,South,3/31/2012,Hourly, ,<30,731,24.37,0
4/1/2018,43340,F,23,Group G,FT,, ,South,8/20/2013,Hourly, ,<30,224,7.47,0
4/1/2018,43342,F,23,Group F,FT,, ,South,3/31/2012,Hourly, ,<30,731,24.37,0
4/1/2018,43350,M,69,Group E,PT,, ,South,11/6/2013,Hourly, ,50+,146,4.87,0
4/1/2018,43356,F,23,Group B,FT,, ,South,9/2/2009,Hourly, ,<30,1672,55.73,0
4/1/2018,43376,F,48,Group A,PT,, ,North,10/16/2012,Hourly, ,30-49,532,17.73,0
4/1/2018,43380,M,27,Group C,PT,, ,North,7/5/2012,Hourly, ,<30,635,21.17,0
4/1/2018,43414,F,19,Group E,FT,, ,North,9/26/2013,Hourly, ,<30,187,6.23,0
4/1/2018,43428,F,19,Group D,PT,, ,North,8/8/2013,Hourly, ,<30,236,7.87,0
4/1/2018,43430,F,49,Group A,FT,, ,North,9/16/2011,Hourly, ,30-49,928,30.93,0
4/1/2018,43432,F,36,Group C,FT,, ,North,3/10/2011,Hourly, ,30-49,1118,37.27,0
4/1/2018,43438,M,60,Group G,FT,, ,North,7/19/2012,Hourly, ,50+,621,20.7,0
4/1/2018,43440,F,26,Group G,FT,, ,North,5/31/2007,Hourly, ,<30,2497,83.23,0
4/1/2018,43526,M,58,Group C,FT,, ,North,4/26/2008,Hourly, ,50+,2166,72.2,0
4/1/2018,43538,M,26,Group C,PT,, ,North,6/12/2008,Hourly, ,<30,2119,70.63,0
4/1/2018,43570,F,20,Group A,PT,, ,North,11/6/2013,Hourly, ,<30,146,4.87,0
4/1/2018,43606,F,24,Group B,PT,, ,North,8/31/2011,Hourly, ,<30,944,31.47,0
4/1/2018,43610,M,25,Group C,PT,, ,North,3/20/2007,Hourly, ,<30,2569,85.63,0
4/1/2018,43612,M,55,Group G,PT,, ,North,2/27/2007,Hourly, ,50+,2590,86.33,0
4/1/2018,43614,M,61,Group F,PT,, ,North,3/26/2014,Hourly, ,50+,6,0.2,0
4/1/2018,43626,M,19,Group F,PT,, ,North,11/29/2013,Hourly, ,<30,123,4.1,0
4/1/2018,43672,F,23,Group D,FT,, ,North,11/3/2006,Hourly, ,<30,2706,90.2,0
4/1/2018,43678,M,60,Group A,FT,, ,North,4/9/2007,Hourly, ,50+,2549,84.97,0
4/1/2018,43682,M,64,Group F,PT,, ,North,11/13/2013,Hourly, ,50+,139,4.63,0
4/1/2018,43728,F,23,Group D,PT,, ,North,10/3/2011,Hourly, ,<30,911,30.37,0
4/1/2018,43738,M,23,Group D,PT,, ,North,6/22/2010,Hourly, ,<30,1379,45.97,0
4/1/2018,43784,F,21,Group B,PT,, ,Midwest,8/15/2013,Hourly, ,<30,229,7.63,0
4/1/2018,43790,F,65,Group D,FT,, ,Midwest,8/1/2009,Hourly, ,50+,1704,56.8,0
4/1/2018,43796,F,26,Group A,FT,, ,Midwest,3/19/2014,Hourly, ,<30,13,0.43,0
4/1/2018,43802,M,58,Group C,PT,, ,Midwest,3/19/2014,Hourly, ,50+,13,0.43,0
4/1/2018,43804,M,33,Group E,FT,, ,Midwest,3/19/2014,Hourly, ,30-49,13,0.43,0
4/1/2018,43806,M,21,Group C,PT,, ,Midwest,3/19/2014,Hourly, ,<30,13,0.43,0
4/1/2018,43808,M,62,Group D,PT,, ,Midwest,3/25/2014,Hourly, ,50+,7,0.23,0
4/1/2018,43918,M,50,Group A,PT,, ,Midwest,3/9/2010,Hourly, ,50+,1484,49.47,0
4/1/2018,43926,F,19,Group B,PT,, ,Midwest,10/4/2011,Hourly, ,<30,910,30.33,0
4/1/2018,43990,M,20,Group A,PT,, ,Midwest,9/19/2013,Hourly, ,<30,194,6.47,0
4/1/2018,44032,F,23,Group A,PT,, ,Midwest,10/28/2013,Hourly, ,<30,155,5.17,0
4/1/2018,44038,M,47,Group G,PT,, ,Midwest,10/12/2013,Hourly, ,30-49,171,5.7,0
4/1/2018,44044,M,63,Group A,PT,, ,Midwest,2/13/2007,Hourly, ,50+,2604,86.8,0
4/1/2018,44046,F,22,Group D,PT,, ,Midwest,3/26/2014,Hourly, ,<30,6,0.2,0
4/1/2018,44062,M,32,Group C,FT,, ,Midwest,8/12/2006,Hourly, ,30-49,2789,92.97,0
4/1/2018,44066,M,21,Group C,FT,, ,Midwest,3/26/2013,Hourly, ,<30,371,12.37,0
4/1/2018,44110,M,27,Group D,PT,, ,Midwest,6/24/2009,Hourly, ,<30,1742,58.07,0
4/1/2018,44114,M,20,Group G,PT,, ,Midwest,7/11/2013,Hourly, ,<30,264,8.8,0
4/1/2018,49036,M,55,Group G,FT,, ,Central,10/13/2005,Hourly, ,50+,3092,103.07,0
4/1/2018,49040,F,48,Group F,PT,, ,South,6/2/2010,Hourly, ,30-49,1399,46.63,0
4/1/2018,49142,M,34,Group A,PT,, ,Midwest,3/22/2008,Hourly, ,30-49,2201,73.37,0
4/1/2018,49164,F,53,Group A,FT,, ,South,4/17/2008,Hourly, ,50+,2175,72.5,0
4/1/2018,49188,F,51,Group B,FT,, ,Midwest,3/10/1981,Hourly, ,50+,12075,402.5,0
4/1/2018,49216,F,41,Group D,FT,, ,Central,5/15/2013,Hourly, ,30-49,321,10.7,0
4/1/2018,49232,M,51,Group E,FT,, ,Northwest,7/5/2012,Hourly, ,50+,635,21.17,0
4/1/2018,49284,F,19,Group A,PT,, ,Northwest,11/2/2012,Hourly, ,<30,515,17.17,0
4/1/2018,49296,M,40,Group F,PT,, ,Northwest,12/6/2011,Hourly, ,30-49,847,28.23,0
4/1/2018,49302,F,22,Group A,PT,, ,North,12/13/2007,Hourly, ,<30,2301,76.7,0
4/1/2018,49368,M,24,Group E,PT,, ,West,11/14/2012,Hourly, ,<30,503,16.77,0
4/1/2018,49376,F,31,Group G,FT,, ,West,1/9/2013,Hourly, ,30-49,447,14.9,0
4/1/2018,49416,M,32,Group E,PT,, ,Central,11/2/2011,Hourly, ,30-49,881,29.37,0
4/1/2018,49444,M,28,Group F,PT,, ,South,9/21/2012,Hourly, ,<30,557,18.57,0
4/1/2018,49550,M,49,Group G,FT,, ,West,3/16/2008,Hourly, ,30-49,2207,73.57,0
4/1/2018,49576,F,58,Group E,PT,, ,West,11/1/2012,Hourly, ,50+,516,17.2,0
4/1/2018,49666,F,34,Group A,FT,, ,Midwest,1/26/2007,Hourly, ,30-49,2622,87.4,0
4/1/2018,49716,F,62,Group E,FT,, ,Central,7/27/2007,Hourly, ,50+,2440,81.33,0
4/1/2018,49748,F,52,Group E,FT,, ,Northwest,11/21/2001,Hourly, ,50+,4514,150.47,0
4/1/2018,49776,F,29,Group A,FT,, ,North,7/12/2006,Hourly, ,<30,2820,94,0
4/1/2018,49794,F,43,Group G,FT,, ,South,1/18/1989,Hourly, ,30-49,9204,306.8,0
4/1/2018,49832,F,30,Group F,FT,, ,West,7/14/2004,Hourly, ,30-49,3548,118.27,0
4/1/2018,49848,M,47,Group B,FT,, ,West,3/15/2012,Hourly, ,30-49,747,24.9,0
4/1/2018,49908,F,23,Group F,PT,, ,Central,12/6/2013,Hourly, ,<30,116,3.87,0
4/1/2018,49932,F,23,Group E,PT,, ,Central,10/18/2013,Hourly, ,<30,165,5.5,0
4/1/2018,49966,F,19,Group G,PT,, ,Northwest,3/11/2014,Hourly, ,<30,21,0.7,0
4/1/2018,49976,F,21,Group B,PT,, ,West,8/9/2012,Hourly, ,<30,600,20,0
4/1/2018,50272,M,22,Group F,FT,, ,North,3/20/2012,Hourly, ,<30,742,24.73,0
4/1/2018,50278,F,57,Group F,FT,, ,North,10/13/2000,Hourly, ,50+,4918,163.93,0
4/1/2018,50282,F,55,Group D,PT,, ,South,10/15/2002,Hourly, ,50+,4186,139.53,0
4/1/2018,50294,F,21,Group E,PT,, ,Central,11/19/2013,Hourly, ,<30,133,4.43,0
4/1/2018,50304,F,32,Group F,FT,, ,Central,7/23/2009,Hourly, ,30-49,1713,57.1,0
4/1/2018,50306,F,44,Group C,FT,, ,Central,11/8/2005,Hourly, ,30-49,3066,102.2,0
4/1/2018,50312,F,46,Group D,FT,, ,Northwest,8/31/2012,Hourly, ,30-49,578,19.27,0
4/1/2018,50318,F,43,Group A,FT,, ,Midwest,9/13/2005,Hourly, ,30-49,3122,104.07,0
4/1/2018,50322,F,30,Group G,FT,, ,West,12/1/2007,Hourly, ,30-49,2313,77.1,0
4/1/2018,50332,M,23,Group B,PT,, ,North,12/18/2012,Hourly, ,<30,469,15.63,0
4/1/2018,50336,F,30,Group A,FT,, ,West,9/15/2005,Hourly, ,30-49,3120,104,0
4/1/2018,50340,F,27,Group F,FT,, ,Northwest,6/24/2012,Hourly, ,<30,646,21.53,0
4/1/2018,50342,F,33,Group C,FT,, ,Central,5/1/2008,Hourly, ,30-49,2161,72.03,0
4/1/2018,50378,F,36,Group A,FT,, ,North,9/7/2012,Hourly, ,30-49,571,19.03,0
4/1/2018,50384,F,23,Group A,PT,, ,Midwest,9/13/2011,Hourly, ,<30,931,31.03,0
4/1/2018,50386,F,23,Group A,FT,, ,North,9/11/2010,Hourly, ,<30,1298,43.27,0
4/1/2018,50396,F,22,Group A,FT,, ,Midwest,10/11/2012,Hourly, ,<30,537,17.9,0
4/1/2018,50426,F,43,Group E,FT,, ,Northwest,6/30/2004,Hourly, ,30-49,3562,118.73,0
4/1/2018,50438,F,59,Group G,FT,, ,West,3/29/2005,Hourly, ,50+,3290,109.67,0
4/1/2018,50470,F,58,Group D,FT,, ,Midwest,11/21/1974,Hourly, ,50+,14376,479.2,0
4/1/2018,50472,F,24,Group B,PT,, ,West,9/13/2011,Hourly, ,<30,931,31.03,0
4/1/2018,50812,M,22,Group B,PT,, ,Northwest,2/23/2013,Hourly, ,<30,402,13.4,0
4/1/2018,50838,M,25,Group G,FT,, ,West,4/23/2010,Hourly, ,<30,1439,47.97,0
4/1/2018,50850,M,19,Group F,PT,,Yes,Northwest,4/26/2014,Hourly, ,<30,0,0,0
4/1/2018,50854,M,20,Group F,PT,, ,Northwest,7/18/2013,Hourly, ,<30,257,8.57,0
4/1/2018,50860,M,33,Group E,PT,,Yes,Central,4/30/2014,Hourly, ,30-49,0,0,0
4/1/2018,50884,F,57,Group E,FT,, ,North,4/15/2005,Hourly, ,50+,3273,109.1,0
4/1/2018,51010,M,35,Group B,FT,, ,West,8/5/2009,Hourly, ,30-49,1700,56.67,0
4/1/2018,51134,M,24,Group B,PT,, ,Central,8/7/2013,Hourly, ,<30,237,7.9,0
4/1/2018,51146,F,36,Group D,FT,, ,Central,6/24/1995,Hourly, ,30-49,6856,228.53,0
4/1/2018,51166,F,24,Group E,PT,, ,Central,5/10/2013,Hourly, ,<30,326,10.87,0
4/1/2018,51184,F,29,Group C,PT,, ,Central,3/5/2014,Hourly, ,<30,27,0.9,0
4/1/2018,51236,F,71,Group B,FT,, ,Central,4/15/2004,Hourly, ,50+,3638,121.27,0
4/1/2018,51312,M,28,Group D,FT,, ,Northwest,9/22/2004,Hourly, ,<30,3478,115.93,0
4/1/2018,51316,F,68,Group C,FT,, ,Northwest,10/30/2007,Hourly, ,50+,2345,78.17,0
4/1/2018,51324,M,31,Group B,FT,, ,Northwest,3/18/2004,Hourly, ,30-49,3666,122.2,0
4/1/2018,51338,M,46,Group A,FT,, ,Northwest,11/2/2012,Hourly, ,30-49,515,17.17,0
4/1/2018,51340,F,23,Group G,PT,, ,Northwest,6/6/2013,Hourly, ,<30,299,9.97,0
4/1/2018,51548,M,50,Group B,FT,, ,Central,12/14/2008,Hourly, ,50+,1934,64.47,0
4/1/2018,51622,F,41,Group D,FT,, ,Central,6/23/1998,Hourly, ,30-49,5761,192.03,0
4/1/2018,51690,F,21,Group A,PT,, ,West,11/15/2013,Hourly, ,<30,137,4.57,0
4/1/2018,51776,M,26,Group A,PT,, ,West,6/26/2013,Hourly, ,<30,279,9.3,0
4/1/2018,51812,M,60,Group E,PT,, ,West,11/15/2013,Hourly, ,50+,137,4.57,0
4/1/2018,51916,F,57,Group C,FT,, ,South,5/13/2003,Hourly, ,50+,3976,132.53,0
4/1/2018,51922,M,51,Group G,FT,, ,South,8/12/2004,Hourly, ,50+,3519,117.3,0
4/1/2018,51974,F,25,Group E,PT,, ,Northwest,8/2/2011,Hourly, ,<30,973,32.43,0
4/1/2018,51994,M,58,Group E,PT,, ,Northwest,11/10/2004,Hourly, ,50+,3429,114.3,0
4/1/2018,52004,M,23,Group B,PT,, ,Northwest,1/25/2013,Hourly, ,<30,431,14.37,0
4/1/2018,52010,M,35,Group F,PT,, ,Northwest,5/1/2003,Hourly, ,30-49,3988,132.93,0
4/1/2018,52018,M,44,Group F,FT,, ,Northwest,1/10/2012,Hourly, ,30-49,812,27.07,0
4/1/2018,52020,M,36,Group E,FT,, ,Northwest,2/6/2014,Hourly, ,30-49,54,1.8,0
4/1/2018,52024,M,20,Group E,PT,, ,Northwest,8/15/2013,Hourly, ,<30,229,7.63,0
4/1/2018,52238,M,44,Group E,PT,, ,Northwest,7/13/2005,Hourly, ,30-49,3184,106.13,0
4/1/2018,52248,M,43,Group B,FT,, ,West,11/16/2011,Hourly, ,30-49,867,28.9,0
4/1/2018,52290,M,64,Group G,PT,, ,West,10/30/2007,Hourly, ,50+,2345,78.17,0
4/1/2018,52292,M,35,Group D,FT,, ,West,6/7/2005,Hourly, ,30-49,3220,107.33,0
4/1/2018,52304,M,22,Group D,PT,, ,Northwest,10/24/2013,Hourly, ,<30,159,5.3,0
4/1/2018,52332,M,61,Group C,PT,, ,South,1/22/2002,Hourly, ,50+,4452,148.4,0
4/1/2018,52424,M,54,Group C,PT,, ,Central,5/23/2013,Hourly, ,50+,313,10.43,0
4/1/2018,52446,M,24,Group B,PT,, ,Northwest,2/15/2013,Hourly, ,<30,410,13.67,0
4/1/2018,52536,M,43,Group D,FT,, ,Central,11/25/2003,Hourly, ,30-49,3780,126,0
4/1/2018,52566,M,57,Group B,FT,, ,Central,9/23/2009,Hourly, ,50+,1651,55.03,0
4/1/2018,52576,M,42,Group C,PT,, ,Central,10/19/2012,Hourly, ,30-49,529,17.63,0
4/1/2018,52652,M,47,Group A,FT,, ,Northwest,11/15/2013,Hourly, ,30-49,137,4.57,0
4/1/2018,52682,M,42,Group G,PT,, ,Central,4/4/2002,Hourly, ,30-49,4380,146,0
4/1/2018,52698,M,51,Group E,PT,, ,West,5/7/2013,Hourly, ,50+,329,10.97,0
4/1/2018,52764,M,31,Group F,FT,, ,Central,4/6/2010,Hourly, ,30-49,1456,48.53,0
4/1/2018,52770,F,20,Group E,PT,, ,Northwest,7/12/2012,Hourly, ,<30,628,20.93,0
4/1/2018,52782,F,19,Group E,PT,, ,East,1/3/2014,Hourly, ,<30,88,2.93,0
4/1/2018,52824,F,38,Group E,FT,, ,Northwest,3/6/2014,Salary, ,30-49,26,0.87,0
4/1/2018,52826,M,56,Group C,FT,, ,Northwest,3/1/2006,Hourly, ,50+,2953,98.43,0
4/1/2018,52834,M,23,Group G,FT,, ,Northwest,1/25/2012,Salary, ,<30,797,26.57,0
4/1/2018,52926,F,46,Group A,PT,, ,North,5/11/1988,Hourly, ,30-49,9456,315.2,0
4/1/2018,52934,M,27,Group B,PT,, ,North,4/14/2007,Hourly, ,<30,2544,84.8,0
4/1/2018,52954,M,52,Group G,FT,, ,North,2/28/1989,Salary, ,50+,9163,305.43,0
4/1/2018,52968,M,37,Group F,FT,, ,North,3/28/2007,Salary, ,30-49,2561,85.37,0
4/1/2018,52970,M,38,Group A,FT,, ,North,10/12/1996,Salary, ,30-49,6380,212.67,0
4/1/2018,52980,M,70,Group A,PT,, ,North,6/1/2011,Hourly, ,50+,1035,34.5,0
4/1/2018,52982,M,28,Group G,FT,, ,North,6/29/2006,Hourly, ,<30,2833,94.43,0
4/1/2018,52984,M,46,Group A,FT,, ,North,11/10/1988,Hourly, ,30-49,9273,309.1,0
4/1/2018,52986,F,20,Group C,PT,, ,North,7/13/2012,Hourly, ,<30,627,20.9,0
4/1/2018,53004,M,35,Group A,FT,, ,North,11/26/1998,Hourly, ,30-49,5605,186.83,0
4/1/2018,53166,M,25,Group A,FT,, ,Midwest,3/25/2014,Salary, ,<30,7,0.23,0
4/1/2018,53176,F,46,Group G,FT,, ,Midwest,11/25/1992,Hourly, ,30-49,7797,259.9,0
4/1/2018,53218,M,68,Group C,PT,, ,Midwest,5/15/2009,Hourly, ,50+,1782,59.4,0
4/1/2018,53250,F,45,Group E,FT,, ,South,5/4/2010,Salary, ,30-49,1428,47.6,0
4/1/2018,53260,M,21,Group E,PT,, ,South,3/19/2014,Hourly, ,<30,13,0.43,0
4/1/2018,53266,M,52,Group F,FT,, ,South,6/11/1991,Hourly, ,50+,8330,277.67,0
4/1/2018,53290,F,22,Group G,PT,, ,South,8/15/2012,Hourly, ,<30,594,19.8,0
4/1/2018,53292,F,41,Group E,FT,, ,South,6/4/1993,Salary, ,30-49,7606,253.53,0
4/1/2018,53356,F,38,Group C,FT,, ,South,2/17/2014,Salary, ,30-49,43,1.43,0
4/1/2018,53368,F,38,Group G,FT,, ,South,3/23/2012,Hourly, ,30-49,739,24.63,0
4/1/2018,53370,M,46,Group D,FT,, ,South,5/20/1986,Salary, ,30-49,10178,339.27,0
4/1/2018,53396,F,21,Group E,FT,, ,South,2/7/2014,Hourly, ,<30,53,1.77,0
4/1/2018,53402,F,34,Group B,FT,, ,South,8/20/2009,Salary, ,30-49,1685,56.17,0
4/1/2018,53410,F,37,Group G,FT,, ,South,11/8/2013,Hourly, ,30-49,144,4.8,0
4/1/2018,53412,M,49,Group F,FT,, ,South,4/25/2006,Salary, ,30-49,2898,96.6,0
4/1/2018,53554,F,32,Group F,FT,, ,Central,3/28/2006,Salary, ,30-49,2926,97.53,0
4/1/2018,53612,F,54,Group E,FT,, ,Central,10/2/2001,Salary, ,50+,4564,152.13,0
4/1/2018,53616,F,22,Group C,PT,, ,Central,8/15/2013,Hourly, ,<30,229,7.63,0
4/1/2018,53652,M,42,Group A,FT,, ,Central,12/21/1990,Salary, ,30-49,8502,283.4,0
4/1/2018,53726,F,27,Group F,PT,, ,Central,4/12/2012,Hourly, ,<30,719,23.97,0
4/1/2018,53744,F,29,Group E,FT,, ,Central,12/10/2013,Salary, ,<30,112,3.73,0
4/1/2018,53750,M,25,Group C,PT,,Yes,Central,4/30/2014,Hourly, ,<30,0,0,0
4/1/2018,53752,M,41,Group A,PT,, ,Central,11/20/2007,Hourly, ,30-49,2324,77.47,0
4/1/2018,53804,F,28,Group B,FT,, ,Central,10/31/2005,Hourly, ,<30,3074,102.47,0
4/1/2018,53826,F,51,Group G,FT,, ,West,8/29/2006,Salary, ,50+,2772,92.4,0
4/1/2018,53838,M,46,Group A,FT,, ,West,11/28/2013,Salary, ,30-49,124,4.13,0
4/1/2018,53868,M,53,Group G,PT,, ,West,12/1/2013,Hourly, ,50+,121,4.03,0
4/1/2018,53874,F,24,Group D,PT,, ,West,11/1/2013,Hourly, ,<30,151,5.03,0
4/1/2018,53876,F,29,Group E,FT,, ,West,8/22/2013,Hourly, ,<30,222,7.4,0
4/1/2018,53938,F,20,Group F,PT,, ,West,5/9/2013,Hourly, ,<30,327,10.9,0
4/1/2018,53952,M,19,Group B,PT,, ,West,7/6/2013,Hourly, ,<30,269,8.97,0
4/1/2018,53988,F,23,Group D,PT,, ,West,1/26/2012,Hourly, ,<30,796,26.53,0
4/1/2018,53992,F,62,Group D,FT,, ,West,2/23/2007,Hourly, ,50+,2594,86.47,0
4/1/2018,54048,M,45,Group A,FT,, ,West,6/27/2004,Salary, ,30-49,3565,118.83,0
4/1/2018,54064,F,44,Group B,FT,, ,West,5/14/2011,Salary, ,30-49,1053,35.1,0
4/1/2018,54082,M,51,Group G,FT,, ,West,8/23/2007,Hourly, ,50+,2413,80.43,0
4/1/2018,54100,M,55,Group B,FT,, ,West,12/15/2007,Hourly, ,50+,2299,76.63,0
4/1/2018,54304,M,25,Group E,PT,, ,South,6/8/2011,Hourly, ,<30,1028,34.27,0
4/1/2018,54306,M,38,Group D,PT,, ,South,10/12/2011,Hourly, ,30-49,902,30.07,0
4/1/2018,54316,M,24,Group B,PT,, ,Northwest,9/13/2006,Hourly, ,<30,2757,91.9,0
4/1/2018,54338,M,28,Group B,FT,, ,North,1/6/2011,Hourly, ,<30,1181,39.37,0
4/1/2018,54356,M,22,Group E,FT,, ,South,4/27/2012,Hourly, ,<30,704,23.47,0
4/1/2018,54366,M,22,Group D,PT,, ,West,7/7/2013,Hourly, ,<30,268,8.93,0
4/1/2018,54372,F,38,Group G,FT,, ,North,1/10/2012,Salary, ,30-49,812,27.07,0
4/1/2018,54384,F,27,Group G,FT,, ,North,1/23/2013,Salary, ,<30,433,14.43,0
4/1/2018,54472,F,69,Group B,FT,, ,Northwest,8/27/2002,Salary, ,50+,4235,141.17,0
4/1/2018,54504,M,41,Group F,FT,, ,North,3/15/2014,Hourly, ,30-49,17,0.57,0
4/1/2018,54506,M,28,Group D,FT,, ,East,12/3/2013,Salary, ,<30,119,3.97,0
4/1/2018,54510,M,45,Group C,FT,, ,Northwest,10/30/2007,Hourly, ,30-49,2345,78.17,0
4/1/2018,54518,M,21,Group D,FT,, ,North,11/8/2013,Hourly, ,<30,144,4.8,0
4/1/2018,54526,M,29,Group B,FT,, ,East,1/8/2014,Hourly, ,<30,83,2.77,0
4/1/2018,54528,F,23,Group B,PT,, ,Midwest,12/15/2011,Hourly, ,<30,838,27.93,0
4/1/2018,54552,M,46,Group C,PT,, ,Midwest,10/19/2012,Hourly, ,30-49,529,17.63,0
4/1/2018,54556,M,22,Group F,PT,, ,South,3/2/2012,Hourly, ,<30,760,25.33,0
4/1/2018,54564,M,21,Group B,PT,, ,South,9/2/2012,Hourly, ,<30,576,19.2,0
4/1/2018,54582,M,49,Group F,PT,, ,Northwest,1/4/2013,Hourly, ,30-49,452,15.07,0
4/1/2018,54614,M,21,Group D,PT,, ,South,10/25/2012,Hourly, ,<30,523,17.43,0
4/1/2018,54636,F,21,Group A,PT,,Yes,Northwest,4/15/2014,Hourly, ,<30,0,0,0
4/1/2018,54662,M,22,Group F,PT,, ,North,2/28/2013,Hourly, ,<30,397,13.23,0
4/1/2018,54890,F,64,Group A,FT,, ,West,4/5/2005,Hourly, ,50+,3283,109.43,0
4/1/2018,54894,F,23,Group F,PT,, ,West,4/26/2013,Hourly, ,<30,340,11.33,0
4/1/2018,54906,F,23,Group F,PT,, ,Midwest,3/15/2012,Hourly, ,<30,747,24.9,0
4/1/2018,54918,F,21,Group C,PT,, ,Midwest,5/31/2013,Hourly, ,<30,305,10.17,0
4/1/2018,55442,F,74,Group G,FT,, ,West,3/11/2003,Hourly, ,50+,4039,134.63,0
4/1/2018,55468,F,20,Group A,PT,, ,West,5/10/2012,Hourly, ,<30,691,23.03,0
4/1/2018,55512,M,55,Group G,PT,, ,West,9/7/2012,Hourly, ,50+,571,19.03,0
4/1/2018,55514,M,24,Group D,PT,, ,West,4/15/2011,Hourly, ,<30,1082,36.07,0
4/1/2018,55566,M,22,Group A,PT,, ,Northwest,8/29/2013,Hourly, ,<30,215,7.17,0
4/1/2018,55578,M,30,Group B,PT,, ,Northwest,11/7/2012,Hourly, ,30-49,510,17,0
4/1/2018,55588,M,43,Group F,PT,, ,Northwest,1/24/2014,Hourly, ,30-49,67,2.23,0
4/1/2018,55620,F,19,Group C,PT,,Yes,Northwest,4/16/2014,Hourly, ,<30,0,0,0
4/1/2018,55632,F,62,Group B,FT,, ,Northwest,9/13/2011,Hourly, ,50+,931,31.03,0
4/1/2018,55646,M,20,Group A,FT,, ,Northwest,11/13/2013,Hourly, ,<30,139,4.63,0
4/1/2018,55648,M,56,Group B,FT,, ,Northwest,7/14/2004,Hourly, ,50+,3548,118.27,0
4/1/2018,55650,M,23,Group E,PT,, ,North,9/26/2008,Hourly, ,<30,2013,67.1,0
4/1/2018,55666,M,21,Group D,PT,, ,South,7/13/2011,Hourly, ,<30,993,33.1,0
4/1/2018,55700,F,52,Group B,FT,, ,Central,8/30/2005,Hourly, ,50+,3136,104.53,0
4/1/2018,55704,M,52,Group G,FT,, ,Central,5/10/2005,Hourly, ,50+,3248,108.27,0
4/1/2018,55714,M,21,Group D,PT,, ,Central,2/28/2014,Hourly, ,<30,32,1.07,0
4/1/2018,55722,M,40,Group C,PT,, ,Central,5/4/2010,Hourly, ,30-49,1428,47.6,0
4/1/2018,55726,M,42,Group E,FT,, ,Central,10/23/2008,Hourly, ,30-49,1986,66.2,0
4/1/2018,55730,M,22,Group A,PT,, ,Central,8/27/2010,Hourly, ,<30,1313,43.77,0
4/1/2018,55734,M,46,Group F,PT,, ,Central,4/30/2008,Hourly, ,30-49,2162,72.07,0
4/1/2018,55750,M,40,Group A,FT,, ,Central,8/24/2011,Hourly, ,30-49,951,31.7,0
4/1/2018,55770,M,30,Group E,PT,, ,North,8/11/2000,Hourly, ,30-49,4981,166.03,0
4/1/2018,55776,F,24,Group E,PT,, ,South,2/1/2012,Hourly, ,<30,790,26.33,0
4/1/2018,55778,M,43,Group B,PT,, ,South,5/18/2011,Hourly, ,30-49,1049,34.97,0
4/1/2018,55780,M,64,Group A,PT,, ,North,8/18/2011,Hourly, ,50+,957,31.9,0
4/1/2018,56246,M,34,Group E,PT,, ,Central,10/4/2001,Hourly, ,30-49,4562,152.07,0
4/1/2018,56276,M,24,Group G,PT,, ,Central,5/21/2013,Hourly, ,<30,315,10.5,0
4/1/2018,56292,F,33,Group G,FT,, ,Central,12/11/2007,Hourly, ,30-49,2303,76.77,0
4/1/2018,56296,M,56,Group D,FT,, ,Central,3/26/2010,Hourly, ,50+,1467,48.9,0
4/1/2018,56314,M,49,Group C,PT,, ,Central,8/9/2012,Hourly, ,30-49,600,20,0
4/1/2018,56318,M,32,Group C,PT,,Yes,Central,4/25/2014,Hourly, ,30-49,0,0,0
4/1/2018,56320,M,26,Group A,PT,,Yes,Central,4/23/2014,Hourly, ,<30,0,0,0
4/1/2018,56330,M,53,Group E,FT,, ,West,11/17/2009,Hourly, ,50+,1596,53.2,0
4/1/2018,56334,F,25,Group G,PT,, ,West,3/27/2013,Hourly, ,<30,370,12.33,0
4/1/2018,56354,M,68,Group D,PT,, ,West,8/9/2011,Hourly, ,50+,966,32.2,0
4/1/2018,56358,M,64,Group E,PT,, ,West,2/23/2007,Hourly, ,50+,2594,86.47,0
4/1/2018,56360,M,22,Group B,PT,, ,West,10/17/2013,Hourly, ,<30,166,5.53,0
4/1/2018,56424,M,40,Group D,PT,, ,Northwest,11/6/2013,Hourly, ,30-49,146,4.87,0
4/1/2018,56446,M,20,Group F,PT,, ,Northwest,9/28/2013,Hourly, ,<30,185,6.17,0
4/1/2018,56456,M,20,Group E,PT,, ,Northwest,6/28/2013,Hourly, ,<30,277,9.23,0
4/1/2018,56464,M,58,Group D,PT,,Yes,Northwest,4/17/2014,Hourly, ,50+,0,0,0
4/1/2018,56472,M,20,Group F,PT,, ,Northwest,10/17/2013,Hourly, ,<30,166,5.53,0
4/1/2018,56490,M,66,Group G,FT,, ,South,10/19/1988,Hourly, ,50+,9295,309.83,0
4/1/2018,56498,M,51,Group C,FT,, ,Midwest,1/27/2000,Hourly, ,50+,5178,172.6,0
4/1/2018,56508,F,29,Group F,FT,, ,Midwest,8/4/2004,Hourly, ,<30,3527,117.57,0
4/1/2018,56516,M,50,Group E,FT,, ,Midwest,9/20/1984,Hourly, ,50+,10785,359.5,0
4/1/2018,56526,M,63,Group C,FT,, ,South,6/30/1987,Hourly, ,50+,9772,325.73,0
4/1/2018,91744,F,30,Group F,FT,, ,North,12/19/2006,Salary, ,30-49,2660,88.67,0
4/1/2018,91790,M,20,Group A,PT,, ,North,1/4/2013,Hourly, ,<30,452,15.07,0
4/1/2018,91824,M,24,Group D,FT,, ,North,5/24/2008,Hourly, ,<30,2138,71.27,0
4/1/2018,92018,F,61,Group D,FT,, ,East,11/7/2012,Hourly, ,50+,510,17,0
4/1/2018,92056,F,52,Group F,FT,, ,East,3/21/2006,Hourly, ,50+,2933,97.77,0
4/1/2018,92072,F,52,Group B,FT,, ,East,8/26/2008,Salary, ,50+,2044,68.13,0
4/1/2018,92166,F,59,Group D,FT,, ,East,1/17/2006,Hourly, ,50+,2996,99.87,0
4/1/2018,92168,F,43,Group B,FT,, ,East,5/13/2003,Hourly, ,30-49,3976,132.53,0
4/1/2018,92240,M,30,Group D,PT,, ,East,5/7/2008,Hourly, ,30-49,2155,71.83,0
4/1/2018,92246,F,38,Group B,FT,, ,East,10/5/2010,Salary, ,30-49,1274,42.47,0
4/1/2018,92250,M,55,Group C,FT,, ,East,9/8/1981,Salary, ,50+,11893,396.43,0
4/1/2018,92254,M,53,Group F,FT,, ,East,11/15/2011,Salary, ,50+,868,28.93,0
4/1/2018,92258,F,61,Group C,FT,, ,East,12/13/2011,Hourly, ,50+,840,28,0
4/1/2018,92260,M,51,Group B,FT,, ,East,6/27/2008,Hourly, ,50+,2104,70.13,0
4/1/2018,92270,F,39,Group F,FT,, ,East,3/28/2006,Salary, ,30-49,2926,97.53,0
4/1/2018,92276,F,31,Group E,FT,,Yes,East,4/15/2014,Salary, ,30-49,0,0,0
4/1/2018,92282,F,30,Group E,FT,, ,East,12/1/2009,Salary, ,30-49,1582,52.73,0
4/1/2018,92290,F,44,Group F,FT,, ,East,10/29/2013,Salary, ,30-49,154,5.13,0
4/1/2018,92292,F,31,Group F,FT,, ,East,8/2/2011,Salary, ,30-49,973,32.43,0
4/1/2018,92302,M,37,Group E,FT,, ,East,3/1/2008,Salary, ,30-49,2222,74.07,0
4/1/2018,92310,M,39,Group B,FT,, ,East,6/25/2008,Salary, ,30-49,2106,70.2,0
4/1/2018,92324,F,28,Group F,FT,, ,East,6/2/2005,Salary, ,<30,3225,107.5,0
4/1/2018,92328,F,37,Group A,FT,, ,East,2/4/2009,Salary, ,30-49,1882,62.73,0
4/1/2018,92332,F,46,Group G,FT,, ,East,2/21/2006,Salary, ,30-49,2961,98.7,0
4/1/2018,92334,M,47,Group F,FT,, ,East,1/7/2009,Salary, ,30-49,1910,63.67,0
4/1/2018,92336,F,40,Group E,FT,, ,East,2/25/2009,Salary, ,30-49,1861,62.03,0
4/1/2018,92338,F,51,Group F,FT,, ,East,8/11/2009,Salary, ,50+,1694,56.47,0
4/1/2018,92340,F,30,Group B,FT,, ,East,9/29/2009,Salary, ,30-49,1645,54.83,0
4/1/2018,92352,F,54,Group C,FT,, ,East,8/9/2011,Hourly, ,50+,966,32.2,0
4/1/2018,92354,F,53,Group D,FT,, ,East,8/6/2013,Hourly, ,50+,238,7.93,0
4/1/2018,92358,F,58,Group C,FT,, ,East,5/14/2002,Hourly, ,50+,4340,144.67,0
4/1/2018,92366,F,62,Group F,FT,, ,East,4/4/2006,Hourly, ,50+,2919,97.3,0
4/1/2018,92386,F,46,Group F,FT,, ,East,4/3/2013,Hourly, ,30-49,363,12.1,0
4/1/2018,92404,F,31,Group D,FT,, ,East,9/6/2013,Hourly, ,30-49,207,6.9,0
4/1/2018,92420,M,27,Group D,FT,, ,East,6/23/2004,Hourly, ,<30,3569,118.97,0
4/1/2018,92438,F,53,Group B,FT,, ,East,12/18/2007,Hourly, ,50+,2296,76.53,0
4/1/2018,92440,F,39,Group B,FT,, ,East,2/7/2012,Hourly, ,30-49,784,26.13,0
4/1/2018,92484,F,32,Group C,FT,, ,East,4/28/2011,Salary, ,30-49,1069,35.63,0
4/1/2018,95692,M,50,Group F,FT,, ,East,9/2/2009,Salary, ,50+,1672,55.73,0
4/1/2018,95694,M,34,Group A,FT,, ,East,7/21/2005,Salary, ,30-49,3176,105.87,0
4/1/2018,95696,F,56,Group E,FT,, ,East,11/3/1987,Salary, ,50+,9646,321.53,0
4/1/2018,95710,F,26,Group F,FT,, ,East,2/9/2012,Salary, ,<30,782,26.07,0
4/1/2018,95712,F,23,Group A,FT,,Yes,East,4/29/2014,Salary, ,<30,0,0,0
4/1/2018,95716,M,29,Group F,FT,, ,East,7/23/2013,Salary, ,<30,252,8.4,0
4/1/2018,95722,F,38,Group A,FT,, ,East,4/2/2013,Salary, ,30-49,364,12.13,0
4/1/2018,95726,F,38,Group D,FT,, ,East,7/23/2013,Salary, ,30-49,252,8.4,0
4/1/2018,95728,M,52,Group F,FT,, ,East,5/28/2003,Salary, ,50+,3961,132.03,0
4/1/2018,95730,F,30,Group D,FT,, ,East,6/24/2008,Salary, ,30-49,2107,70.23,0
4/1/2018,95738,M,38,Group C,FT,,Yes,East,4/15/2014,Salary, ,30-49,0,0,0
4/1/2018,95740,M,35,Group E,FT,, ,East,8/13/2008,Salary, ,30-49,2057,68.57,0
4/1/2018,95744,F,51,Group B,FT,, ,East,3/3/1987,Salary, ,50+,9891,329.7,0
4/1/2018,95752,F,32,Group D,FT,, ,East,12/1/2006,Salary, ,30-49,2678,89.27,0
4/1/2018,95754,M,58,Group G,FT,, ,East,6/6/2006,Salary, ,50+,2856,95.2,0
4/1/2018,95762,F,37,Group D,FT,, ,East,8/27/2008,Salary, ,30-49,2043,68.1,0
4/1/2018,95770,F,26,Group F,FT,, ,East,5/29/2013,Salary, ,<30,307,10.23,0
4/1/2018,95772,F,54,Group A,FT,, ,East,5/15/1984,Salary, ,50+,10913,363.77,0
4/1/2018,95782,F,42,Group E,FT,, ,East,9/17/2008,Salary, ,30-49,2022,67.4,0
4/1/2018,95784,M,43,Group F,FT,, ,East,7/17/2007,Salary, ,30-49,2450,81.67,0
4/1/2018,95788,F,52,Group G,FT,, ,East,1/5/2010,Salary, ,50+,1547,51.57,0
4/1/2018,95792,F,37,Group D,PT,, ,East,8/27/2013,Salary, ,30-49,217,7.23,0
4/1/2018,96180,M,26,Group E,FT,, ,East,1/29/2008,Hourly, ,<30,2254,75.13,0
4/1/2018,96198,F,49,Group G,PT,, ,East,2/18/2014,Hourly, ,30-49,42,1.4,0
4/1/2018,96218,F,32,Group A,PT,, ,East,7/30/2013,Hourly, ,30-49,245,8.17,0
4/1/2018,96236,F,34,Group A,FT,, ,East,10/11/2011,Hourly, ,30-49,903,30.1,0
4/1/2018,96352,F,23,Group E,FT,, ,East,2/13/2013,Hourly, ,<30,412,13.73,0
4/1/2018,96382,F,25,Group A,FT,, ,East,11/20/2007,Hourly, ,<30,2324,77.47,0
4/1/2018,96442,M,46,Group C,FT,, ,East,9/20/2005,Hourly, ,30-49,3115,103.83,0
4/1/2018,96504,F,28,Group B,FT,, ,East,2/11/2014,Hourly, ,<30,49,1.63,0
4/1/2018,96512,F,19,Group C,PT,, ,East,1/21/2014,Hourly, ,<30,70,2.33,0
4/1/2018,96764,F,36,Group E,FT,, ,East,7/13/2001,Hourly, ,30-49,4645,154.83,0
4/1/2018,97020,F,41,Group B,FT,, ,East,6/21/2002,Hourly, ,30-49,4302,143.4,0
4/1/2018,97038,F,26,Group E,FT,, ,East,10/2/2007,Hourly, ,<30,2373,79.1,0
4/1/2018,97052,F,50,Group A,FT,, ,East,5/14/2008,Hourly, ,50+,2148,71.6,0
4/1/2018,97066,F,25,Group F,FT,, ,East,7/19/2011,Hourly, ,<30,987,32.9,0
4/1/2018,97198,M,25,Group A,PT,, ,East,10/24/2012,Hourly, ,<30,524,17.47,0
4/1/2018,97318,F,26,Group A,PT,, ,East,5/13/2009,Hourly, ,<30,1784,59.47,0
4/1/2018,97344,F,37,Group F,FT,, ,East,2/27/2003,Hourly, ,30-49,4051,135.03,0
4/1/2018,97528,F,19,Group B,PT,, ,East,10/29/2013,Hourly, ,<30,154,5.13,0
4/1/2018,97546,F,60,Group E,FT,, ,East,7/24/2003,Hourly, ,50+,3904,130.13,0
4/1/2018,97712,M,20,Group C,PT,,Yes,East,4/29/2014,Hourly, ,<30,0,0,0
4/1/2018,98080,F,32,Group A,FT,, ,East,10/9/2001,Hourly, ,30-49,4557,151.9,0
4/1/2018,98172,F,22,Group D,FT,, ,East,2/25/2014,Hourly, ,<30,35,1.17,0
4/1/2018,98352,F,23,Group B,FT,, ,East,8/9/2011,Hourly, ,<30,966,32.2,0
4/1/2018,98432,F,32,Group E,FT,, ,East,4/5/2005,Hourly, ,30-49,3283,109.43,0
