Date,EmpID,Gender,Age,EthnicGroup,FP,TermDate,isNewHire,BU Region,HireDate,PayType,TermReason,AgeGroup,TenureDays,TenureMonths,BadHires
5/1/2018,374,F,20,Group C,PT,5/22/2014, ,North,4/30/2014,Hourly,Voluntary,<30,22,0.73,1
5/1/2018,1544,M,23,Group A,PT,, ,North,2/4/2014,Hourly, ,<30,86,2.87,0
5/1/2018,1560,M,24,Group C,PT,5/3/2014, ,North,3/27/2014,Hourly,Voluntary,<30,37,1.23,1
5/1/2018,1654,F,18,Group D,PT,,Yes,North,5/8/2014,Hourly, ,<30,0,0,0
5/1/2018,1734,F,23,Group F,PT,,Yes,North,5/14/2014,Hourly, ,<30,0,0,0
5/1/2018,1780,F,22,Group F,PT,, ,North,11/15/2013,Hourly, ,<30,167,5.57,0
5/1/2018,1828,M,44,Group A,PT,, ,North,4/18/2014,Hourly, ,30-49,13,0.43,0
5/1/2018,1918,M,35,Group G,PT,, ,North,4/30/2014,Hourly, ,30-49,1,0.03,0
5/1/2018,1942,F,24,Group G,PT,,Yes,North,5/22/2014,Hourly, ,<30,0,0,0
5/1/2018,1944,M,29,Group D,PT,,Yes,North,5/22/2014,Hourly, ,<30,0,0,0
5/1/2018,1950,M,39,Group A,PT,, ,North,8/27/2008,Hourly, ,30-49,2073,69.1,0
5/1/2018,1958,M,22,Group B,PT,, ,North,8/21/2013,Hourly, ,<30,253,8.43,0
5/1/2018,1962,F,22,Group A,PT,,Yes,North,5/8/2014,Hourly, ,<30,0,0,0
5/1/2018,1966,M,36,Group A,PT,, ,North,9/8/2012,Hourly, ,30-49,600,20,0
5/1/2018,1972,M,21,Group F,PT,5/1/2014, ,North,9/26/2013,Hourly,Voluntary,<30,217,7.23,0
5/1/2018,1976,M,43,Group A,PT,, ,North,9/20/2013,Hourly, ,30-49,223,7.43,0
5/1/2018,1980,M,26,Group B,PT,,Yes,North,5/13/2014,Hourly, ,<30,0,0,0
5/1/2018,1982,F,53,Group D,PT,5/10/2014, ,North,4/30/2014,Hourly,Voluntary,50+,10,0.33,1
5/1/2018,2046,M,22,Group B,PT,5/5/2014, ,Midwest,3/20/2014,Hourly,Voluntary,<30,46,1.53,1
5/1/2018,2142,M,22,Group G,PT,,Yes,Midwest,5/2/2014,Hourly, ,<30,0,0,0
5/1/2018,3366,M,21,Group B,PT,5/16/2014, ,Midwest,4/11/2014,Hourly,Voluntary,<30,35,1.17,1
5/1/2018,3492,M,26,Group G,PT,, ,Midwest,3/19/2014,Hourly, ,<30,43,1.43,0
5/1/2018,3494,M,20,Group F,PT,5/28/2014, ,Midwest,3/19/2014,Hourly,Voluntary,<30,70,2.33,0
5/1/2018,3498,M,18,Group A,PT,, ,Midwest,3/19/2014,Hourly, ,<30,43,1.43,0
5/1/2018,3500,M,19,Group C,PT,, ,Midwest,3/19/2014,Hourly, ,<30,43,1.43,0
5/1/2018,3654,M,22,Group G,PT,5/17/2014,Yes,Midwest,5/1/2014,Hourly,Voluntary,<30,16,0.53,1
5/1/2018,3958,F,20,Group C,PT,,Yes,South,5/29/2014,Hourly, ,<30,0,0,0
5/1/2018,4052,F,49,Group E,PT,5/17/2014, ,South,4/29/2014,Hourly,Voluntary,30-49,18,0.6,1
5/1/2018,4248,F,26,Group G,PT,,Yes,South,5/1/2014,Hourly,Voluntary,<30,6,0.2,1
5/1/2018,4340,F,25,Group B,PT,5/18/2014, ,South,11/1/2012,Hourly,Voluntary,<30,563,18.77,0
5/1/2018,4458,M,20,Group A,PT,, ,South,4/30/2014,Hourly, ,<30,1,0.03,0
5/1/2018,4496,M,22,Group B,PT,5/9/2014, ,South,4/30/2014,Hourly,Voluntary,<30,9,0.3,1
5/1/2018,4530,M,22,Group C,PT,,Yes,South,5/17/2014,Hourly, ,<30,0,0,0
5/1/2018,4532,F,22,Group A,PT,5/6/2014,Yes,South,5/1/2014,Hourly,Voluntary,<30,5,0.17,1
5/1/2018,5052,F,23,Group C,PT,5/3/2014, ,South,6/2/2011,Hourly,Voluntary,<30,1066,35.53,0
5/1/2018,5064,M,29,Group G,PT,,Yes,South,5/21/2014,Hourly, ,<30,0,0,0
5/1/2018,5202,M,25,Group E,PT,, ,North,8/12/2010,Hourly, ,<30,1358,45.27,0
5/1/2018,5214,F,21,Group B,PT,,Yes,North,5/15/2014,Hourly, ,<30,0,0,0
5/1/2018,5216,F,20,Group A,PT,5/3/2014, ,North,10/30/2013,Hourly,Voluntary,<30,185,6.17,0
5/1/2018,5224,F,22,Group A,PT,,Yes,North,5/20/2014,Hourly, ,<30,0,0,0
5/1/2018,5268,M,20,Group A,PT,, ,North,8/16/2013,Hourly, ,<30,258,8.6,0
5/1/2018,7016,M,20,Group A,PT,,Yes,South,5/23/2014,Hourly, ,<30,0,0,0
5/1/2018,7092,F,19,Group C,PT,5/12/2014,Yes,North,5/1/2014,Hourly,Voluntary,<30,11,0.37,1
5/1/2018,7268,M,23,Group D,PT,,Yes,Midwest,5/30/2014,Hourly, ,<30,0,0,0
5/1/2018,7346,F,59,Group F,PT,5/5/2014, ,Midwest,4/29/2014,Hourly,Voluntary,50+,6,0.2,1
5/1/2018,7472,F,19,Group D,PT,5/31/2014,Yes,South,5/29/2014,Hourly,Voluntary,<30,2,0.07,1
5/1/2018,7838,F,21,Group A,PT,,Yes,Midwest,5/2/2014,Hourly, ,<30,0,0,0
5/1/2018,7932,M,25,Group E,PT,5/27/2014, ,Midwest,3/19/2014,Hourly,Voluntary,<30,69,2.3,0
5/1/2018,7970,F,20,Group F,PT,5/30/2014,Yes,Midwest,5/29/2014,Hourly,Involuntary,<30,1,0.03,1
5/1/2018,8072,F,20,Group E,PT,,Yes,Midwest,5/13/2014,Hourly, ,<30,0,0,0
5/1/2018,8088,F,20,Group E,PT,5/7/2014, ,Midwest,4/30/2014,Hourly,Voluntary,<30,7,0.23,1
5/1/2018,8270,M,22,Group A,PT,,Yes,Midwest,5/10/2014,Hourly, ,<30,0,0,0
5/1/2018,8418,M,25,Group E,PT,,Yes,Midwest,5/30/2014,Hourly, ,<30,0,0,0
5/1/2018,8492,F,22,Group A,PT,5/11/2014, ,Midwest,3/12/2014,Hourly,Involuntary,<30,60,2,1
5/1/2018,8506,F,21,Group C,PT,5/8/2014, ,Midwest,9/12/2012,Hourly,Voluntary,<30,603,20.1,0
5/1/2018,8866,F,19,Group F,PT,5/23/2014,Yes,North,5/1/2014,Hourly,Involuntary,<30,22,0.73,1
5/1/2018,8948,F,22,Group C,PT,5/17/2014, ,North,3/20/2014,Hourly,Involuntary,<30,58,1.93,1
5/1/2018,9048,M,25,Group C,PT,5/16/2014, ,North,4/30/2014,Hourly,Involuntary,<30,16,0.53,1
5/1/2018,9224,M,24,Group B,PT,,Yes,North,5/29/2014,Hourly, ,<30,0,0,0
5/1/2018,9432,F,19,Group B,PT,, ,North,3/8/2014,Hourly, ,<30,54,1.8,0
5/1/2018,9460,M,21,Group D,PT,, ,North,9/27/2011,Hourly, ,<30,947,31.57,0
5/1/2018,9492,M,34,Group E,PT,5/2/2014, ,North,8/8/2013,Hourly,Involuntary,30-49,267,8.9,0
5/1/2018,9500,M,56,Group G,PT,, ,North,9/13/2013,Hourly, ,50+,230,7.67,0
5/1/2018,9904,F,19,Group B,PT,, ,North,2/26/2014,Hourly, ,<30,64,2.13,0
5/1/2018,10190,F,19,Group E,PT,, ,North,3/1/2014,Hourly, ,<30,61,2.03,0
5/1/2018,10214,F,19,Group C,PT,, ,North,4/3/2014,Hourly, ,<30,28,0.93,0
5/1/2018,10230,M,19,Group C,PT,, ,North,4/2/2014,Hourly, ,<30,29,0.97,0
5/1/2018,10336,M,20,Group F,PT,5/17/2014,Yes,North,5/1/2014,Hourly,Involuntary,<30,16,0.53,1
5/1/2018,10490,M,19,Group A,PT,, ,South,2/28/2014,Hourly, ,<30,62,2.07,0
5/1/2018,10786,M,26,Group B,PT,, ,South,10/16/2013,Hourly, ,<30,197,6.57,0
5/1/2018,10854,F,20,Group G,PT,, ,South,10/31/2013,Hourly, ,<30,182,6.07,0
5/1/2018,10982,M,30,Group E,PT,,Yes,South,5/29/2014,Hourly, ,30-49,0,0,0
5/1/2018,10990,M,50,Group F,PT,,Yes,South,5/29/2014,Hourly, ,50+,0,0,0
5/1/2018,11210,M,22,Group D,PT,5/5/2014,Yes,South,5/1/2014,Hourly,Voluntary,<30,4,0.13,1
5/1/2018,11542,M,53,Group B,PT,5/17/2014, ,South,4/17/2014,Hourly,Involuntary,50+,30,1,1
5/1/2018,11578,F,20,Group F,PT,,Yes,South,5/1/2014,Hourly, ,<30,0,0,0
5/1/2018,11618,M,58,Group E,PT,5/8/2014, ,South,4/30/2014,Hourly,Involuntary,50+,8,0.27,1
5/1/2018,11638,F,19,Group C,PT,,Yes,South,5/24/2014,Hourly, ,<30,0,0,0
5/1/2018,11786,M,45,Group A,PT,,Yes,South,5/30/2014,Hourly, ,30-49,0,0,0
5/1/2018,11806,M,19,Group C,PT,,Yes,South,5/24/2014,Hourly, ,<30,0,0,0
5/1/2018,12044,M,27,Group A,PT,, ,South,4/23/2014,Hourly, ,<30,8,0.27,0
5/1/2018,12280,F,27,Group E,PT,5/28/2014, ,South,4/30/2014,Hourly,Involuntary,<30,28,0.93,1
5/1/2018,12358,F,21,Group F,PT,5/10/2014, ,South,3/28/2014,Hourly,Involuntary,<30,43,1.43,1
5/1/2018,12362,F,55,Group G,PT,5/11/2014,Yes,South,5/1/2014,Hourly,Involuntary,50+,10,0.33,1
5/1/2018,12834,M,19,Group A,PT,5/21/2014, ,South,3/11/2014,Hourly,Involuntary,<30,71,2.37,0
5/1/2018,12874,M,27,Group C,FT,, ,South,2/28/2014,Salary, ,<30,62,2.07,0
5/1/2018,13002,F,26,Group G,FT,,Yes,East,5/8/2014,Hourly, ,<30,0,0,0
5/1/2018,13074,F,33,Group D,PT,5/31/2014,Yes,East,5/28/2014,Hourly,Involuntary,30-49,3,0.1,1
5/1/2018,13134,F,19,Group D,PT,5/20/2014, ,North,4/2/2014,Hourly,Involuntary,<30,48,1.6,1
5/1/2018,13194,M,22,Group E,PT,,Yes,Northwest,5/9/2014,Hourly, ,<30,0,0,0
5/1/2018,13400,F,24,Group E,PT,, ,Central,4/29/2014,Hourly, ,<30,2,0.07,0
5/1/2018,13416,F,22,Group C,PT,5/17/2014, ,Central,2/26/2014,Hourly,Involuntary,<30,80,2.67,0
5/1/2018,13422,F,20,Group C,PT,, ,Central,4/18/2014,Hourly, ,<30,13,0.43,0
5/1/2018,13676,M,22,Group D,PT,5/27/2014, ,Northwest,4/30/2014,Hourly,Voluntary,<30,27,0.9,1
5/1/2018,13706,M,20,Group G,PT,5/23/2014, ,Central,4/9/2014,Hourly,Involuntary,<30,44,1.47,1
5/1/2018,13762,M,22,Group G,PT,5/14/2014, ,West,4/2/2014,Hourly,Involuntary,<30,42,1.4,1
5/1/2018,13904,M,19,Group B,PT,,Yes,West,5/21/2014,Hourly, ,<30,0,0,0
5/1/2018,13928,M,48,Group B,PT,5/29/2014,Yes,Central,5/29/2014,Hourly,Involuntary,30-49,0,0,1
5/1/2018,14238,M,26,Group D,PT,5/30/2014,Yes,West,5/30/2014,Hourly,Involuntary,<30,0,0,1
5/1/2018,14274,M,18,Group C,PT,5/30/2014,Yes,Central,5/30/2014,Hourly,Involuntary,<30,0,0,1
5/1/2018,14278,F,20,Group C,PT,, ,Central,3/12/2014,Hourly,Voluntary,<30,61,2.03,0
5/1/2018,14310,M,47,Group E,PT,,Yes,Central,5/2/2014,Hourly, ,30-49,0,0,0
5/1/2018,14336,F,20,Group F,PT,5/13/2014, ,Central,4/30/2014,Hourly,Involuntary,<30,13,0.43,1
5/1/2018,14482,F,20,Group E,PT,, ,Northwest,3/27/2014,Hourly,Involuntary,<30,44,1.47,1
5/1/2018,15122,F,22,Group B,PT,, ,Central,4/16/2014,Hourly, ,<30,15,0.5,0
5/1/2018,15192,F,24,Group E,PT,5/20/2014, ,East,4/29/2014,Hourly,Voluntary,<30,21,0.7,1
5/1/2018,15204,M,24,Group C,PT,5/23/2014, ,East,4/29/2014,Hourly,Voluntary,<30,24,0.8,1
5/1/2018,15402,M,24,Group F,PT,5/24/2014, ,South,4/29/2014,Hourly,Voluntary,<30,25,0.83,1
5/1/2018,15882,F,28,Group F,PT,5/2/2014,Yes,Central,5/1/2014,Hourly,Voluntary,<30,1,0.03,1
5/1/2018,15930,M,29,Group E,PT,5/30/2014,Yes,West,5/30/2014,Hourly,Voluntary,<30,0,0,1
5/1/2018,15936,M,22,Group B,PT,5/31/2014,Yes,West,5/30/2014,Hourly,Voluntary,<30,1,0.03,1
5/1/2018,16134,F,19,Group D,PT,5/31/2014,Yes,Northwest,5/31/2014,Hourly,Voluntary,<30,0,0,1
5/1/2018,16218,M,21,Group F,PT,5/6/2014, ,Central,4/29/2014,Hourly,Voluntary,<30,7,0.23,1
5/1/2018,16238,M,20,Group A,PT,5/8/2014,Yes,Central,5/1/2014,Hourly,Voluntary,<30,7,0.23,1
5/1/2018,16668,M,19,Group E,PT,, ,North,3/13/2014,Hourly, ,<30,49,1.63,0
5/1/2018,16672,F,25,Group G,PT,5/24/2014, ,Midwest,8/7/2013,Hourly,Involuntary,<30,290,9.67,0
5/1/2018,16678,M,57,Group A,FT,, ,Northwest,6/7/2012,Hourly, ,50+,693,23.1,0
5/1/2018,16996,F,21,Group C,PT,, ,West,3/13/2014,Hourly, ,<30,49,1.63,0
5/1/2018,17244,F,22,Group G,PT,, ,Central,3/6/2014,Hourly, ,<30,56,1.87,0
5/1/2018,17292,F,24,Group E,PT,5/8/2014, ,West,1/16/2014,Hourly,Voluntary,<30,112,3.73,0
5/1/2018,17316,M,32,Group A,PT,, ,Central,4/23/2014,Hourly, ,30-49,8,0.27,0
5/1/2018,17362,F,29,Group B,FT,, ,East,12/20/2011,Hourly, ,<30,863,28.77,0
5/1/2018,18214,F,23,Group F,PT,5/12/2014, ,Northwest,11/9/2013,Hourly,Voluntary,<30,184,6.13,0
5/1/2018,18230,M,48,Group A,PT,, ,North,10/24/2007,Hourly, ,30-49,2381,79.37,0
5/1/2018,18394,M,32,Group D,PT,5/30/2014,Yes,Northwest,5/28/2014,Hourly,Voluntary,30-49,2,0.07,1
5/1/2018,18434,F,24,Group E,PT,,Yes,Northwest,5/3/2014,Hourly, ,<30,0,0,0
5/1/2018,18786,M,40,Group C,PT,, ,Central,10/16/2013,Hourly, ,30-49,197,6.57,0
5/1/2018,18822,M,22,Group C,PT,5/1/2014,Yes,West,5/1/2014,Hourly,Involuntary,<30,0,0,1
5/1/2018,18926,F,23,Group A,PT,, ,West,11/30/2012,Hourly, ,<30,517,17.23,0
5/1/2018,18984,F,29,Group C,PT,5/24/2014,Yes,Northwest,5/1/2014,Hourly,Voluntary,<30,23,0.77,1
5/1/2018,18994,F,21,Group B,FT,, ,Northwest,9/9/2013,Hourly, ,<30,234,7.8,0
5/1/2018,19130,F,44,Group F,PT,5/19/2014, ,North,9/14/2012,Hourly,Involuntary,30-49,612,20.4,0
5/1/2018,19376,M,19,Group C,PT,, ,Central,10/3/2013,Hourly, ,<30,210,7,0
5/1/2018,19598,F,19,Group G,PT,, ,Northwest,2/13/2014,Hourly, ,<30,77,2.57,0
5/1/2018,19600,F,24,Group A,FT,, ,Northwest,4/27/2011,Hourly, ,<30,1100,36.67,0
5/1/2018,19702,F,22,Group E,PT,5/18/2014, ,Northwest,8/15/2013,Hourly,Involuntary,<30,276,9.2,0
5/1/2018,19712,M,56,Group B,PT,, ,Northwest,3/14/2014,Hourly, ,50+,48,1.6,0
5/1/2018,19870,M,24,Group A,PT,, ,Northwest,10/24/2013,Hourly, ,<30,189,6.3,0
5/1/2018,20174,F,22,Group E,PT,5/3/2014, ,Northwest,4/30/2014,Hourly,Voluntary,<30,3,0.1,1
5/1/2018,20196,F,19,Group E,PT,,Yes,Northwest,5/23/2014,Hourly, ,<30,0,0,0
5/1/2018,20258,M,25,Group B,PT,5/19/2014, ,Northwest,4/30/2014,Hourly,Voluntary,<30,19,0.63,1
5/1/2018,20288,M,24,Group F,PT,,Yes,Northwest,5/16/2014,Hourly, ,<30,0,0,0
5/1/2018,20458,M,44,Group G,PT,5/13/2014, ,Central,4/16/2014,Hourly,Voluntary,30-49,27,0.9,1
5/1/2018,20832,F,20,Group D,PT,5/15/2014, ,West,1/17/2014,Hourly,Voluntary,<30,118,3.93,0
5/1/2018,21136,M,19,Group B,PT,, ,Central,4/3/2014,Hourly, ,<30,28,0.93,0
5/1/2018,21178,F,21,Group G,PT,,Yes,Central,5/21/2014,Hourly, ,<30,0,0,0
5/1/2018,21282,M,36,Group B,PT,5/3/2014,Yes,Northwest,5/1/2014,Hourly,Voluntary,30-49,2,0.07,1
5/1/2018,21472,M,24,Group B,PT,, ,Northwest,4/10/2014,Hourly, ,<30,21,0.7,0
5/1/2018,21544,F,27,Group B,PT,, ,Northwest,9/2/2010,Hourly, ,<30,1337,44.57,0
5/1/2018,21630,F,19,Group B,PT,, ,South,10/18/2013,Hourly, ,<30,195,6.5,0
5/1/2018,21870,F,21,Group C,PT,, ,North,9/13/2013,Hourly, ,<30,230,7.67,0
5/1/2018,22298,F,22,Group E,FT,,Yes,East,5/20/2014,Hourly, ,<30,0,0,0
5/1/2018,22402,F,37,Group B,PT,5/31/2014,Yes,East,5/28/2014,Hourly,Voluntary,30-49,3,0.1,1
5/1/2018,22570,F,21,Group D,FT,,Yes,East,5/20/2014,Hourly, ,<30,0,0,0
5/1/2018,22578,F,69,Group C,FT,, ,Northwest,5/5/2011,Hourly, ,50+,1092,36.4,0
5/1/2018,23000,M,19,Group A,PT,5/19/2014,Yes,Northwest,5/1/2014,Hourly,Voluntary,<30,18,0.6,1
5/1/2018,23112,F,21,Group G,PT,, ,North,2/22/2012,Hourly, ,<30,799,26.63,0
5/1/2018,23144,F,22,Group D,PT,,Yes,North,5/15/2014,Hourly, ,<30,0,0,0
5/1/2018,23394,M,23,Group B,PT,, ,Central,9/22/2012,Hourly, ,<30,586,19.53,0
5/1/2018,23410,M,18,Group G,PT,,Yes,Northwest,5/30/2014,Hourly, ,<30,0,0,0
5/1/2018,23426,M,21,Group D,PT,,Yes,West,5/21/2014,Hourly, ,<30,0,0,0
5/1/2018,23574,M,56,Group F,PT,5/29/2014,Yes,Central,5/1/2014,Hourly,Voluntary,50+,28,0.93,1
5/1/2018,24502,F,23,Group F,PT,, ,East,9/17/2013,Hourly, ,<30,226,7.53,0
5/1/2018,24518,F,20,Group A,PT,, ,East,1/23/2014,Hourly, ,<30,98,3.27,0
5/1/2018,24608,M,41,Group G,PT,5/3/2014, ,North,11/18/2013,Hourly,Voluntary,30-49,166,5.53,0
5/1/2018,24614,F,24,Group A,PT,, ,North,8/23/2013,Hourly, ,<30,251,8.37,0
5/1/2018,24684,M,38,Group F,PT,,Yes,West,5/21/2014,Hourly, ,30-49,0,0,0
5/1/2018,24700,F,21,Group F,FT,,Yes,East,5/7/2014,Hourly, ,<30,0,0,0
5/1/2018,24994,M,21,Group B,PT,, ,Northwest,11/19/2013,Hourly, ,<30,163,5.43,0
5/1/2018,25002,M,51,Group G,PT,, ,Northwest,3/7/2014,Hourly, ,50+,55,1.83,0
5/1/2018,25044,F,20,Group G,PT,, ,Central,6/21/2013,Hourly, ,<30,314,10.47,0
5/1/2018,25148,F,23,Group C,PT,, ,Central,11/13/2013,Hourly, ,<30,169,5.63,0
5/1/2018,25188,F,22,Group A,PT,5/29/2014,Yes,Central,5/29/2014,Hourly,Voluntary,<30,0,0,1
5/1/2018,25194,F,23,Group F,PT,5/29/2014,Yes,Northwest,5/29/2014,Hourly,Voluntary,<30,0,0,1
5/1/2018,25206,F,47,Group B,PT,, ,Northwest,2/20/2014,Hourly, ,30-49,70,2.33,0
5/1/2018,25212,F,21,Group F,PT,, ,West,7/17/2013,Hourly, ,<30,288,9.6,0
5/1/2018,25882,F,22,Group D,PT,, ,Northwest,6/22/2012,Hourly, ,<30,678,22.6,0
5/1/2018,25892,F,20,Group F,PT,, ,Northwest,6/29/2012,Hourly, ,<30,671,22.37,0
5/1/2018,26082,M,39,Group E,PT,5/30/2014,Yes,Northwest,5/29/2014,Hourly,Voluntary,30-49,1,0.03,1
5/1/2018,26778,M,18,Group C,PT,5/9/2014, ,Central,1/20/2013,Hourly,Voluntary,<30,474,15.8,0
5/1/2018,26836,M,45,Group A,PT,, ,Midwest,1/29/2014,Hourly, ,30-49,92,3.07,0
5/1/2018,26924,F,23,Group F,PT,, ,West,9/21/2012,Hourly, ,<30,587,19.57,0
5/1/2018,26954,M,88,Group B,PT,, ,West,8/27/2009,Hourly, ,50+,1708,56.93,0
5/1/2018,27676,F,21,Group A,PT,, ,East,3/11/2014,Hourly, ,<30,51,1.7,0
5/1/2018,27850,M,43,Group F,PT,5/4/2014,Yes,Central,5/1/2014,Hourly,Voluntary,30-49,3,0.1,1
5/1/2018,28066,M,29,Group F,PT,, ,Northwest,4/30/2014,Hourly, ,<30,1,0.03,0
5/1/2018,28262,M,61,Group B,PT,, ,Central,11/1/2013,Hourly, ,50+,181,6.03,0
5/1/2018,28266,F,23,Group F,PT,5/22/2014, ,Central,9/12/2013,Hourly,Voluntary,<30,252,8.4,0
5/1/2018,28276,M,22,Group A,PT,, ,Central,4/30/2013,Hourly, ,<30,366,12.2,0
5/1/2018,28622,M,23,Group B,PT,5/21/2014,Yes,Central,5/1/2014,Hourly,Voluntary,<30,20,0.67,1
5/1/2018,28738,F,23,Group G,PT,, ,Central,9/16/2012,Hourly, ,<30,592,19.73,0
5/1/2018,28758,M,22,Group A,PT,, ,West,1/7/2014,Hourly, ,<30,114,3.8,0
5/1/2018,28770,F,22,Group G,PT,,Yes,Northwest,5/9/2014,Hourly, ,<30,0,0,0
5/1/2018,29062,M,44,Group G,FT,, ,Midwest,5/26/2009,Hourly, ,30-49,1801,60.03,0
5/1/2018,29126,F,22,Group A,PT,, ,Northwest,2/7/2014,Hourly, ,<30,83,2.77,0
5/1/2018,29230,F,39,Group A,PT,5/31/2014,Yes,Northwest,5/29/2014,Hourly,Voluntary,30-49,2,0.07,1
5/1/2018,29274,F,24,Group F,PT,, ,Central,5/16/2013,Hourly, ,<30,350,11.67,0
5/1/2018,29444,F,22,Group G,PT,,Yes,West,5/7/2014,Hourly, ,<30,0,0,0
5/1/2018,29552,F,27,Group B,PT,, ,West,3/15/2013,Hourly, ,<30,412,13.73,0
5/1/2018,29632,M,29,Group F,PT,, ,Central,4/1/2010,Hourly, ,<30,1491,49.7,0
5/1/2018,29822,M,62,Group E,PT,, ,Central,4/26/2014,Hourly, ,50+,5,0.17,0
5/1/2018,29862,M,22,Group B,PT,, ,Central,11/6/2013,Hourly, ,<30,176,5.87,0
5/1/2018,30048,F,24,Group C,PT,,Yes,Central,5/14/2014,Hourly, ,<30,0,0,0
5/1/2018,30222,M,21,Group B,PT,,Yes,Northwest,5/9/2014,Hourly, ,<30,0,0,0
5/1/2018,30236,F,20,Group A,PT,,Yes,Northwest,5/9/2014,Hourly, ,<30,0,0,0
5/1/2018,30866,M,18,Group A,PT,5/13/2014, ,Northwest,4/23/2014,Hourly,Voluntary,<30,20,0.67,1
5/1/2018,30868,M,19,Group D,PT,5/26/2014, ,Northwest,8/21/2013,Hourly,Voluntary,<30,278,9.27,0
5/1/2018,30924,M,28,Group G,PT,,Yes,Northwest,5/7/2014,Hourly, ,<30,0,0,0
5/1/2018,30934,M,54,Group B,PT,, ,Northwest,11/3/2011,Hourly, ,50+,910,30.33,0
5/1/2018,31222,M,24,Group D,PT,, ,Central,4/30/2014,Hourly, ,<30,1,0.03,0
5/1/2018,31394,M,61,Group D,PT,5/3/2014,Yes,Central,5/1/2014,Hourly,Voluntary,50+,2,0.07,1
5/1/2018,31624,M,19,Group F,PT,, ,West,4/11/2014,Hourly, ,<30,20,0.67,0
5/1/2018,31646,M,43,Group C,PT,5/22/2014,Yes,West,5/1/2014,Hourly,Voluntary,30-49,21,0.7,1
5/1/2018,31774,M,41,Group A,PT,5/2/2014,Yes,West,5/1/2014,Hourly,Voluntary,30-49,1,0.03,1
5/1/2018,31806,M,23,Group G,PT,, ,West,9/24/2013,Hourly, ,<30,219,7.3,0
5/1/2018,31918,M,49,Group F,PT,5/18/2014, ,Midwest,3/24/2012,Hourly,Voluntary,30-49,785,26.17,0
5/1/2018,32032,F,17,Group A,PT,5/12/2014, ,Northwest,2/4/2014,Hourly,Voluntary,<30,97,3.23,0
5/1/2018,32034,F,19,Group E,PT,, ,North,11/5/2013,Hourly, ,<30,177,5.9,0
5/1/2018,32052,F,17,Group A,PT,, ,South,4/30/2014,Hourly, ,<30,1,0.03,0
5/1/2018,32218,M,18,Group E,PT,5/26/2014, ,Northwest,4/9/2014,Hourly,Voluntary,<30,47,1.57,1
5/1/2018,32952,M,29,Group F,PT,5/2/2014, ,North,10/1/2013,Hourly,Voluntary,<30,213,7.1,0
5/1/2018,33066,F,31,Group E,PT,, ,South,4/13/2011,Hourly, ,30-49,1114,37.13,0
5/1/2018,33132,M,20,Group A,PT,5/18/2014, ,South,6/9/2012,Hourly,Voluntary,<30,708,23.6,0
5/1/2018,33240,F,31,Group E,FT,, ,Midwest,6/26/2002,Salary, ,30-49,4327,144.23,0
5/1/2018,33258,M,36,Group D,FT,5/27/2014, ,West,4/4/2008,Salary,Voluntary,30-49,2244,74.8,0
5/1/2018,33262,F,49,Group E,FT,, ,Northwest,3/19/2008,Salary, ,30-49,2234,74.47,0
5/1/2018,33278,F,33,Group E,FT,, ,Midwest,9/29/2011,Salary, ,30-49,945,31.5,0
5/1/2018,33310,M,23,Group D,FT,, ,East,6/25/2013,Salary, ,<30,310,10.33,0
5/1/2018,33312,F,52,Group C,FT,, ,East,10/4/2011,Salary, ,50+,940,31.33,0
5/1/2018,33812,M,28,Group B,PT,, ,Midwest,1/13/2012,Hourly, ,<30,839,27.97,0
5/1/2018,40406,M,49,Group B,FT,, ,North,4/9/2005,Hourly, ,30-49,3309,110.3,0
5/1/2018,40416,F,20,Group C,FT,, ,North,5/21/2013,Hourly, ,<30,345,11.5,0
5/1/2018,40434,M,56,Group E,FT,, ,North,8/16/2012,Hourly, ,50+,623,20.77,0
5/1/2018,40442,M,19,Group G,PT,, ,North,3/5/2014,Hourly, ,<30,57,1.9,0
5/1/2018,40452,M,47,Group A,PT,, ,North,10/16/2013,Hourly, ,30-49,197,6.57,0
5/1/2018,40462,F,20,Group A,PT,, ,North,9/19/2013,Hourly, ,<30,224,7.47,0
5/1/2018,40472,F,57,Group E,FT,, ,North,5/18/2005,Hourly, ,50+,3270,109,0
5/1/2018,40478,M,22,Group C,PT,, ,North,6/22/2011,Hourly, ,<30,1044,34.8,0
5/1/2018,40484,M,21,Group F,PT,, ,North,12/13/2011,Hourly, ,<30,870,29,0
5/1/2018,40486,M,28,Group A,PT,, ,North,11/2/2011,Hourly, ,<30,911,30.37,0
5/1/2018,40488,M,37,Group D,FT,, ,North,5/23/2011,Hourly, ,30-49,1074,35.8,0
5/1/2018,40506,M,21,Group G,PT,, ,North,7/27/2012,Hourly, ,<30,643,21.43,0
5/1/2018,40530,M,20,Group A,PT,, ,North,3/26/2014,Hourly, ,<30,36,1.2,0
5/1/2018,40542,M,47,Group D,PT,, ,North,6/21/2005,Hourly, ,30-49,3236,107.87,0
5/1/2018,40548,F,31,Group E,FT,, ,North,5/2/2007,Hourly, ,30-49,2556,85.2,0
5/1/2018,40554,M,68,Group C,PT,, ,North,2/23/2007,Hourly, ,50+,2624,87.47,0
5/1/2018,40754,F,24,Group D,PT,, ,North,8/7/2008,Hourly, ,<30,2093,69.77,0
5/1/2018,41030,F,20,Group F,PT,, ,Midwest,5/16/2013,Hourly, ,<30,350,11.67,0
5/1/2018,41038,M,44,Group F,PT,, ,Midwest,3/16/2012,Hourly, ,30-49,776,25.87,0
5/1/2018,41042,F,37,Group D,PT,, ,Midwest,8/9/2013,Hourly, ,30-49,265,8.83,0
5/1/2018,41046,M,27,Group G,FT,, ,Midwest,4/17/2014,Hourly, ,<30,14,0.47,0
5/1/2018,41050,M,29,Group F,PT,, ,Midwest,12/29/2007,Hourly, ,<30,2315,77.17,0
5/1/2018,41058,F,24,Group C,PT,, ,Midwest,10/26/2011,Hourly, ,<30,918,30.6,0
5/1/2018,41082,F,23,Group F,PT,, ,Midwest,2/18/2010,Hourly, ,<30,1533,51.1,0
5/1/2018,41090,M,19,Group G,PT,, ,Midwest,4/25/2014,Hourly, ,<30,6,0.2,0
5/1/2018,41288,F,22,Group B,FT,, ,Midwest,3/2/2012,Hourly, ,<30,790,26.33,0
5/1/2018,41290,M,21,Group G,PT,, ,Midwest,2/12/2014,Hourly, ,<30,78,2.6,0
5/1/2018,41292,F,22,Group D,PT,, ,Midwest,11/3/2012,Hourly, ,<30,544,18.13,0
5/1/2018,41332,M,26,Group G,FT,, ,Midwest,10/20/2009,Hourly, ,<30,1654,55.13,0
5/1/2018,41344,M,66,Group F,PT,, ,Midwest,8/30/2005,Hourly, ,50+,3166,105.53,0
5/1/2018,41372,F,31,Group G,FT,, ,Midwest,7/26/2013,Hourly, ,30-49,279,9.3,0
5/1/2018,41388,F,22,Group B,FT,, ,South,6/26/2013,Hourly, ,<30,309,10.3,0
5/1/2018,41396,F,19,Group C,PT,, ,South,4/27/2013,Hourly, ,<30,369,12.3,0
5/1/2018,41416,M,21,Group C,PT,, ,South,8/28/2013,Hourly, ,<30,246,8.2,0
5/1/2018,41420,M,20,Group C,PT,, ,South,4/18/2013,Hourly, ,<30,378,12.6,0
5/1/2018,41510,M,25,Group A,PT,, ,South,10/26/2011,Hourly, ,<30,918,30.6,0
5/1/2018,41512,F,21,Group G,PT,, ,South,8/25/2012,Hourly, ,<30,614,20.47,0
5/1/2018,41518,M,52,Group C,PT,, ,South,7/12/2013,Hourly, ,50+,293,9.77,0
5/1/2018,41526,M,51,Group B,PT,,Yes,South,5/7/2014,Hourly, ,50+,0,0,0
5/1/2018,41544,M,47,Group F,PT,, ,South,3/19/2014,Hourly, ,30-49,43,1.43,0
5/1/2018,41692,M,48,Group D,FT,, ,South,11/22/2012,Hourly, ,30-49,525,17.5,0
5/1/2018,41714,M,28,Group G,PT,, ,South,4/9/2014,Hourly, ,<30,22,0.73,0
5/1/2018,42106,M,59,Group B,PT,, ,South,8/23/2012,Hourly, ,50+,616,20.53,0
5/1/2018,42236,M,65,Group G,FT,, ,South,6/15/2011,Hourly, ,50+,1051,35.03,0
5/1/2018,42238,F,21,Group B,PT,, ,South,10/20/2012,Hourly, ,<30,558,18.6,0
5/1/2018,42462,F,28,Group E,FT,,Yes,South,5/24/2014,Hourly, ,<30,0,0,0
5/1/2018,42464,F,47,Group G,FT,,Yes,South,5/24/2014,Hourly, ,30-49,0,0,0
5/1/2018,42468,M,23,Group G,PT,,Yes,South,5/24/2014,Hourly, ,<30,0,0,0
5/1/2018,42472,M,22,Group G,PT,,Yes,South,5/24/2014,Hourly, ,<30,0,0,0
5/1/2018,42476,M,27,Group C,PT,,Yes,South,5/24/2014,Hourly, ,<30,0,0,0
5/1/2018,42494,M,40,Group F,PT,,Yes,South,5/29/2014,Hourly, ,30-49,0,0,0
5/1/2018,42680,M,63,Group D,PT,, ,South,6/20/2013,Hourly, ,50+,315,10.5,0
5/1/2018,42684,M,25,Group A,FT,, ,South,2/14/2006,Hourly, ,<30,2998,99.93,0
5/1/2018,42708,M,62,Group E,PT,, ,South,10/27/2011,Hourly, ,50+,917,30.57,0
5/1/2018,42772,M,53,Group G,PT,,Yes,South,5/28/2014,Hourly, ,50+,0,0,0
5/1/2018,42804,F,24,Group F,PT,, ,South,9/7/2012,Hourly, ,<30,601,20.03,0
5/1/2018,42892,M,59,Group G,FT,, ,South,6/19/2007,Hourly, ,50+,2508,83.6,0
5/1/2018,42896,M,20,Group B,PT,, ,South,8/14/2013,Hourly, ,<30,260,8.67,0
5/1/2018,42924,F,24,Group E,PT,, ,South,6/23/2011,Hourly, ,<30,1043,34.77,0
5/1/2018,43056,M,32,Group A,PT,,Yes,South,5/1/2014,Hourly, ,30-49,0,0,0
5/1/2018,43058,M,37,Group C,PT,, ,South,8/16/2013,Hourly, ,30-49,258,8.6,0
5/1/2018,43128,M,23,Group B,PT,, ,South,2/25/2012,Hourly, ,<30,796,26.53,0
5/1/2018,43130,M,22,Group A,PT,, ,South,2/28/2014,Hourly, ,<30,62,2.07,0
5/1/2018,43134,F,20,Group E,PT,, ,South,7/31/2013,Hourly, ,<30,274,9.13,0
5/1/2018,43160,M,37,Group F,PT,, ,South,1/20/2014,Hourly, ,30-49,101,3.37,0
5/1/2018,43308,M,18,Group C,PT,, ,South,10/31/2012,Hourly, ,<30,547,18.23,0
5/1/2018,43312,M,21,Group F,PT,, ,South,3/14/2014,Hourly, ,<30,48,1.6,0
5/1/2018,43336,M,22,Group E,PT,, ,South,3/31/2012,Hourly, ,<30,761,25.37,0
5/1/2018,43340,F,23,Group G,FT,, ,South,8/20/2013,Hourly, ,<30,254,8.47,0
5/1/2018,43342,F,23,Group F,FT,, ,South,3/31/2012,Hourly, ,<30,761,25.37,0
5/1/2018,43350,M,69,Group E,PT,, ,South,11/6/2013,Hourly, ,50+,176,5.87,0
5/1/2018,43356,F,23,Group B,FT,, ,South,9/2/2009,Hourly, ,<30,1702,56.73,0
5/1/2018,43376,F,48,Group A,PT,, ,North,10/16/2012,Hourly, ,30-49,562,18.73,0
5/1/2018,43380,M,27,Group C,PT,, ,North,7/5/2012,Hourly, ,<30,665,22.17,0
5/1/2018,43396,F,23,Group C,PT,,Yes,North,5/23/2014,Hourly, ,<30,0,0,0
5/1/2018,43398,M,23,Group C,PT,,Yes,North,5/22/2014,Hourly, ,<30,0,0,0
5/1/2018,43414,F,19,Group E,FT,, ,North,9/26/2013,Hourly, ,<30,217,7.23,0
5/1/2018,43424,M,34,Group E,PT,,Yes,North,5/16/2014,Hourly, ,30-49,0,0,0
5/1/2018,43428,F,19,Group D,PT,, ,North,8/8/2013,Hourly, ,<30,266,8.87,0
5/1/2018,43430,F,49,Group A,FT,, ,North,9/16/2011,Hourly, ,30-49,958,31.93,0
5/1/2018,43432,F,36,Group C,FT,, ,North,3/10/2011,Hourly, ,30-49,1148,38.27,0
5/1/2018,43438,M,60,Group G,FT,, ,North,7/19/2012,Hourly, ,50+,651,21.7,0
5/1/2018,43440,F,26,Group G,FT,, ,North,5/31/2007,Hourly, ,<30,2527,84.23,0
5/1/2018,43526,M,58,Group C,FT,, ,North,4/26/2008,Hourly, ,50+,2196,73.2,0
5/1/2018,43538,M,26,Group C,PT,, ,North,6/12/2008,Hourly, ,<30,2149,71.63,0
5/1/2018,43570,F,20,Group A,PT,, ,North,11/6/2013,Hourly, ,<30,176,5.87,0
5/1/2018,43606,F,24,Group B,PT,, ,North,8/31/2011,Hourly, ,<30,974,32.47,0
5/1/2018,43610,M,25,Group C,PT,, ,North,3/20/2007,Hourly, ,<30,2599,86.63,0
5/1/2018,43612,M,55,Group G,PT,, ,North,2/27/2007,Hourly, ,50+,2620,87.33,0
5/1/2018,43614,M,61,Group F,PT,, ,North,3/26/2014,Hourly, ,50+,36,1.2,0
5/1/2018,43626,M,19,Group F,PT,, ,North,11/29/2013,Hourly, ,<30,153,5.1,0
5/1/2018,43672,F,23,Group D,FT,, ,North,11/3/2006,Hourly, ,<30,2736,91.2,0
5/1/2018,43678,M,60,Group A,FT,, ,North,4/9/2007,Hourly, ,50+,2579,85.97,0
5/1/2018,43682,M,64,Group F,PT,, ,North,11/13/2013,Hourly, ,50+,169,5.63,0
5/1/2018,43708,M,22,Group D,PT,,Yes,North,5/15/2014,Hourly, ,<30,0,0,0
5/1/2018,43728,F,23,Group D,PT,, ,North,10/3/2011,Hourly, ,<30,941,31.37,0
5/1/2018,43738,M,23,Group D,PT,, ,North,6/22/2010,Hourly, ,<30,1409,46.97,0
5/1/2018,43764,F,20,Group A,PT,,Yes,North,5/29/2014,Hourly, ,<30,0,0,0
5/1/2018,43784,F,21,Group B,PT,, ,Midwest,8/15/2013,Hourly, ,<30,259,8.63,0
5/1/2018,43790,F,65,Group D,FT,, ,Midwest,8/1/2009,Hourly, ,50+,1734,57.8,0
5/1/2018,43796,F,26,Group A,FT,, ,Midwest,3/19/2014,Hourly, ,<30,43,1.43,0
5/1/2018,43802,M,58,Group C,PT,, ,Midwest,3/19/2014,Hourly, ,50+,43,1.43,0
5/1/2018,43804,M,33,Group E,FT,, ,Midwest,3/19/2014,Hourly, ,30-49,43,1.43,0
5/1/2018,43806,M,21,Group C,PT,, ,Midwest,3/19/2014,Hourly, ,<30,43,1.43,0
5/1/2018,43808,M,62,Group D,PT,, ,Midwest,3/25/2014,Hourly, ,50+,37,1.23,0
5/1/2018,43918,M,50,Group A,PT,, ,Midwest,3/9/2010,Hourly, ,50+,1514,50.47,0
5/1/2018,43926,F,19,Group B,PT,, ,Midwest,10/4/2011,Hourly, ,<30,940,31.33,0
5/1/2018,43990,M,20,Group A,PT,, ,Midwest,9/19/2013,Hourly, ,<30,224,7.47,0
5/1/2018,44032,F,23,Group A,PT,, ,Midwest,10/28/2013,Hourly, ,<30,185,6.17,0
5/1/2018,44038,M,47,Group G,PT,, ,Midwest,10/12/2013,Hourly, ,30-49,201,6.7,0
5/1/2018,44044,M,63,Group A,PT,, ,Midwest,2/13/2007,Hourly, ,50+,2634,87.8,0
5/1/2018,44046,F,22,Group D,PT,, ,Midwest,3/26/2014,Hourly, ,<30,36,1.2,0
5/1/2018,44062,M,32,Group C,FT,, ,Midwest,8/12/2006,Hourly, ,30-49,2819,93.97,0
5/1/2018,44066,M,21,Group C,FT,, ,Midwest,3/26/2013,Hourly, ,<30,401,13.37,0
5/1/2018,44110,M,27,Group D,PT,, ,Midwest,6/24/2009,Hourly, ,<30,1772,59.07,0
5/1/2018,44114,M,20,Group G,PT,, ,Midwest,7/11/2013,Hourly, ,<30,294,9.8,0
5/1/2018,49036,M,55,Group G,FT,, ,Central,10/13/2005,Hourly, ,50+,3122,104.07,0
5/1/2018,49040,F,48,Group F,PT,, ,South,6/2/2010,Hourly, ,30-49,1429,47.63,0
5/1/2018,49142,M,34,Group A,PT,, ,Midwest,3/22/2008,Hourly, ,30-49,2231,74.37,0
5/1/2018,49164,F,53,Group A,FT,, ,South,4/17/2008,Hourly, ,50+,2205,73.5,0
5/1/2018,49188,F,51,Group B,FT,, ,Midwest,3/10/1981,Hourly, ,50+,12105,403.5,0
5/1/2018,49216,F,41,Group D,FT,, ,Central,5/15/2013,Hourly, ,30-49,351,11.7,0
5/1/2018,49232,M,51,Group E,FT,, ,Northwest,7/5/2012,Hourly, ,50+,665,22.17,0
5/1/2018,49284,F,19,Group A,PT,, ,Northwest,11/2/2012,Hourly, ,<30,545,18.17,0
5/1/2018,49296,M,40,Group F,PT,, ,Northwest,12/6/2011,Hourly, ,30-49,877,29.23,0
5/1/2018,49302,F,22,Group A,PT,, ,North,12/13/2007,Hourly, ,<30,2331,77.7,0
5/1/2018,49356,M,17,Group B,PT,,Yes,West,5/30/2014,Hourly, ,<30,0,0,0
5/1/2018,49368,M,24,Group E,PT,, ,West,11/14/2012,Hourly, ,<30,533,17.77,0
5/1/2018,49376,F,31,Group G,FT,, ,West,1/9/2013,Hourly, ,30-49,477,15.9,0
5/1/2018,49416,M,32,Group E,PT,, ,Central,11/2/2011,Hourly, ,30-49,911,30.37,0
5/1/2018,49444,M,28,Group F,PT,, ,South,9/21/2012,Hourly, ,<30,587,19.57,0
5/1/2018,49550,M,49,Group G,FT,, ,West,3/16/2008,Hourly, ,30-49,2237,74.57,0
5/1/2018,49576,F,58,Group E,PT,, ,West,11/1/2012,Hourly, ,50+,546,18.2,0
5/1/2018,49666,F,34,Group A,FT,, ,Midwest,1/26/2007,Hourly, ,30-49,2652,88.4,0
5/1/2018,49716,F,62,Group E,FT,, ,Central,7/27/2007,Hourly, ,50+,2470,82.33,0
5/1/2018,49748,F,52,Group E,FT,, ,Northwest,11/21/2001,Hourly, ,50+,4544,151.47,0
5/1/2018,49776,F,29,Group A,FT,, ,North,7/12/2006,Hourly, ,<30,2850,95,0
5/1/2018,49794,F,43,Group G,FT,, ,South,1/18/1989,Hourly, ,30-49,9234,307.8,0
5/1/2018,49832,F,30,Group F,FT,, ,West,7/14/2004,Hourly, ,30-49,3578,119.27,0
5/1/2018,49848,M,47,Group B,FT,, ,West,3/15/2012,Hourly, ,30-49,777,25.9,0
5/1/2018,49908,F,23,Group F,PT,, ,Central,12/6/2013,Hourly, ,<30,146,4.87,0
5/1/2018,49932,F,23,Group E,PT,, ,Central,10/18/2013,Hourly, ,<30,195,6.5,0
5/1/2018,49966,F,19,Group G,PT,, ,Northwest,3/11/2014,Hourly, ,<30,51,1.7,0
5/1/2018,49976,F,21,Group B,PT,, ,West,8/9/2012,Hourly, ,<30,630,21,0
5/1/2018,50272,M,22,Group F,FT,, ,North,3/20/2012,Hourly, ,<30,772,25.73,0
5/1/2018,50278,F,57,Group F,FT,, ,North,10/13/2000,Hourly, ,50+,4948,164.93,0
5/1/2018,50282,F,55,Group D,PT,, ,South,10/15/2002,Hourly, ,50+,4216,140.53,0
5/1/2018,50294,F,21,Group E,PT,, ,Central,11/19/2013,Hourly, ,<30,163,5.43,0
5/1/2018,50304,F,32,Group F,FT,, ,Central,7/23/2009,Hourly, ,30-49,1743,58.1,0
5/1/2018,50306,F,44,Group C,FT,, ,Central,11/8/2005,Hourly, ,30-49,3096,103.2,0
5/1/2018,50312,F,46,Group D,FT,, ,Northwest,8/31/2012,Hourly, ,30-49,608,20.27,0
5/1/2018,50318,F,43,Group A,FT,, ,Midwest,9/13/2005,Hourly, ,30-49,3152,105.07,0
5/1/2018,50322,F,30,Group G,FT,, ,West,12/1/2007,Hourly, ,30-49,2343,78.1,0
5/1/2018,50332,M,23,Group B,PT,, ,North,12/18/2012,Hourly, ,<30,499,16.63,0
5/1/2018,50336,F,30,Group A,FT,, ,West,9/15/2005,Hourly, ,30-49,3150,105,0
5/1/2018,50340,F,27,Group F,FT,, ,Northwest,6/24/2012,Hourly, ,<30,676,22.53,0
5/1/2018,50342,F,33,Group C,FT,, ,Central,5/1/2008,Hourly, ,30-49,2191,73.03,0
5/1/2018,50370,F,28,Group C,FT,,Yes,West,5/29/2014,Hourly, ,<30,0,0,0
5/1/2018,50378,F,36,Group A,FT,, ,North,9/7/2012,Hourly, ,30-49,601,20.03,0
5/1/2018,50384,F,23,Group A,PT,, ,Midwest,9/13/2011,Hourly, ,<30,961,32.03,0
5/1/2018,50386,F,23,Group A,FT,, ,North,9/11/2010,Hourly, ,<30,1328,44.27,0
5/1/2018,50396,F,22,Group A,FT,, ,Midwest,10/11/2012,Hourly, ,<30,567,18.9,0
5/1/2018,50426,F,43,Group E,FT,, ,Northwest,6/30/2004,Hourly, ,30-49,3592,119.73,0
5/1/2018,50438,F,59,Group G,FT,, ,West,3/29/2005,Hourly, ,50+,3320,110.67,0
5/1/2018,50470,F,58,Group D,FT,, ,Midwest,11/21/1974,Hourly, ,50+,14406,480.2,0
5/1/2018,50472,F,24,Group B,PT,, ,West,9/13/2011,Hourly, ,<30,961,32.03,0
5/1/2018,50812,M,22,Group B,PT,, ,Northwest,2/23/2013,Hourly, ,<30,432,14.4,0
5/1/2018,50838,M,25,Group G,FT,, ,West,4/23/2010,Hourly, ,<30,1469,48.97,0
5/1/2018,50850,M,19,Group F,PT,, ,Northwest,4/26/2014,Hourly, ,<30,5,0.17,0
5/1/2018,50854,M,20,Group F,PT,, ,Northwest,7/18/2013,Hourly, ,<30,287,9.57,0
5/1/2018,50860,M,33,Group E,PT,, ,Central,4/30/2014,Hourly, ,30-49,1,0.03,0
5/1/2018,50884,F,57,Group E,FT,, ,North,4/15/2005,Hourly, ,50+,3303,110.1,0
5/1/2018,51010,M,35,Group B,FT,, ,West,8/5/2009,Hourly, ,30-49,1730,57.67,0
5/1/2018,51134,M,24,Group B,PT,, ,Central,8/7/2013,Hourly, ,<30,267,8.9,0
5/1/2018,51146,F,36,Group D,FT,, ,Central,6/24/1995,Hourly, ,30-49,6886,229.53,0
5/1/2018,51166,F,24,Group E,PT,, ,Central,5/10/2013,Hourly, ,<30,356,11.87,0
5/1/2018,51184,F,29,Group C,PT,, ,Central,3/5/2014,Hourly, ,<30,57,1.9,0
5/1/2018,51236,F,71,Group B,FT,, ,Central,4/15/2004,Hourly, ,50+,3668,122.27,0
5/1/2018,51312,M,28,Group D,FT,, ,Northwest,9/22/2004,Hourly, ,<30,3508,116.93,0
5/1/2018,51316,F,68,Group C,FT,, ,Northwest,10/30/2007,Hourly, ,50+,2375,79.17,0
5/1/2018,51324,M,31,Group B,FT,, ,Northwest,3/18/2004,Hourly, ,30-49,3696,123.2,0
5/1/2018,51338,M,46,Group A,FT,, ,Northwest,11/2/2012,Hourly, ,30-49,545,18.17,0
5/1/2018,51340,F,23,Group G,PT,, ,Northwest,6/6/2013,Hourly, ,<30,329,10.97,0
5/1/2018,51458,M,19,Group C,PT,,Yes,Northwest,5/9/2014,Hourly, ,<30,0,0,0
5/1/2018,51468,M,42,Group C,PT,,Yes,Northwest,5/14/2014,Hourly, ,30-49,0,0,0
5/1/2018,51548,M,50,Group B,FT,, ,Central,12/14/2008,Hourly, ,50+,1964,65.47,0
5/1/2018,51618,M,20,Group F,PT,,Yes,Central,5/7/2014,Hourly, ,<30,0,0,0
5/1/2018,51622,F,41,Group D,FT,, ,Central,6/23/1998,Hourly, ,30-49,5791,193.03,0
5/1/2018,51690,F,21,Group A,PT,, ,West,11/15/2013,Hourly, ,<30,167,5.57,0
5/1/2018,51776,M,26,Group A,PT,, ,West,6/26/2013,Hourly, ,<30,309,10.3,0
5/1/2018,51812,M,60,Group E,PT,, ,West,11/15/2013,Hourly, ,50+,167,5.57,0
5/1/2018,51916,F,57,Group C,FT,, ,South,5/13/2003,Hourly, ,50+,4006,133.53,0
5/1/2018,51922,M,51,Group G,FT,, ,South,8/12/2004,Hourly, ,50+,3549,118.3,0
5/1/2018,51974,F,25,Group E,PT,, ,Northwest,8/2/2011,Hourly, ,<30,1003,33.43,0
5/1/2018,51994,M,58,Group E,PT,, ,Northwest,11/10/2004,Hourly, ,50+,3459,115.3,0
5/1/2018,52004,M,23,Group B,PT,, ,Northwest,1/25/2013,Hourly, ,<30,461,15.37,0
5/1/2018,52010,M,35,Group F,PT,, ,Northwest,5/1/2003,Hourly, ,30-49,4018,133.93,0
5/1/2018,52018,M,44,Group F,FT,, ,Northwest,1/10/2012,Hourly, ,30-49,842,28.07,0
5/1/2018,52020,M,36,Group E,FT,, ,Northwest,2/6/2014,Hourly, ,30-49,84,2.8,0
5/1/2018,52024,M,20,Group E,PT,, ,Northwest,8/15/2013,Hourly, ,<30,259,8.63,0
5/1/2018,52212,M,66,Group E,PT,, ,Northwest,9/13/2006,Hourly, ,50+,2787,92.9,0
5/1/2018,52238,M,44,Group E,PT,, ,Northwest,7/13/2005,Hourly, ,30-49,3214,107.13,0
5/1/2018,52248,M,43,Group B,FT,, ,West,11/16/2011,Hourly, ,30-49,897,29.9,0
5/1/2018,52290,M,64,Group G,PT,, ,West,10/30/2007,Hourly, ,50+,2375,79.17,0
5/1/2018,52292,M,35,Group D,FT,, ,West,6/7/2005,Hourly, ,30-49,3250,108.33,0
5/1/2018,52304,M,22,Group D,PT,, ,Northwest,10/24/2013,Hourly, ,<30,189,6.3,0
5/1/2018,52332,M,61,Group C,PT,, ,South,1/22/2002,Hourly, ,50+,4482,149.4,0
5/1/2018,52424,M,54,Group C,PT,, ,Central,5/23/2013,Hourly, ,50+,343,11.43,0
5/1/2018,52446,M,24,Group B,PT,, ,Northwest,2/15/2013,Hourly, ,<30,440,14.67,0
5/1/2018,52536,M,43,Group D,FT,, ,Central,11/25/2003,Hourly, ,30-49,3810,127,0
5/1/2018,52566,M,57,Group B,FT,, ,Central,9/23/2009,Hourly, ,50+,1681,56.03,0
5/1/2018,52576,M,42,Group C,PT,, ,Central,10/19/2012,Hourly, ,30-49,559,18.63,0
5/1/2018,52652,M,47,Group A,FT,, ,Northwest,11/15/2013,Hourly, ,30-49,167,5.57,0
5/1/2018,52668,M,22,Group C,PT,,Yes,Central,5/16/2014,Hourly, ,<30,0,0,0
5/1/2018,52682,M,42,Group G,PT,, ,Central,4/4/2002,Hourly, ,30-49,4410,147,0
5/1/2018,52698,M,51,Group E,PT,, ,West,5/7/2013,Hourly, ,50+,359,11.97,0
5/1/2018,52764,M,31,Group F,FT,, ,Central,4/6/2010,Hourly, ,30-49,1486,49.53,0
5/1/2018,52770,F,20,Group E,PT,, ,Northwest,7/12/2012,Hourly, ,<30,658,21.93,0
5/1/2018,52782,F,19,Group E,PT,, ,East,1/3/2014,Hourly, ,<30,118,3.93,0
5/1/2018,52824,F,38,Group E,FT,, ,Northwest,3/6/2014,Salary, ,30-49,56,1.87,0
5/1/2018,52826,M,56,Group C,FT,, ,Northwest,3/1/2006,Hourly, ,50+,2983,99.43,0
5/1/2018,52834,M,23,Group G,FT,, ,Northwest,1/25/2012,Salary, ,<30,827,27.57,0
5/1/2018,52926,F,46,Group A,PT,, ,North,5/11/1988,Hourly, ,30-49,9486,316.2,0
5/1/2018,52934,M,27,Group B,PT,, ,North,4/14/2007,Hourly, ,<30,2574,85.8,0
5/1/2018,52954,M,52,Group G,FT,, ,North,2/28/1989,Salary, ,50+,9193,306.43,0
5/1/2018,52968,M,37,Group F,FT,, ,North,3/28/2007,Salary, ,30-49,2591,86.37,0
5/1/2018,52970,M,38,Group A,FT,, ,North,10/12/1996,Salary, ,30-49,6410,213.67,0
5/1/2018,52980,M,70,Group A,PT,, ,North,6/1/2011,Hourly, ,50+,1065,35.5,0
5/1/2018,52982,M,28,Group G,FT,, ,North,6/29/2006,Hourly, ,<30,2863,95.43,0
5/1/2018,52984,M,46,Group A,FT,, ,North,11/10/1988,Hourly, ,30-49,9303,310.1,0
5/1/2018,52986,F,20,Group C,PT,, ,North,7/13/2012,Hourly, ,<30,657,21.9,0
5/1/2018,53004,M,35,Group A,FT,, ,North,11/26/1998,Hourly, ,30-49,5635,187.83,0
5/1/2018,53166,M,25,Group A,FT,, ,Midwest,3/25/2014,Salary, ,<30,37,1.23,0
5/1/2018,53176,F,46,Group G,FT,, ,Midwest,11/25/1992,Hourly, ,30-49,7827,260.9,0
5/1/2018,53184,F,38,Group D,FT,,Yes,Midwest,5/7/2014,Salary, ,30-49,0,0,0
5/1/2018,53218,M,68,Group C,PT,, ,Midwest,5/15/2009,Hourly, ,50+,1812,60.4,0
5/1/2018,53236,M,49,Group B,FT,,Yes,South,5/15/2014,Hourly, ,30-49,0,0,0
5/1/2018,53238,F,19,Group D,PT,,Yes,South,5/8/2014,Hourly, ,<30,0,0,0
5/1/2018,53250,F,45,Group E,FT,, ,South,5/4/2010,Salary, ,30-49,1458,48.6,0
5/1/2018,53260,M,21,Group E,PT,, ,South,3/19/2014,Hourly, ,<30,43,1.43,0
5/1/2018,53266,M,52,Group F,FT,, ,South,6/11/1991,Hourly, ,50+,8360,278.67,0
5/1/2018,53290,F,22,Group G,PT,, ,South,8/15/2012,Hourly, ,<30,624,20.8,0
5/1/2018,53292,F,41,Group E,FT,, ,South,6/4/1993,Salary, ,30-49,7636,254.53,0
5/1/2018,53356,F,38,Group C,FT,, ,South,2/17/2014,Salary, ,30-49,73,2.43,0
5/1/2018,53368,F,38,Group G,FT,, ,South,3/23/2012,Hourly, ,30-49,769,25.63,0
5/1/2018,53370,M,46,Group D,FT,, ,South,5/20/1986,Salary, ,30-49,10208,340.27,0
5/1/2018,53396,F,21,Group E,FT,, ,South,2/7/2014,Hourly, ,<30,83,2.77,0
5/1/2018,53402,F,34,Group B,FT,, ,South,8/20/2009,Salary, ,30-49,1715,57.17,0
5/1/2018,53410,F,37,Group G,FT,, ,South,11/8/2013,Hourly, ,30-49,174,5.8,0
5/1/2018,53412,M,49,Group F,FT,, ,South,4/25/2006,Salary, ,30-49,2928,97.6,0
5/1/2018,53554,F,32,Group F,FT,, ,Central,3/28/2006,Salary, ,30-49,2956,98.53,0
5/1/2018,53612,F,54,Group E,FT,, ,Central,10/2/2001,Salary, ,50+,4594,153.13,0
5/1/2018,53616,F,22,Group C,PT,, ,Central,8/15/2013,Hourly, ,<30,259,8.63,0
5/1/2018,53652,M,42,Group A,FT,, ,Central,12/21/1990,Salary, ,30-49,8532,284.4,0
5/1/2018,53700,F,46,Group F,FT,,Yes,Central,5/28/2014,Salary, ,30-49,0,0,0
5/1/2018,53726,F,27,Group F,PT,, ,Central,4/12/2012,Hourly, ,<30,749,24.97,0
5/1/2018,53744,F,29,Group E,FT,, ,Central,12/10/2013,Salary, ,<30,142,4.73,0
5/1/2018,53750,M,25,Group C,PT,, ,Central,4/30/2014,Hourly, ,<30,1,0.03,0
5/1/2018,53752,M,41,Group A,PT,, ,Central,11/20/2007,Hourly, ,30-49,2354,78.47,0
5/1/2018,53804,F,28,Group B,FT,, ,Central,10/31/2005,Hourly, ,<30,3104,103.47,0
5/1/2018,53826,F,51,Group G,FT,, ,West,8/29/2006,Salary, ,50+,2802,93.4,0
5/1/2018,53838,M,46,Group A,FT,, ,West,11/28/2013,Salary, ,30-49,154,5.13,0
5/1/2018,53868,M,53,Group G,PT,, ,West,12/1/2013,Hourly, ,50+,151,5.03,0
5/1/2018,53874,F,24,Group D,PT,, ,West,11/1/2013,Hourly, ,<30,181,6.03,0
5/1/2018,53876,F,29,Group E,FT,, ,West,8/22/2013,Hourly, ,<30,252,8.4,0
5/1/2018,53938,F,20,Group F,PT,, ,West,5/9/2013,Hourly, ,<30,357,11.9,0
5/1/2018,53952,M,19,Group B,PT,, ,West,7/6/2013,Hourly, ,<30,299,9.97,0
5/1/2018,53988,F,23,Group D,PT,, ,West,1/26/2012,Hourly, ,<30,826,27.53,0
5/1/2018,53992,F,62,Group D,FT,, ,West,2/23/2007,Hourly, ,50+,2624,87.47,0
5/1/2018,54048,M,45,Group A,FT,, ,West,6/27/2004,Salary, ,30-49,3595,119.83,0
5/1/2018,54064,F,44,Group B,FT,, ,West,5/14/2011,Salary, ,30-49,1083,36.1,0
5/1/2018,54082,M,51,Group G,FT,, ,West,8/23/2007,Hourly, ,50+,2443,81.43,0
5/1/2018,54100,M,55,Group B,FT,, ,West,12/15/2007,Hourly, ,50+,2329,77.63,0
5/1/2018,54304,M,25,Group E,PT,, ,South,6/8/2011,Hourly, ,<30,1058,35.27,0
5/1/2018,54306,M,38,Group D,PT,, ,South,10/12/2011,Hourly, ,30-49,932,31.07,0
5/1/2018,54316,M,24,Group B,PT,, ,Northwest,9/13/2006,Hourly, ,<30,2787,92.9,0
5/1/2018,54338,M,28,Group B,FT,, ,North,1/6/2011,Hourly, ,<30,1211,40.37,0
5/1/2018,54356,M,22,Group E,FT,, ,South,4/27/2012,Hourly, ,<30,734,24.47,0
5/1/2018,54366,M,22,Group D,PT,, ,West,7/7/2013,Hourly, ,<30,298,9.93,0
5/1/2018,54372,F,38,Group G,FT,, ,North,1/10/2012,Salary, ,30-49,842,28.07,0
5/1/2018,54384,F,27,Group G,FT,, ,North,1/23/2013,Salary, ,<30,463,15.43,0
5/1/2018,54472,F,69,Group B,FT,, ,Northwest,8/27/2002,Salary, ,50+,4265,142.17,0
5/1/2018,54504,M,41,Group F,FT,, ,North,3/15/2014,Hourly, ,30-49,47,1.57,0
5/1/2018,54506,M,28,Group D,FT,, ,East,12/3/2013,Salary, ,<30,149,4.97,0
5/1/2018,54510,M,45,Group C,FT,, ,Northwest,10/30/2007,Hourly, ,30-49,2375,79.17,0
5/1/2018,54518,M,21,Group D,FT,, ,North,11/8/2013,Hourly, ,<30,174,5.8,0
5/1/2018,54526,M,29,Group B,FT,, ,East,1/8/2014,Hourly, ,<30,113,3.77,0
5/1/2018,54528,F,23,Group B,PT,, ,Midwest,12/15/2011,Hourly, ,<30,868,28.93,0
5/1/2018,54550,M,26,Group B,PT,,Yes,North,5/14/2014,Hourly, ,<30,0,0,0
5/1/2018,54552,M,46,Group C,PT,, ,Midwest,10/19/2012,Hourly, ,30-49,559,18.63,0
5/1/2018,54556,M,22,Group F,PT,, ,South,3/2/2012,Hourly, ,<30,790,26.33,0
5/1/2018,54564,M,21,Group B,PT,, ,South,9/2/2012,Hourly, ,<30,606,20.2,0
5/1/2018,54582,M,49,Group F,PT,, ,Northwest,1/4/2013,Hourly, ,30-49,482,16.07,0
5/1/2018,54614,M,21,Group D,PT,, ,South,10/25/2012,Hourly, ,<30,553,18.43,0
5/1/2018,54636,F,21,Group A,PT,, ,Northwest,4/15/2014,Hourly, ,<30,16,0.53,0
5/1/2018,54662,M,22,Group F,PT,, ,North,2/28/2013,Hourly, ,<30,427,14.23,0
5/1/2018,54890,F,64,Group A,FT,, ,West,4/5/2005,Hourly, ,50+,3313,110.43,0
5/1/2018,54894,F,23,Group F,PT,, ,West,4/26/2013,Hourly, ,<30,370,12.33,0
5/1/2018,54906,F,23,Group F,PT,, ,Midwest,3/15/2012,Hourly, ,<30,777,25.9,0
5/1/2018,54918,F,21,Group C,PT,, ,Midwest,5/31/2013,Hourly, ,<30,335,11.17,0
5/1/2018,55442,F,74,Group G,FT,, ,West,3/11/2003,Hourly, ,50+,4069,135.63,0
5/1/2018,55468,F,20,Group A,PT,, ,West,5/10/2012,Hourly, ,<30,721,24.03,0
5/1/2018,55512,M,55,Group G,PT,, ,West,9/7/2012,Hourly, ,50+,601,20.03,0
5/1/2018,55514,M,24,Group D,PT,, ,West,4/15/2011,Hourly, ,<30,1112,37.07,0
5/1/2018,55566,M,22,Group A,PT,, ,Northwest,8/29/2013,Hourly, ,<30,245,8.17,0
5/1/2018,55578,M,30,Group B,PT,, ,Northwest,11/7/2012,Hourly, ,30-49,540,18,0
5/1/2018,55588,M,43,Group F,PT,, ,Northwest,1/24/2014,Hourly, ,30-49,97,3.23,0
5/1/2018,55620,F,19,Group C,PT,, ,Northwest,4/16/2014,Hourly, ,<30,15,0.5,0
5/1/2018,55632,F,62,Group B,FT,, ,Northwest,9/13/2011,Hourly, ,50+,961,32.03,0
5/1/2018,55646,M,20,Group A,FT,, ,Northwest,11/13/2013,Hourly, ,<30,169,5.63,0
5/1/2018,55648,M,56,Group B,FT,, ,Northwest,7/14/2004,Hourly, ,50+,3578,119.27,0
5/1/2018,55650,M,23,Group E,PT,, ,North,9/26/2008,Hourly, ,<30,2043,68.1,0
5/1/2018,55666,M,21,Group D,PT,, ,South,7/13/2011,Hourly, ,<30,1023,34.1,0
5/1/2018,55700,F,52,Group B,FT,, ,Central,8/30/2005,Hourly, ,50+,3166,105.53,0
5/1/2018,55704,M,52,Group G,FT,, ,Central,5/10/2005,Hourly, ,50+,3278,109.27,0
5/1/2018,55714,M,21,Group D,PT,, ,Central,2/28/2014,Hourly, ,<30,62,2.07,0
5/1/2018,55722,M,40,Group C,PT,, ,Central,5/4/2010,Hourly, ,30-49,1458,48.6,0
5/1/2018,55726,M,42,Group E,FT,, ,Central,10/23/2008,Hourly, ,30-49,2016,67.2,0
5/1/2018,55730,M,22,Group A,PT,, ,Central,8/27/2010,Hourly, ,<30,1343,44.77,0
5/1/2018,55734,M,46,Group F,PT,, ,Central,4/30/2008,Hourly, ,30-49,2192,73.07,0
5/1/2018,55750,M,40,Group A,FT,, ,Central,8/24/2011,Hourly, ,30-49,981,32.7,0
5/1/2018,55770,M,30,Group E,PT,, ,North,8/11/2000,Hourly, ,30-49,5011,167.03,0
5/1/2018,55776,F,24,Group E,PT,, ,South,2/1/2012,Hourly, ,<30,820,27.33,0
5/1/2018,55778,M,43,Group B,PT,, ,South,5/18/2011,Hourly, ,30-49,1079,35.97,0
5/1/2018,55780,M,64,Group A,PT,, ,North,8/18/2011,Hourly, ,50+,987,32.9,0
5/1/2018,56246,M,34,Group E,PT,, ,Central,10/4/2001,Hourly, ,30-49,4592,153.07,0
5/1/2018,56276,M,24,Group G,PT,, ,Central,5/21/2013,Hourly, ,<30,345,11.5,0
5/1/2018,56292,F,33,Group G,FT,, ,Central,12/11/2007,Hourly, ,30-49,2333,77.77,0
5/1/2018,56296,M,56,Group D,FT,, ,Central,3/26/2010,Hourly, ,50+,1497,49.9,0
5/1/2018,56314,M,49,Group C,PT,, ,Central,8/9/2012,Hourly, ,30-49,630,21,0
5/1/2018,56318,M,32,Group C,PT,, ,Central,4/25/2014,Hourly, ,30-49,6,0.2,0
5/1/2018,56320,M,26,Group A,PT,, ,Central,4/23/2014,Hourly, ,<30,8,0.27,0
5/1/2018,56330,M,53,Group E,FT,, ,West,11/17/2009,Hourly, ,50+,1626,54.2,0
5/1/2018,56334,F,25,Group G,PT,, ,West,3/27/2013,Hourly, ,<30,400,13.33,0
5/1/2018,56354,M,68,Group D,PT,, ,West,8/9/2011,Hourly, ,50+,996,33.2,0
5/1/2018,56358,M,64,Group E,PT,, ,West,2/23/2007,Hourly, ,50+,2624,87.47,0
5/1/2018,56360,M,22,Group B,PT,, ,West,10/17/2013,Hourly, ,<30,196,6.53,0
5/1/2018,56424,M,40,Group D,PT,, ,Northwest,11/6/2013,Hourly, ,30-49,176,5.87,0
5/1/2018,56446,M,20,Group F,PT,, ,Northwest,9/28/2013,Hourly, ,<30,215,7.17,0
5/1/2018,56456,M,20,Group E,PT,, ,Northwest,6/28/2013,Hourly, ,<30,307,10.23,0
5/1/2018,56464,M,58,Group D,PT,, ,Northwest,4/17/2014,Hourly, ,50+,14,0.47,0
5/1/2018,56472,M,20,Group F,PT,, ,Northwest,10/17/2013,Hourly, ,<30,196,6.53,0
5/1/2018,56490,M,66,Group G,FT,, ,South,10/19/1988,Hourly, ,50+,9325,310.83,0
5/1/2018,56498,M,51,Group C,FT,, ,Midwest,1/27/2000,Hourly, ,50+,5208,173.6,0
5/1/2018,56508,F,29,Group F,FT,, ,Midwest,8/4/2004,Hourly, ,<30,3557,118.57,0
5/1/2018,56516,M,50,Group E,FT,, ,Midwest,9/20/1984,Hourly, ,50+,10815,360.5,0
5/1/2018,56526,M,63,Group C,FT,, ,South,6/30/1987,Hourly, ,50+,9802,326.73,0
5/1/2018,91744,F,30,Group F,FT,, ,North,12/19/2006,Salary, ,30-49,2690,89.67,0
5/1/2018,91790,M,20,Group A,PT,, ,North,1/4/2013,Hourly, ,<30,482,16.07,0
5/1/2018,91824,M,24,Group D,FT,, ,North,5/24/2008,Hourly, ,<30,2168,72.27,0
5/1/2018,92018,F,61,Group D,FT,, ,East,11/7/2012,Hourly, ,50+,540,18,0
5/1/2018,92056,F,52,Group F,FT,, ,East,3/21/2006,Hourly, ,50+,2963,98.77,0
5/1/2018,92072,F,52,Group B,FT,, ,East,8/26/2008,Salary, ,50+,2074,69.13,0
5/1/2018,92166,F,59,Group D,FT,, ,East,1/17/2006,Hourly, ,50+,3026,100.87,0
5/1/2018,92168,F,43,Group B,FT,, ,East,5/13/2003,Hourly, ,30-49,4006,133.53,0
5/1/2018,92240,M,30,Group D,PT,, ,East,5/7/2008,Hourly, ,30-49,2185,72.83,0
5/1/2018,92246,F,38,Group B,FT,, ,East,10/5/2010,Salary, ,30-49,1304,43.47,0
5/1/2018,92250,M,55,Group C,FT,, ,East,9/8/1981,Salary, ,50+,11923,397.43,0
5/1/2018,92254,M,53,Group F,FT,, ,East,11/15/2011,Salary, ,50+,898,29.93,0
5/1/2018,92258,F,61,Group C,FT,, ,East,12/13/2011,Hourly, ,50+,870,29,0
5/1/2018,92260,M,51,Group B,FT,, ,East,6/27/2008,Hourly, ,50+,2134,71.13,0
5/1/2018,92270,F,39,Group F,FT,, ,East,3/28/2006,Salary, ,30-49,2956,98.53,0
5/1/2018,92276,F,31,Group E,FT,, ,East,4/15/2014,Salary, ,30-49,16,0.53,0
5/1/2018,92282,F,30,Group E,FT,, ,East,12/1/2009,Salary, ,30-49,1612,53.73,0
5/1/2018,92290,F,44,Group F,FT,, ,East,10/29/2013,Salary, ,30-49,184,6.13,0
5/1/2018,92292,F,31,Group F,FT,, ,East,8/2/2011,Salary, ,30-49,1003,33.43,0
5/1/2018,92302,M,37,Group E,FT,, ,East,3/1/2008,Salary, ,30-49,2252,75.07,0
5/1/2018,92310,M,39,Group B,FT,, ,East,6/25/2008,Salary, ,30-49,2136,71.2,0
5/1/2018,92324,F,28,Group F,FT,, ,East,6/2/2005,Salary, ,<30,3255,108.5,0
5/1/2018,92328,F,37,Group A,FT,, ,East,2/4/2009,Salary, ,30-49,1912,63.73,0
5/1/2018,92332,F,46,Group G,FT,, ,East,2/21/2006,Salary, ,30-49,2991,99.7,0
5/1/2018,92334,M,47,Group F,FT,, ,East,1/7/2009,Salary, ,30-49,1940,64.67,0
5/1/2018,92336,F,40,Group E,FT,, ,East,2/25/2009,Salary, ,30-49,1891,63.03,0
5/1/2018,92338,F,51,Group F,FT,, ,East,8/11/2009,Salary, ,50+,1724,57.47,0
5/1/2018,92340,F,30,Group B,FT,, ,East,9/29/2009,Salary, ,30-49,1675,55.83,0
5/1/2018,92352,F,54,Group C,FT,, ,East,8/9/2011,Hourly, ,50+,996,33.2,0
5/1/2018,92354,F,53,Group D,FT,, ,East,8/6/2013,Hourly, ,50+,268,8.93,0
5/1/2018,92358,F,58,Group C,FT,, ,East,5/14/2002,Hourly, ,50+,4370,145.67,0
5/1/2018,92366,F,62,Group F,FT,, ,East,4/4/2006,Hourly, ,50+,2949,98.3,0
5/1/2018,92386,F,46,Group F,FT,, ,East,4/3/2013,Hourly, ,30-49,393,13.1,0
5/1/2018,92404,F,31,Group D,FT,, ,East,9/6/2013,Hourly, ,30-49,237,7.9,0
5/1/2018,92420,M,27,Group D,FT,, ,East,6/23/2004,Hourly, ,<30,3599,119.97,0
5/1/2018,92438,F,53,Group B,FT,, ,East,12/18/2007,Hourly, ,50+,2326,77.53,0
5/1/2018,92440,F,39,Group B,FT,, ,East,2/7/2012,Hourly, ,30-49,814,27.13,0
5/1/2018,92484,F,32,Group C,FT,, ,East,4/28/2011,Salary, ,30-49,1099,36.63,0
5/1/2018,95692,M,50,Group F,FT,, ,East,9/2/2009,Salary, ,50+,1702,56.73,0
5/1/2018,95694,M,34,Group A,FT,, ,East,7/21/2005,Salary, ,30-49,3206,106.87,0
5/1/2018,95696,F,56,Group E,FT,, ,East,11/3/1987,Salary, ,50+,9676,322.53,0
5/1/2018,95710,F,26,Group F,FT,, ,East,2/9/2012,Salary, ,<30,812,27.07,0
5/1/2018,95712,F,23,Group A,FT,, ,East,4/29/2014,Salary, ,<30,2,0.07,0
5/1/2018,95716,M,29,Group F,FT,, ,East,7/23/2013,Salary, ,<30,282,9.4,0
5/1/2018,95722,F,38,Group A,FT,, ,East,4/2/2013,Salary, ,30-49,394,13.13,0
5/1/2018,95726,F,38,Group D,FT,, ,East,7/23/2013,Salary, ,30-49,282,9.4,0
5/1/2018,95728,M,52,Group F,FT,, ,East,5/28/2003,Salary, ,50+,3991,133.03,0
5/1/2018,95730,F,30,Group D,FT,, ,East,6/24/2008,Salary, ,30-49,2137,71.23,0
5/1/2018,95738,M,38,Group C,FT,, ,East,4/15/2014,Salary, ,30-49,16,0.53,0
5/1/2018,95740,M,35,Group E,FT,, ,East,8/13/2008,Salary, ,30-49,2087,69.57,0
5/1/2018,95744,F,51,Group B,FT,, ,East,3/3/1987,Salary, ,50+,9921,330.7,0
5/1/2018,95750,F,23,Group E,FT,,Yes,East,5/13/2014,Salary, ,<30,0,0,0
5/1/2018,95752,F,32,Group D,FT,, ,East,12/1/2006,Salary, ,30-49,2708,90.27,0
5/1/2018,95754,M,58,Group G,FT,, ,East,6/6/2006,Salary, ,50+,2886,96.2,0
5/1/2018,95762,F,37,Group D,FT,, ,East,8/27/2008,Salary, ,30-49,2073,69.1,0
5/1/2018,95770,F,26,Group F,FT,, ,East,5/29/2013,Salary, ,<30,337,11.23,0
5/1/2018,95772,F,54,Group A,FT,, ,East,5/15/1984,Salary, ,50+,10943,364.77,0
5/1/2018,95782,F,42,Group E,FT,, ,East,9/17/2008,Salary, ,30-49,2052,68.4,0
5/1/2018,95784,M,43,Group F,FT,, ,East,7/17/2007,Salary, ,30-49,2480,82.67,0
5/1/2018,95788,F,52,Group G,FT,, ,East,1/5/2010,Salary, ,50+,1577,52.57,0
5/1/2018,95792,F,37,Group D,PT,, ,East,8/27/2013,Salary, ,30-49,247,8.23,0
5/1/2018,96072,F,21,Group E,PT,,Yes,East,5/13/2014,Hourly, ,<30,0,0,0
5/1/2018,96180,M,26,Group E,FT,, ,East,1/29/2008,Hourly, ,<30,2284,76.13,0
5/1/2018,96198,F,49,Group G,PT,, ,East,2/18/2014,Hourly, ,30-49,72,2.4,0
5/1/2018,96218,F,32,Group A,PT,, ,East,7/30/2013,Hourly, ,30-49,275,9.17,0
5/1/2018,96236,F,34,Group A,FT,, ,East,10/11/2011,Hourly, ,30-49,933,31.1,0
5/1/2018,96352,F,23,Group E,FT,, ,East,2/13/2013,Hourly, ,<30,442,14.73,0
5/1/2018,96382,F,25,Group A,FT,, ,East,11/20/2007,Hourly, ,<30,2354,78.47,0
5/1/2018,96442,M,46,Group C,FT,, ,East,9/20/2005,Hourly, ,30-49,3145,104.83,0
5/1/2018,96504,F,28,Group B,FT,, ,East,2/11/2014,Hourly, ,<30,79,2.63,0
5/1/2018,96512,F,19,Group C,PT,, ,East,1/21/2014,Hourly, ,<30,100,3.33,0
5/1/2018,96764,F,36,Group E,FT,, ,East,7/13/2001,Hourly, ,30-49,4675,155.83,0
5/1/2018,97020,F,41,Group B,FT,, ,East,6/21/2002,Hourly, ,30-49,4332,144.4,0
5/1/2018,97038,F,26,Group E,FT,, ,East,10/2/2007,Hourly, ,<30,2403,80.1,0
5/1/2018,97052,F,50,Group A,FT,, ,East,5/14/2008,Hourly, ,50+,2178,72.6,0
5/1/2018,97066,F,25,Group F,FT,, ,East,7/19/2011,Hourly, ,<30,1017,33.9,0
5/1/2018,97198,M,25,Group A,PT,, ,East,10/24/2012,Hourly, ,<30,554,18.47,0
5/1/2018,97318,F,26,Group A,PT,, ,East,5/13/2009,Hourly, ,<30,1814,60.47,0
5/1/2018,97344,F,37,Group F,FT,, ,East,2/27/2003,Hourly, ,30-49,4081,136.03,0
5/1/2018,97528,F,19,Group B,PT,, ,East,10/29/2013,Hourly, ,<30,184,6.13,0
5/1/2018,97546,F,60,Group E,FT,, ,East,7/24/2003,Hourly, ,50+,3934,131.13,0
5/1/2018,97712,M,20,Group C,PT,, ,East,4/29/2014,Hourly, ,<30,2,0.07,0
5/1/2018,98080,F,32,Group A,FT,, ,East,10/9/2001,Hourly, ,30-49,4587,152.9,0
5/1/2018,98172,F,22,Group D,FT,, ,East,2/25/2014,Hourly, ,<30,65,2.17,0
5/1/2018,98352,F,23,Group B,FT,, ,East,8/9/2011,Hourly, ,<30,996,33.2,0
5/1/2018,98432,F,32,Group E,FT,, ,East,4/5/2005,Hourly, ,30-49,3313,110.43,0
