Date,EmpID,Gender,Age,EthnicGroup,FP,TermDate,isNewHire,BU Region,HireDate,PayType,TermReason,AgeGroup,TenureDays,TenureMonths,BadHires
1/1/2018,1284,M,53,Group F,PT,1/30/2014,Yes,North,1/30/2014,Hourly,Voluntary,50+,0,0,1
1/1/2018,1780,F,22,Group F,PT,, ,North,11/15/2013,Hourly, ,<30,47,1.57,0
1/1/2018,1842,F,25,Group E,PT,, ,North,8/21/2013,Hourly, ,<30,133,4.43,0
1/1/2018,1936,F,20,Group E,PT,, ,North,9/12/2013,Hourly, ,<30,111,3.7,0
1/1/2018,1950,M,39,Group A,PT,, ,North,8/27/2008,Hourly, ,30-49,1953,65.1,0
1/1/2018,1958,M,22,Group B,PT,, ,North,8/21/2013,Hourly, ,<30,133,4.43,0
1/1/2018,1966,M,36,Group A,PT,, ,North,9/8/2012,Hourly, ,30-49,480,16,0
1/1/2018,1972,M,21,Group F,PT,, ,North,9/26/2013,Hourly, ,<30,97,3.23,0
1/1/2018,1976,M,43,Group A,PT,, ,North,9/20/2013,Hourly, ,30-49,103,3.43,0
1/1/2018,1988,F,20,Group A,PT,, ,Midwest,8/24/2013,Hourly, ,<30,130,4.33,0
1/1/2018,2056,M,20,Group D,PT,, ,Midwest,6/14/2013,Hourly, ,<30,201,6.7,0
1/1/2018,2058,M,25,Group F,PT,, ,Midwest,8/8/2013,Hourly, ,<30,146,4.87,0
1/1/2018,2090,M,26,Group G,PT,1/2/2014, ,Midwest,6/21/2013,Hourly,Voluntary,<30,195,6.5,0
1/1/2018,2106,M,23,Group E,PT,,Yes,Midwest,1/24/2014,Hourly, ,<30,0,0,0
1/1/2018,2202,F,23,Group C,PT,, ,Midwest,10/31/2013,Hourly, ,<30,62,2.07,0
1/1/2018,3202,M,20,Group G,PT,1/30/2014,Yes,Midwest,1/25/2014,Hourly,Voluntary,<30,5,0.17,1
1/1/2018,3744,F,49,Group B,PT,1/22/2014,Yes,South,1/22/2014,Hourly,Voluntary,30-49,0,0,1
1/1/2018,3842,F,19,Group G,PT,, ,South,9/20/2013,Hourly, ,<30,103,3.43,0
1/1/2018,3954,M,42,Group B,PT,1/23/2014, ,South,9/19/2013,Hourly,Voluntary,30-49,126,4.2,0
1/1/2018,4076,F,27,Group B,PT,, ,South,8/15/2013,Hourly, ,<30,139,4.63,0
1/1/2018,4138,M,26,Group E,PT,, ,South,7/13/2012,Hourly, ,<30,537,17.9,0
1/1/2018,4154,M,41,Group D,PT,, ,South,8/7/2013,Hourly, ,30-49,147,4.9,0
1/1/2018,5006,M,37,Group B,PT,1/31/2014,Yes,South,1/22/2014,Hourly,Voluntary,30-49,9,0.3,1
1/1/2018,5052,F,23,Group C,PT,, ,South,6/2/2011,Hourly, ,<30,944,31.47,0
1/1/2018,5066,F,30,Group C,PT,,Yes,South,1/9/2014,Hourly, ,30-49,0,0,0
1/1/2018,5202,M,25,Group E,PT,, ,North,8/12/2010,Hourly, ,<30,1238,41.27,0
1/1/2018,5216,F,20,Group A,PT,, ,North,10/30/2013,Hourly, ,<30,63,2.1,0
1/1/2018,5238,M,19,Group D,PT,, ,North,6/5/2013,Hourly, ,<30,210,7,0
1/1/2018,5268,M,20,Group A,PT,, ,North,8/16/2013,Hourly, ,<30,138,4.6,0
1/1/2018,5272,M,41,Group C,PT,,Yes,North,1/2/2014,Hourly, ,30-49,0,0,0
1/1/2018,7494,M,20,Group C,PT,1/23/2014,Yes,South,1/22/2014,Hourly,Voluntary,<30,1,0.03,1
1/1/2018,8086,F,25,Group E,PT,1/28/2014,Yes,Midwest,1/24/2014,Hourly,Voluntary,<30,4,0.13,1
1/1/2018,8506,F,21,Group C,PT,, ,Midwest,9/12/2012,Hourly, ,<30,476,15.87,0
1/1/2018,8782,F,21,Group F,PT,1/30/2014,Yes,Midwest,1/24/2014,Hourly,Voluntary,<30,6,0.2,1
1/1/2018,9108,F,22,Group B,PT,, ,North,11/14/2013,Hourly, ,<30,48,1.6,0
1/1/2018,9222,F,20,Group A,PT,1/6/2014, ,North,11/14/2013,Hourly,Voluntary,<30,53,1.77,1
1/1/2018,9460,M,21,Group D,PT,, ,North,9/27/2011,Hourly, ,<30,827,27.57,0
1/1/2018,9492,M,34,Group E,PT,, ,North,8/8/2013,Hourly, ,30-49,146,4.87,0
1/1/2018,9500,M,56,Group G,PT,, ,North,9/13/2013,Hourly, ,50+,110,3.67,0
1/1/2018,9502,M,54,Group F,PT,, ,North,8/20/2013,Hourly, ,50+,134,4.47,0
1/1/2018,10522,M,23,Group E,PT,1/12/2014, ,South,8/7/2013,Hourly,Voluntary,<30,158,5.27,0
1/1/2018,10742,F,25,Group G,PT,1/13/2014, ,South,6/20/2012,Hourly,Involuntary,<30,572,19.07,0
1/1/2018,10786,M,26,Group B,PT,, ,South,10/16/2013,Hourly, ,<30,77,2.57,0
1/1/2018,10854,F,20,Group G,PT,, ,South,10/31/2013,Hourly, ,<30,62,2.07,0
1/1/2018,10970,F,22,Group E,PT,1/9/2014, ,South,8/8/2013,Hourly,Involuntary,<30,154,5.13,0
1/1/2018,10980,M,22,Group D,PT,, ,South,7/12/2013,Hourly, ,<30,173,5.77,0
1/1/2018,11022,M,21,Group E,PT,, ,South,12/11/2013,Hourly, ,<30,21,0.7,0
1/1/2018,11388,F,21,Group D,PT,, ,South,10/23/2013,Hourly, ,<30,70,2.33,0
1/1/2018,11614,M,23,Group G,PT,, ,South,11/20/2013,Hourly, ,<30,42,1.4,0
1/1/2018,12932,F,19,Group C,PT,, ,Northwest,10/17/2013,Hourly, ,<30,76,2.53,0
1/1/2018,12946,F,67,Group D,PT,1/25/2014,Yes,Northwest,1/24/2014,Hourly,Voluntary,50+,1,0.03,1
1/1/2018,13156,F,21,Group D,PT,, ,Northwest,12/17/2013,Hourly, ,<30,15,0.5,0
1/1/2018,13262,M,32,Group A,PT,1/27/2014,Yes,Northwest,1/22/2014,Hourly,Involuntary,30-49,5,0.17,1
1/1/2018,13456,M,47,Group A,PT,1/31/2014,Yes,West,1/31/2014,Hourly,Involuntary,30-49,0,0,1
1/1/2018,13516,M,32,Group B,PT,,Yes,Northwest,1/9/2014,Hourly, ,30-49,0,0,0
1/1/2018,13796,M,47,Group A,PT,1/27/2014,Yes,East,1/23/2014,Hourly,Involuntary,30-49,4,0.13,1
1/1/2018,13976,F,19,Group D,PT,, ,Northwest,12/19/2013,Hourly, ,<30,13,0.43,0
1/1/2018,14066,M,23,Group D,PT,1/5/2014, ,West,11/9/2013,Hourly,Involuntary,<30,57,1.9,1
1/1/2018,14732,F,24,Group F,PT,1/29/2014,Yes,East,1/21/2014,Hourly,Voluntary,<30,8,0.27,1
1/1/2018,14786,M,19,Group B,PT,1/9/2014, ,East,10/15/2013,Hourly,Involuntary,<30,86,2.87,0
1/1/2018,14876,F,27,Group C,PT,1/30/2014,Yes,East,1/21/2014,Hourly,Involuntary,<30,9,0.3,1
1/1/2018,15324,F,21,Group C,PT,,Yes,East,1/7/2014,Hourly, ,<30,0,0,0
1/1/2018,15360,F,20,Group E,PT,1/29/2014,Yes,East,1/21/2014,Hourly,Voluntary,<30,8,0.27,1
1/1/2018,16080,M,19,Group F,PT,1/20/2014, ,Northwest,11/6/2013,Hourly,Voluntary,<30,75,2.5,0
1/1/2018,16106,F,28,Group A,PT,1/28/2014,Yes,Northwest,1/28/2014,Hourly,Voluntary,<30,0,0,1
1/1/2018,16664,M,27,Group F,PT,1/25/2014, ,North,9/25/2008,Hourly,Involuntary,<30,1948,64.93,0
1/1/2018,16670,M,23,Group C,PT,1/19/2014, ,North,12/28/2013,Hourly,Voluntary,<30,22,0.73,1
1/1/2018,16678,M,57,Group A,FT,, ,Northwest,6/7/2012,Hourly, ,50+,573,19.1,0
1/1/2018,16718,M,28,Group A,PT,, ,South,2/8/2013,Hourly, ,<30,327,10.9,0
1/1/2018,16730,F,77,Group E,FT,, ,North,5/24/2011,Hourly, ,50+,953,31.77,0
1/1/2018,17056,F,20,Group C,PT,, ,West,7/5/2013,Hourly, ,<30,180,6,0
1/1/2018,17146,F,24,Group D,PT,, ,West,11/16/2010,Hourly, ,<30,1142,38.07,0
1/1/2018,17268,F,21,Group C,PT,1/24/2014, ,West,8/20/2013,Hourly,Involuntary,<30,157,5.23,0
1/1/2018,17292,F,24,Group E,PT,,Yes,West,1/16/2014,Hourly, ,<30,0,0,0
1/1/2018,17362,F,29,Group B,FT,, ,East,12/20/2011,Hourly, ,<30,743,24.77,0
1/1/2018,17548,M,26,Group E,PT,, ,East,9/17/2013,Hourly, ,<30,106,3.53,0
1/1/2018,17754,M,31,Group C,PT,, ,Northwest,8/15/2013,Hourly, ,30-49,139,4.63,0
1/1/2018,17854,M,23,Group E,PT,, ,West,3/15/2012,Hourly, ,<30,657,21.9,0
1/1/2018,17932,M,56,Group F,PT,, ,Central,10/3/2013,Hourly, ,50+,90,3,0
1/1/2018,17998,M,47,Group C,PT,, ,Northwest,9/2/2012,Hourly, ,30-49,486,16.2,0
1/1/2018,18008,F,22,Group C,PT,, ,Northwest,9/25/2013,Hourly, ,<30,98,3.27,0
1/1/2018,18026,M,19,Group G,PT,, ,Northwest,8/10/2013,Hourly, ,<30,144,4.8,0
1/1/2018,18130,M,25,Group D,PT,, ,Northwest,10/31/2013,Hourly, ,<30,62,2.07,0
1/1/2018,18214,F,23,Group F,PT,, ,Northwest,11/9/2013,Hourly, ,<30,53,1.77,0
1/1/2018,18230,M,48,Group A,PT,, ,North,10/24/2007,Hourly, ,30-49,2261,75.37,0
1/1/2018,18254,M,20,Group D,PT,, ,Central,12/17/2013,Hourly, ,<30,15,0.5,0
1/1/2018,18404,M,21,Group E,PT,,Yes,Central,1/24/2014,Hourly, ,<30,0,0,0
1/1/2018,18786,M,40,Group C,PT,, ,Central,10/16/2013,Hourly, ,30-49,77,2.57,0
1/1/2018,18926,F,23,Group A,PT,, ,West,11/30/2012,Hourly, ,<30,397,13.23,0
1/1/2018,18994,F,21,Group B,FT,, ,Northwest,9/9/2013,Hourly, ,<30,114,3.8,0
1/1/2018,19130,F,44,Group F,PT,, ,North,9/14/2012,Hourly, ,30-49,474,15.8,0
1/1/2018,19204,F,20,Group G,PT,, ,West,8/17/2013,Hourly, ,<30,137,4.57,0
1/1/2018,19376,M,19,Group C,PT,, ,Central,10/3/2013,Hourly, ,<30,90,3,0
1/1/2018,19600,F,24,Group A,FT,, ,Northwest,4/27/2011,Hourly, ,<30,980,32.67,0
1/1/2018,19650,M,21,Group D,PT,, ,Northwest,9/6/2013,Hourly, ,<30,117,3.9,0
1/1/2018,19702,F,22,Group E,PT,, ,Northwest,8/15/2013,Hourly, ,<30,139,4.63,0
1/1/2018,19798,F,30,Group B,PT,1/23/2014,Yes,Northwest,1/23/2014,Hourly,Voluntary,30-49,0,0,1
1/1/2018,19870,M,24,Group A,PT,, ,Northwest,10/24/2013,Hourly, ,<30,69,2.3,0
1/1/2018,20248,M,24,Group E,PT,1/12/2014, ,Northwest,5/30/2013,Hourly,Voluntary,<30,227,7.57,0
1/1/2018,20574,M,29,Group B,PT,1/31/2014, ,West,8/7/2013,Hourly,Involuntary,<30,177,5.9,0
1/1/2018,20574,M,29,Group B,PT,, ,West,8/7/2013,Hourly, ,<30,147,4.9,0
1/1/2018,20706,M,45,Group F,PT,, ,South,7/21/2011,Hourly, ,30-49,895,29.83,0
1/1/2018,20832,F,20,Group D,PT,,Yes,West,1/17/2014,Hourly, ,<30,0,0,0
1/1/2018,20938,M,31,Group E,PT,, ,West,11/16/2013,Hourly, ,30-49,46,1.53,0
1/1/2018,21208,M,30,Group A,FT,, ,Northwest,7/13/2000,Hourly, ,30-49,4920,164,0
1/1/2018,21490,M,20,Group C,PT,,Yes,Northwest,1/9/2014,Hourly, ,<30,0,0,0
1/1/2018,21544,F,27,Group B,PT,, ,Northwest,9/2/2010,Hourly, ,<30,1217,40.57,0
1/1/2018,21618,F,23,Group C,PT,, ,Central,10/30/2013,Hourly, ,<30,63,2.1,0
1/1/2018,21630,F,19,Group B,PT,, ,South,10/18/2013,Hourly, ,<30,75,2.5,0
1/1/2018,21870,F,21,Group C,PT,, ,North,9/13/2013,Hourly, ,<30,110,3.67,0
1/1/2018,22466,F,20,Group F,PT,, ,East,9/24/2013,Hourly, ,<30,99,3.3,0
1/1/2018,22574,F,23,Group G,PT,, ,Northwest,10/5/2013,Hourly, ,<30,88,2.93,0
1/1/2018,22578,F,69,Group C,FT,, ,Northwest,5/5/2011,Hourly, ,50+,972,32.4,0
1/1/2018,22618,M,47,Group E,PT,1/25/2014,Yes,South,1/21/2014,Hourly,Voluntary,30-49,4,0.13,1
1/1/2018,22912,M,33,Group C,FT,1/13/2014, ,Northwest,10/31/2013,Hourly,Voluntary,30-49,74,2.47,0
1/1/2018,23112,F,21,Group G,PT,, ,North,2/22/2012,Hourly, ,<30,679,22.63,0
1/1/2018,23252,M,20,Group F,PT,, ,Central,5/8/2013,Hourly, ,<30,238,7.93,0
1/1/2018,23394,M,23,Group B,PT,, ,Central,9/22/2012,Hourly, ,<30,466,15.53,0
1/1/2018,24502,F,23,Group F,PT,, ,East,9/17/2013,Hourly, ,<30,106,3.53,0
1/1/2018,24518,F,20,Group A,PT,,Yes,East,1/23/2014,Hourly, ,<30,0,0,0
1/1/2018,24608,M,41,Group G,PT,, ,North,11/18/2013,Hourly, ,30-49,44,1.47,0
1/1/2018,24614,F,24,Group A,PT,, ,North,8/23/2013,Hourly, ,<30,131,4.37,0
1/1/2018,24692,F,22,Group E,PT,, ,West,7/6/2013,Hourly, ,<30,179,5.97,0
1/1/2018,24788,M,24,Group G,PT,1/24/2014,Yes,Midwest,1/24/2014,Hourly,Voluntary,<30,0,0,1
1/1/2018,24994,M,21,Group B,PT,, ,Northwest,11/19/2013,Hourly, ,<30,43,1.43,0
1/1/2018,25044,F,20,Group G,PT,, ,Central,6/21/2013,Hourly, ,<30,194,6.47,0
1/1/2018,25050,M,22,Group B,PT,, ,Central,10/23/2013,Hourly, ,<30,70,2.33,0
1/1/2018,25148,F,23,Group C,PT,, ,Central,11/13/2013,Hourly, ,<30,49,1.63,0
1/1/2018,25212,F,21,Group F,PT,, ,West,7/17/2013,Hourly, ,<30,168,5.6,0
1/1/2018,25882,F,22,Group D,PT,, ,Northwest,6/22/2012,Hourly, ,<30,558,18.6,0
1/1/2018,25892,F,20,Group F,PT,, ,Northwest,6/29/2012,Hourly, ,<30,551,18.37,0
1/1/2018,25898,F,20,Group G,PT,, ,Northwest,8/30/2013,Hourly, ,<30,124,4.13,0
1/1/2018,26148,F,20,Group B,PT,1/28/2014, ,Central,9/4/2013,Hourly,Voluntary,<30,146,4.87,0
1/1/2018,26778,M,18,Group C,PT,, ,Central,1/20/2013,Hourly, ,<30,346,11.53,0
1/1/2018,26836,M,45,Group A,PT,,Yes,Midwest,1/29/2014,Hourly, ,30-49,0,0,0
1/1/2018,26924,F,23,Group F,PT,, ,West,9/21/2012,Hourly, ,<30,467,15.57,0
1/1/2018,26954,M,88,Group B,PT,, ,West,8/27/2009,Hourly, ,50+,1588,52.93,0
1/1/2018,27450,F,22,Group G,PT,, ,North,11/10/2011,Hourly, ,<30,783,26.1,0
1/1/2018,28016,M,52,Group E,PT,, ,Northwest,2/28/2013,Hourly, ,50+,307,10.23,0
1/1/2018,28082,F,19,Group B,PT,, ,Northwest,10/11/2013,Hourly, ,<30,82,2.73,0
1/1/2018,28222,M,23,Group D,PT,, ,Central,10/16/2013,Hourly, ,<30,77,2.57,0
1/1/2018,28238,F,27,Group G,PT,, ,Central,6/11/2013,Hourly, ,<30,204,6.8,0
1/1/2018,28262,M,61,Group B,PT,, ,Central,11/1/2013,Hourly, ,50+,61,2.03,0
1/1/2018,28266,F,23,Group F,PT,, ,Central,9/12/2013,Hourly, ,<30,111,3.7,0
1/1/2018,28276,M,22,Group A,PT,, ,Central,4/30/2013,Hourly, ,<30,246,8.2,0
1/1/2018,28308,M,65,Group A,PT,1/30/2014,Yes,Central,1/24/2014,Hourly,Voluntary,50+,6,0.2,1
1/1/2018,28380,F,46,Group F,PT,, ,Central,5/9/2013,Hourly, ,30-49,237,7.9,0
1/1/2018,28412,F,24,Group C,PT,, ,West,9/5/2013,Hourly, ,<30,118,3.93,0
1/1/2018,28738,F,23,Group G,PT,, ,Central,9/16/2012,Hourly, ,<30,472,15.73,0
1/1/2018,28758,M,22,Group A,PT,,Yes,West,1/7/2014,Hourly, ,<30,0,0,0
1/1/2018,28848,F,19,Group E,PT,1/23/2014,Yes,Northwest,1/22/2014,Hourly,Voluntary,<30,1,0.03,1
1/1/2018,29062,M,44,Group G,FT,, ,Midwest,5/26/2009,Hourly, ,30-49,1681,56.03,0
1/1/2018,29274,F,24,Group F,PT,, ,Central,5/16/2013,Hourly, ,<30,230,7.67,0
1/1/2018,29294,F,48,Group D,PT,1/29/2014,Yes,Central,1/22/2014,Hourly,Voluntary,30-49,7,0.23,1
1/1/2018,29552,F,27,Group B,PT,, ,West,3/15/2013,Hourly, ,<30,292,9.73,0
1/1/2018,29632,M,29,Group F,PT,, ,Central,4/1/2010,Hourly, ,<30,1371,45.7,0
1/1/2018,29862,M,22,Group B,PT,, ,Central,11/6/2013,Hourly, ,<30,56,1.87,0
1/1/2018,30046,M,19,Group D,PT,, ,Central,5/23/2013,Hourly, ,<30,223,7.43,0
1/1/2018,30238,M,32,Group B,PT,, ,Northwest,9/19/2013,Hourly, ,30-49,104,3.47,0
1/1/2018,30248,F,40,Group C,FT,1/20/2014, ,Northwest,11/14/2006,Hourly,Voluntary,30-49,2624,87.47,0
1/1/2018,30628,M,19,Group D,PT,1/30/2014,Yes,Northwest,1/30/2014,Hourly,Voluntary,<30,0,0,1
1/1/2018,30868,M,19,Group D,PT,, ,Northwest,8/21/2013,Hourly, ,<30,133,4.43,0
1/1/2018,30934,M,54,Group B,PT,, ,Northwest,11/3/2011,Hourly, ,50+,790,26.33,0
1/1/2018,30964,M,21,Group F,PT,, ,Northwest,5/30/2013,Hourly, ,<30,216,7.2,0
1/1/2018,31162,M,24,Group G,PT,1/19/2014, ,Northwest,12/28/2013,Hourly,Voluntary,<30,22,0.73,1
1/1/2018,31256,M,35,Group C,PT,1/13/2014, ,Central,10/9/2013,Hourly,Voluntary,30-49,96,3.2,0
1/1/2018,31806,M,23,Group G,PT,, ,West,9/24/2013,Hourly, ,<30,99,3.3,0
1/1/2018,31824,M,24,Group B,PT,, ,North,6/1/2012,Hourly, ,<30,579,19.3,0
1/1/2018,31918,M,49,Group F,PT,, ,Midwest,3/24/2012,Hourly, ,30-49,648,21.6,0
1/1/2018,32034,F,19,Group E,PT,, ,North,11/5/2013,Hourly, ,<30,57,1.9,0
1/1/2018,32952,M,29,Group F,PT,, ,North,10/1/2013,Hourly, ,<30,92,3.07,0
1/1/2018,33066,F,31,Group E,PT,, ,South,4/13/2011,Hourly, ,30-49,994,33.13,0
1/1/2018,33132,M,20,Group A,PT,, ,South,6/9/2012,Hourly, ,<30,571,19.03,0
1/1/2018,33140,M,28,Group B,PT,, ,West,10/23/2013,Hourly, ,<30,70,2.33,0
1/1/2018,33148,M,53,Group F,PT,, ,South,8/1/2012,Hourly, ,50+,518,17.27,0
1/1/2018,33240,F,31,Group E,FT,, ,Midwest,6/26/2002,Salary, ,30-49,4207,140.23,0
1/1/2018,33258,M,36,Group D,FT,, ,West,4/4/2008,Salary, ,30-49,2098,69.93,0
1/1/2018,33262,F,49,Group E,FT,, ,Northwest,3/19/2008,Salary, ,30-49,2114,70.47,0
1/1/2018,33278,F,33,Group E,FT,, ,Midwest,9/29/2011,Salary, ,30-49,825,27.5,0
1/1/2018,33288,F,47,Group G,FT,, ,East,7/16/2008,Salary, ,30-49,1995,66.5,0
1/1/2018,33296,F,34,Group G,FT,1/3/2014, ,East,8/27/2008,Salary,Voluntary,30-49,1955,65.17,0
1/1/2018,33310,M,23,Group D,FT,, ,East,6/25/2013,Salary, ,<30,190,6.33,0
1/1/2018,33312,F,52,Group C,FT,, ,East,10/4/2011,Salary, ,50+,820,27.33,0
1/1/2018,33812,M,28,Group B,PT,, ,Midwest,1/13/2012,Hourly, ,<30,719,23.97,0
1/1/2018,40406,M,49,Group B,FT,, ,North,4/9/2005,Hourly, ,30-49,3189,106.3,0
1/1/2018,40416,F,20,Group C,FT,, ,North,5/21/2013,Hourly, ,<30,225,7.5,0
1/1/2018,40434,M,56,Group E,FT,, ,North,8/16/2012,Hourly, ,50+,503,16.77,0
1/1/2018,40452,M,47,Group A,PT,, ,North,10/16/2013,Hourly, ,30-49,77,2.57,0
1/1/2018,40462,F,20,Group A,PT,, ,North,9/19/2013,Hourly, ,<30,104,3.47,0
1/1/2018,40472,F,57,Group E,FT,, ,North,5/18/2005,Hourly, ,50+,3150,105,0
1/1/2018,40478,M,22,Group C,PT,, ,North,6/22/2011,Hourly, ,<30,924,30.8,0
1/1/2018,40484,M,21,Group F,PT,, ,North,12/13/2011,Hourly, ,<30,750,25,0
1/1/2018,40486,M,28,Group A,PT,, ,North,11/2/2011,Hourly, ,<30,791,26.37,0
1/1/2018,40488,M,37,Group D,FT,, ,North,5/23/2011,Hourly, ,30-49,954,31.8,0
1/1/2018,40506,M,21,Group G,PT,, ,North,7/27/2012,Hourly, ,<30,523,17.43,0
1/1/2018,40542,M,47,Group D,PT,, ,North,6/21/2005,Hourly, ,30-49,3116,103.87,0
1/1/2018,40548,F,31,Group E,FT,, ,North,5/2/2007,Hourly, ,30-49,2436,81.2,0
1/1/2018,40554,M,68,Group C,PT,, ,North,2/23/2007,Hourly, ,50+,2504,83.47,0
1/1/2018,40754,F,24,Group D,PT,, ,North,8/7/2008,Hourly, ,<30,1973,65.77,0
1/1/2018,41030,F,20,Group F,PT,, ,Midwest,5/16/2013,Hourly, ,<30,230,7.67,0
1/1/2018,41038,M,44,Group F,PT,, ,Midwest,3/16/2012,Hourly, ,30-49,656,21.87,0
1/1/2018,41042,F,37,Group D,PT,, ,Midwest,8/9/2013,Hourly, ,30-49,145,4.83,0
1/1/2018,41050,M,29,Group F,PT,, ,Midwest,12/29/2007,Hourly, ,<30,2195,73.17,0
1/1/2018,41058,F,24,Group C,PT,, ,Midwest,10/26/2011,Hourly, ,<30,798,26.6,0
1/1/2018,41082,F,23,Group F,PT,, ,Midwest,2/18/2010,Hourly, ,<30,1413,47.1,0
1/1/2018,41288,F,22,Group B,FT,, ,Midwest,3/2/2012,Hourly, ,<30,670,22.33,0
1/1/2018,41292,F,22,Group D,PT,, ,Midwest,11/3/2012,Hourly, ,<30,424,14.13,0
1/1/2018,41332,M,26,Group G,FT,, ,Midwest,10/20/2009,Hourly, ,<30,1534,51.13,0
1/1/2018,41344,M,66,Group F,PT,, ,Midwest,8/30/2005,Hourly, ,50+,3046,101.53,0
1/1/2018,41372,F,31,Group G,FT,, ,Midwest,7/26/2013,Hourly, ,30-49,159,5.3,0
1/1/2018,41388,F,22,Group B,FT,, ,South,6/26/2013,Hourly, ,<30,189,6.3,0
1/1/2018,41396,F,19,Group C,PT,, ,South,4/27/2013,Hourly, ,<30,249,8.3,0
1/1/2018,41416,M,21,Group C,PT,, ,South,8/28/2013,Hourly, ,<30,126,4.2,0
1/1/2018,41420,M,20,Group C,PT,, ,South,4/18/2013,Hourly, ,<30,258,8.6,0
1/1/2018,41510,M,25,Group A,PT,, ,South,10/26/2011,Hourly, ,<30,798,26.6,0
1/1/2018,41512,F,21,Group G,PT,, ,South,8/25/2012,Hourly, ,<30,494,16.47,0
1/1/2018,41518,M,52,Group C,PT,, ,South,7/12/2013,Hourly, ,50+,173,5.77,0
1/1/2018,41692,M,48,Group D,FT,, ,South,11/22/2012,Hourly, ,30-49,405,13.5,0
1/1/2018,42106,M,59,Group B,PT,, ,South,8/23/2012,Hourly, ,50+,496,16.53,0
1/1/2018,42236,M,65,Group G,FT,, ,South,6/15/2011,Hourly, ,50+,931,31.03,0
1/1/2018,42238,F,21,Group B,PT,, ,South,10/20/2012,Hourly, ,<30,438,14.6,0
1/1/2018,42680,M,63,Group D,PT,, ,South,6/20/2013,Hourly, ,50+,195,6.5,0
1/1/2018,42684,M,25,Group A,FT,, ,South,2/14/2006,Hourly, ,<30,2878,95.93,0
1/1/2018,42708,M,62,Group E,PT,, ,South,10/27/2011,Hourly, ,50+,797,26.57,0
1/1/2018,42804,F,24,Group F,PT,, ,South,9/7/2012,Hourly, ,<30,481,16.03,0
1/1/2018,42892,M,59,Group G,FT,, ,South,6/19/2007,Hourly, ,50+,2388,79.6,0
1/1/2018,42896,M,20,Group B,PT,, ,South,8/14/2013,Hourly, ,<30,140,4.67,0
1/1/2018,42924,F,24,Group E,PT,, ,South,6/23/2011,Hourly, ,<30,923,30.77,0
1/1/2018,43058,M,37,Group C,PT,, ,South,8/16/2013,Hourly, ,30-49,138,4.6,0
1/1/2018,43128,M,23,Group B,PT,, ,South,2/25/2012,Hourly, ,<30,676,22.53,0
1/1/2018,43134,F,20,Group E,PT,, ,South,7/31/2013,Hourly, ,<30,154,5.13,0
1/1/2018,43160,M,37,Group F,PT,,Yes,South,1/20/2014,Hourly, ,30-49,0,0,0
1/1/2018,43308,M,18,Group C,PT,, ,South,10/31/2012,Hourly, ,<30,427,14.23,0
1/1/2018,43336,M,22,Group E,PT,, ,South,3/31/2012,Hourly, ,<30,641,21.37,0
1/1/2018,43340,F,23,Group G,FT,, ,South,8/20/2013,Hourly, ,<30,134,4.47,0
1/1/2018,43342,F,23,Group F,FT,, ,South,3/31/2012,Hourly, ,<30,641,21.37,0
1/1/2018,43350,M,69,Group E,PT,, ,South,11/6/2013,Hourly, ,50+,56,1.87,0
1/1/2018,43356,F,23,Group B,FT,, ,South,9/2/2009,Hourly, ,<30,1582,52.73,0
1/1/2018,43376,F,48,Group A,PT,, ,North,10/16/2012,Hourly, ,30-49,442,14.73,0
1/1/2018,43380,M,27,Group C,PT,, ,North,7/5/2012,Hourly, ,<30,545,18.17,0
1/1/2018,43414,F,19,Group E,FT,, ,North,9/26/2013,Hourly, ,<30,97,3.23,0
1/1/2018,43428,F,19,Group D,PT,, ,North,8/8/2013,Hourly, ,<30,146,4.87,0
1/1/2018,43430,F,49,Group A,FT,, ,North,9/16/2011,Hourly, ,30-49,838,27.93,0
1/1/2018,43432,F,36,Group C,FT,, ,North,3/10/2011,Hourly, ,30-49,1028,34.27,0
1/1/2018,43438,M,60,Group G,FT,, ,North,7/19/2012,Hourly, ,50+,531,17.7,0
1/1/2018,43440,F,26,Group G,FT,, ,North,5/31/2007,Hourly, ,<30,2407,80.23,0
1/1/2018,43526,M,58,Group C,FT,, ,North,4/26/2008,Hourly, ,50+,2076,69.2,0
1/1/2018,43538,M,26,Group C,PT,, ,North,6/12/2008,Hourly, ,<30,2029,67.63,0
1/1/2018,43570,F,20,Group A,PT,, ,North,11/6/2013,Hourly, ,<30,56,1.87,0
1/1/2018,43606,F,24,Group B,PT,, ,North,8/31/2011,Hourly, ,<30,854,28.47,0
1/1/2018,43610,M,25,Group C,PT,, ,North,3/20/2007,Hourly, ,<30,2479,82.63,0
1/1/2018,43612,M,55,Group G,PT,, ,North,2/27/2007,Hourly, ,50+,2500,83.33,0
1/1/2018,43626,M,19,Group F,PT,, ,North,11/29/2013,Hourly, ,<30,33,1.1,0
1/1/2018,43672,F,23,Group D,FT,, ,North,11/3/2006,Hourly, ,<30,2616,87.2,0
1/1/2018,43678,M,60,Group A,FT,, ,North,4/9/2007,Hourly, ,50+,2459,81.97,0
1/1/2018,43682,M,64,Group F,PT,, ,North,11/13/2013,Hourly, ,50+,49,1.63,0
1/1/2018,43728,F,23,Group D,PT,, ,North,10/3/2011,Hourly, ,<30,821,27.37,0
1/1/2018,43738,M,23,Group D,PT,, ,North,6/22/2010,Hourly, ,<30,1289,42.97,0
1/1/2018,43784,F,21,Group B,PT,, ,Midwest,8/15/2013,Hourly, ,<30,139,4.63,0
1/1/2018,43790,F,65,Group D,FT,, ,Midwest,8/1/2009,Hourly, ,50+,1614,53.8,0
1/1/2018,43918,M,50,Group A,PT,, ,Midwest,3/9/2010,Hourly, ,50+,1394,46.47,0
1/1/2018,43926,F,19,Group B,PT,, ,Midwest,10/4/2011,Hourly, ,<30,820,27.33,0
1/1/2018,43990,M,20,Group A,PT,, ,Midwest,9/19/2013,Hourly, ,<30,104,3.47,0
1/1/2018,44032,F,23,Group A,PT,, ,Midwest,10/28/2013,Hourly, ,<30,65,2.17,0
1/1/2018,44038,M,47,Group G,PT,, ,Midwest,10/12/2013,Hourly, ,30-49,81,2.7,0
1/1/2018,44044,M,63,Group A,PT,, ,Midwest,2/13/2007,Hourly, ,50+,2514,83.8,0
1/1/2018,44062,M,32,Group C,FT,, ,Midwest,8/12/2006,Hourly, ,30-49,2699,89.97,0
1/1/2018,44066,M,21,Group C,FT,, ,Midwest,3/26/2013,Hourly, ,<30,281,9.37,0
1/1/2018,44110,M,27,Group D,PT,, ,Midwest,6/24/2009,Hourly, ,<30,1652,55.07,0
1/1/2018,44114,M,20,Group G,PT,, ,Midwest,7/11/2013,Hourly, ,<30,174,5.8,0
1/1/2018,49036,M,55,Group G,FT,, ,Central,10/13/2005,Hourly, ,50+,3002,100.07,0
1/1/2018,49040,F,48,Group F,PT,, ,South,6/2/2010,Hourly, ,30-49,1309,43.63,0
1/1/2018,49142,M,34,Group A,PT,, ,Midwest,3/22/2008,Hourly, ,30-49,2111,70.37,0
1/1/2018,49164,F,53,Group A,FT,, ,South,4/17/2008,Hourly, ,50+,2085,69.5,0
1/1/2018,49188,F,51,Group B,FT,, ,Midwest,3/10/1981,Hourly, ,50+,11985,399.5,0
1/1/2018,49216,F,41,Group D,FT,, ,Central,5/15/2013,Hourly, ,30-49,231,7.7,0
1/1/2018,49232,M,51,Group E,FT,, ,Northwest,7/5/2012,Hourly, ,50+,545,18.17,0
1/1/2018,49284,F,19,Group A,PT,, ,Northwest,11/2/2012,Hourly, ,<30,425,14.17,0
1/1/2018,49296,M,40,Group F,PT,, ,Northwest,12/6/2011,Hourly, ,30-49,757,25.23,0
1/1/2018,49302,F,22,Group A,PT,, ,North,12/13/2007,Hourly, ,<30,2211,73.7,0
1/1/2018,49368,M,24,Group E,PT,, ,West,11/14/2012,Hourly, ,<30,413,13.77,0
1/1/2018,49376,F,31,Group G,FT,, ,West,1/9/2013,Hourly, ,30-49,357,11.9,0
1/1/2018,49416,M,32,Group E,PT,, ,Central,11/2/2011,Hourly, ,30-49,791,26.37,0
1/1/2018,49444,M,28,Group F,PT,, ,South,9/21/2012,Hourly, ,<30,467,15.57,0
1/1/2018,49550,M,49,Group G,FT,, ,West,3/16/2008,Hourly, ,30-49,2117,70.57,0
1/1/2018,49576,F,58,Group E,PT,, ,West,11/1/2012,Hourly, ,50+,426,14.2,0
1/1/2018,49666,F,34,Group A,FT,, ,Midwest,1/26/2007,Hourly, ,30-49,2532,84.4,0
1/1/2018,49716,F,62,Group E,FT,, ,Central,7/27/2007,Hourly, ,50+,2350,78.33,0
1/1/2018,49748,F,52,Group E,FT,, ,Northwest,11/21/2001,Hourly, ,50+,4424,147.47,0
1/1/2018,49776,F,29,Group A,FT,, ,North,7/12/2006,Hourly, ,<30,2730,91,0
1/1/2018,49794,F,43,Group G,FT,, ,South,1/18/1989,Hourly, ,30-49,9114,303.8,0
1/1/2018,49832,F,30,Group F,FT,, ,West,7/14/2004,Hourly, ,30-49,3458,115.27,0
1/1/2018,49848,M,47,Group B,FT,, ,West,3/15/2012,Hourly, ,30-49,657,21.9,0
1/1/2018,49908,F,23,Group F,PT,, ,Central,12/6/2013,Hourly, ,<30,26,0.87,0
1/1/2018,49932,F,23,Group E,PT,, ,Central,10/18/2013,Hourly, ,<30,75,2.5,0
1/1/2018,49976,F,21,Group B,PT,, ,West,8/9/2012,Hourly, ,<30,510,17,0
1/1/2018,50272,M,22,Group F,FT,, ,North,3/20/2012,Hourly, ,<30,652,21.73,0
1/1/2018,50278,F,57,Group F,FT,, ,North,10/13/2000,Hourly, ,50+,4828,160.93,0
1/1/2018,50282,F,55,Group D,PT,, ,South,10/15/2002,Hourly, ,50+,4096,136.53,0
1/1/2018,50294,F,21,Group E,PT,, ,Central,11/19/2013,Hourly, ,<30,43,1.43,0
1/1/2018,50304,F,32,Group F,FT,, ,Central,7/23/2009,Hourly, ,30-49,1623,54.1,0
1/1/2018,50306,F,44,Group C,FT,, ,Central,11/8/2005,Hourly, ,30-49,2976,99.2,0
1/1/2018,50312,F,46,Group D,FT,, ,Northwest,8/31/2012,Hourly, ,30-49,488,16.27,0
1/1/2018,50318,F,43,Group A,FT,, ,Midwest,9/13/2005,Hourly, ,30-49,3032,101.07,0
1/1/2018,50322,F,30,Group G,FT,, ,West,12/1/2007,Hourly, ,30-49,2223,74.1,0
1/1/2018,50332,M,23,Group B,PT,, ,North,12/18/2012,Hourly, ,<30,379,12.63,0
1/1/2018,50336,F,30,Group A,FT,, ,West,9/15/2005,Hourly, ,30-49,3030,101,0
1/1/2018,50340,F,27,Group F,FT,, ,Northwest,6/24/2012,Hourly, ,<30,556,18.53,0
1/1/2018,50342,F,33,Group C,FT,, ,Central,5/1/2008,Hourly, ,30-49,2071,69.03,0
1/1/2018,50378,F,36,Group A,FT,, ,North,9/7/2012,Hourly, ,30-49,481,16.03,0
1/1/2018,50384,F,23,Group A,PT,, ,Midwest,9/13/2011,Hourly, ,<30,841,28.03,0
1/1/2018,50386,F,23,Group A,FT,, ,North,9/11/2010,Hourly, ,<30,1208,40.27,0
1/1/2018,50396,F,22,Group A,FT,, ,Midwest,10/11/2012,Hourly, ,<30,447,14.9,0
1/1/2018,50426,F,43,Group E,FT,, ,Northwest,6/30/2004,Hourly, ,30-49,3472,115.73,0
1/1/2018,50438,F,59,Group G,FT,, ,West,3/29/2005,Hourly, ,50+,3200,106.67,0
1/1/2018,50470,F,58,Group D,FT,, ,Midwest,11/21/1974,Hourly, ,50+,14286,476.2,0
1/1/2018,50472,F,24,Group B,PT,, ,West,9/13/2011,Hourly, ,<30,841,28.03,0
1/1/2018,50812,M,22,Group B,PT,, ,Northwest,2/23/2013,Hourly, ,<30,312,10.4,0
1/1/2018,50838,M,25,Group G,FT,, ,West,4/23/2010,Hourly, ,<30,1349,44.97,0
1/1/2018,50854,M,20,Group F,PT,, ,Northwest,7/18/2013,Hourly, ,<30,167,5.57,0
1/1/2018,50884,F,57,Group E,FT,, ,North,4/15/2005,Hourly, ,50+,3183,106.1,0
1/1/2018,51010,M,35,Group B,FT,, ,West,8/5/2009,Hourly, ,30-49,1610,53.67,0
1/1/2018,51134,M,24,Group B,PT,, ,Central,8/7/2013,Hourly, ,<30,147,4.9,0
1/1/2018,51146,F,36,Group D,FT,, ,Central,6/24/1995,Hourly, ,30-49,6766,225.53,0
1/1/2018,51166,F,24,Group E,PT,, ,Central,5/10/2013,Hourly, ,<30,236,7.87,0
1/1/2018,51236,F,71,Group B,FT,, ,Central,4/15/2004,Hourly, ,50+,3548,118.27,0
1/1/2018,51312,M,28,Group D,FT,, ,Northwest,9/22/2004,Hourly, ,<30,3388,112.93,0
1/1/2018,51316,F,68,Group C,FT,, ,Northwest,10/30/2007,Hourly, ,50+,2255,75.17,0
1/1/2018,51324,M,31,Group B,FT,, ,Northwest,3/18/2004,Hourly, ,30-49,3576,119.2,0
1/1/2018,51338,M,46,Group A,FT,, ,Northwest,11/2/2012,Hourly, ,30-49,425,14.17,0
1/1/2018,51340,F,23,Group G,PT,, ,Northwest,6/6/2013,Hourly, ,<30,209,6.97,0
1/1/2018,51548,M,50,Group B,FT,, ,Central,12/14/2008,Hourly, ,50+,1844,61.47,0
1/1/2018,51622,F,41,Group D,FT,, ,Central,6/23/1998,Hourly, ,30-49,5671,189.03,0
1/1/2018,51690,F,21,Group A,PT,, ,West,11/15/2013,Hourly, ,<30,47,1.57,0
1/1/2018,51776,M,26,Group A,PT,, ,West,6/26/2013,Hourly, ,<30,189,6.3,0
1/1/2018,51812,M,60,Group E,PT,, ,West,11/15/2013,Hourly, ,50+,47,1.57,0
1/1/2018,51916,F,57,Group C,FT,, ,South,5/13/2003,Hourly, ,50+,3886,129.53,0
1/1/2018,51922,M,51,Group G,FT,, ,South,8/12/2004,Hourly, ,50+,3429,114.3,0
1/1/2018,51974,F,25,Group E,PT,, ,Northwest,8/2/2011,Hourly, ,<30,883,29.43,0
1/1/2018,51994,M,58,Group E,PT,, ,Northwest,11/10/2004,Hourly, ,50+,3339,111.3,0
1/1/2018,52004,M,23,Group B,PT,, ,Northwest,1/25/2013,Hourly, ,<30,341,11.37,0
1/1/2018,52010,M,35,Group F,PT,, ,Northwest,5/1/2003,Hourly, ,30-49,3898,129.93,0
1/1/2018,52018,M,44,Group F,FT,, ,Northwest,1/10/2012,Hourly, ,30-49,722,24.07,0
1/1/2018,52024,M,20,Group E,PT,, ,Northwest,8/15/2013,Hourly, ,<30,139,4.63,0
1/1/2018,52238,M,44,Group E,PT,, ,Northwest,7/13/2005,Hourly, ,30-49,3094,103.13,0
1/1/2018,52248,M,43,Group B,FT,, ,West,11/16/2011,Hourly, ,30-49,777,25.9,0
1/1/2018,52290,M,64,Group G,PT,, ,West,10/30/2007,Hourly, ,50+,2255,75.17,0
1/1/2018,52292,M,35,Group D,FT,, ,West,6/7/2005,Hourly, ,30-49,3130,104.33,0
1/1/2018,52304,M,22,Group D,PT,, ,Northwest,10/24/2013,Hourly, ,<30,69,2.3,0
1/1/2018,52332,M,61,Group C,PT,, ,South,1/22/2002,Hourly, ,50+,4362,145.4,0
1/1/2018,52424,M,54,Group C,PT,, ,Central,5/23/2013,Hourly, ,50+,223,7.43,0
1/1/2018,52446,M,24,Group B,PT,, ,Northwest,2/15/2013,Hourly, ,<30,320,10.67,0
1/1/2018,52536,M,43,Group D,FT,, ,Central,11/25/2003,Hourly, ,30-49,3690,123,0
1/1/2018,52566,M,57,Group B,FT,, ,Central,9/23/2009,Hourly, ,50+,1561,52.03,0
1/1/2018,52576,M,42,Group C,PT,, ,Central,10/19/2012,Hourly, ,30-49,439,14.63,0
1/1/2018,52652,M,47,Group A,FT,, ,Northwest,11/15/2013,Hourly, ,30-49,47,1.57,0
1/1/2018,52682,M,42,Group G,PT,, ,Central,4/4/2002,Hourly, ,30-49,4290,143,0
1/1/2018,52698,M,51,Group E,PT,, ,West,5/7/2013,Hourly, ,50+,239,7.97,0
1/1/2018,52764,M,31,Group F,FT,, ,Central,4/6/2010,Hourly, ,30-49,1366,45.53,0
1/1/2018,52770,F,20,Group E,PT,, ,Northwest,7/12/2012,Hourly, ,<30,538,17.93,0
1/1/2018,52782,F,19,Group E,PT,,Yes,East,1/3/2014,Hourly, ,<30,0,0,0
1/1/2018,52826,M,56,Group C,FT,, ,Northwest,3/1/2006,Hourly, ,50+,2863,95.43,0
1/1/2018,52834,M,23,Group G,FT,, ,Northwest,1/25/2012,Salary, ,<30,707,23.57,0
1/1/2018,52926,F,46,Group A,PT,, ,North,5/11/1988,Hourly, ,30-49,9366,312.2,0
1/1/2018,52934,M,27,Group B,PT,, ,North,4/14/2007,Hourly, ,<30,2454,81.8,0
1/1/2018,52954,M,52,Group G,FT,, ,North,2/28/1989,Salary, ,50+,9073,302.43,0
1/1/2018,52968,M,37,Group F,FT,, ,North,3/28/2007,Salary, ,30-49,2471,82.37,0
1/1/2018,52970,M,38,Group A,FT,, ,North,10/12/1996,Salary, ,30-49,6290,209.67,0
1/1/2018,52980,M,70,Group A,PT,, ,North,6/1/2011,Hourly, ,50+,945,31.5,0
1/1/2018,52982,M,28,Group G,FT,, ,North,6/29/2006,Hourly, ,<30,2743,91.43,0
1/1/2018,52984,M,46,Group A,FT,, ,North,11/10/1988,Hourly, ,30-49,9183,306.1,0
1/1/2018,52986,F,20,Group C,PT,, ,North,7/13/2012,Hourly, ,<30,537,17.9,0
1/1/2018,53004,M,35,Group A,FT,, ,North,11/26/1998,Hourly, ,30-49,5515,183.83,0
1/1/2018,53176,F,46,Group G,FT,, ,Midwest,11/25/1992,Hourly, ,30-49,7707,256.9,0
1/1/2018,53218,M,68,Group C,PT,, ,Midwest,5/15/2009,Hourly, ,50+,1692,56.4,0
1/1/2018,53250,F,45,Group E,FT,, ,South,5/4/2010,Salary, ,30-49,1338,44.6,0
1/1/2018,53266,M,52,Group F,FT,, ,South,6/11/1991,Hourly, ,50+,8240,274.67,0
1/1/2018,53290,F,22,Group G,PT,, ,South,8/15/2012,Hourly, ,<30,504,16.8,0
1/1/2018,53292,F,41,Group E,FT,, ,South,6/4/1993,Salary, ,30-49,7516,250.53,0
1/1/2018,53368,F,38,Group G,FT,, ,South,3/23/2012,Hourly, ,30-49,649,21.63,0
1/1/2018,53370,M,46,Group D,FT,, ,South,5/20/1986,Salary, ,30-49,10088,336.27,0
1/1/2018,53402,F,34,Group B,FT,, ,South,8/20/2009,Salary, ,30-49,1595,53.17,0
1/1/2018,53410,F,37,Group G,FT,, ,South,11/8/2013,Hourly, ,30-49,54,1.8,0
1/1/2018,53412,M,49,Group F,FT,, ,South,4/25/2006,Salary, ,30-49,2808,93.6,0
1/1/2018,53554,F,32,Group F,FT,, ,Central,3/28/2006,Salary, ,30-49,2836,94.53,0
1/1/2018,53612,F,54,Group E,FT,, ,Central,10/2/2001,Salary, ,50+,4474,149.13,0
1/1/2018,53616,F,22,Group C,PT,, ,Central,8/15/2013,Hourly, ,<30,139,4.63,0
1/1/2018,53652,M,42,Group A,FT,, ,Central,12/21/1990,Salary, ,30-49,8412,280.4,0
1/1/2018,53726,F,27,Group F,PT,, ,Central,4/12/2012,Hourly, ,<30,629,20.97,0
1/1/2018,53744,F,29,Group E,FT,, ,Central,12/10/2013,Salary, ,<30,22,0.73,0
1/1/2018,53752,M,41,Group A,PT,, ,Central,11/20/2007,Hourly, ,30-49,2234,74.47,0
1/1/2018,53804,F,28,Group B,FT,, ,Central,10/31/2005,Hourly, ,<30,2984,99.47,0
1/1/2018,53826,F,51,Group G,FT,, ,West,8/29/2006,Salary, ,50+,2682,89.4,0
1/1/2018,53838,M,46,Group A,FT,, ,West,11/28/2013,Salary, ,30-49,34,1.13,0
1/1/2018,53868,M,53,Group G,PT,, ,West,12/1/2013,Hourly, ,50+,31,1.03,0
1/1/2018,53874,F,24,Group D,PT,, ,West,11/1/2013,Hourly, ,<30,61,2.03,0
1/1/2018,53876,F,29,Group E,FT,, ,West,8/22/2013,Hourly, ,<30,132,4.4,0
1/1/2018,53938,F,20,Group F,PT,, ,West,5/9/2013,Hourly, ,<30,237,7.9,0
1/1/2018,53952,M,19,Group B,PT,, ,West,7/6/2013,Hourly, ,<30,179,5.97,0
1/1/2018,53988,F,23,Group D,PT,, ,West,1/26/2012,Hourly, ,<30,706,23.53,0
1/1/2018,53992,F,62,Group D,FT,, ,West,2/23/2007,Hourly, ,50+,2504,83.47,0
1/1/2018,54048,M,45,Group A,FT,, ,West,6/27/2004,Salary, ,30-49,3475,115.83,0
1/1/2018,54064,F,44,Group B,FT,, ,West,5/14/2011,Salary, ,30-49,963,32.1,0
1/1/2018,54082,M,51,Group G,FT,, ,West,8/23/2007,Hourly, ,50+,2323,77.43,0
1/1/2018,54100,M,55,Group B,FT,, ,West,12/15/2007,Hourly, ,50+,2209,73.63,0
1/1/2018,54304,M,25,Group E,PT,, ,South,6/8/2011,Hourly, ,<30,938,31.27,0
1/1/2018,54306,M,38,Group D,PT,, ,South,10/12/2011,Hourly, ,30-49,812,27.07,0
1/1/2018,54316,M,24,Group B,PT,, ,Northwest,9/13/2006,Hourly, ,<30,2667,88.9,0
1/1/2018,54338,M,28,Group B,FT,, ,North,1/6/2011,Hourly, ,<30,1091,36.37,0
1/1/2018,54356,M,22,Group E,FT,, ,South,4/27/2012,Hourly, ,<30,614,20.47,0
1/1/2018,54366,M,22,Group D,PT,, ,West,7/7/2013,Hourly, ,<30,178,5.93,0
1/1/2018,54372,F,38,Group G,FT,, ,North,1/10/2012,Salary, ,30-49,722,24.07,0
1/1/2018,54384,F,27,Group G,FT,, ,North,1/23/2013,Salary, ,<30,343,11.43,0
1/1/2018,54472,F,69,Group B,FT,, ,Northwest,8/27/2002,Salary, ,50+,4145,138.17,0
1/1/2018,54506,M,28,Group D,FT,, ,East,12/3/2013,Salary, ,<30,29,0.97,0
1/1/2018,54510,M,45,Group C,FT,, ,Northwest,10/30/2007,Hourly, ,30-49,2255,75.17,0
1/1/2018,54518,M,21,Group D,FT,, ,North,11/8/2013,Hourly, ,<30,54,1.8,0
1/1/2018,54526,M,29,Group B,FT,,Yes,East,1/8/2014,Hourly, ,<30,0,0,0
1/1/2018,54528,F,23,Group B,PT,, ,Midwest,12/15/2011,Hourly, ,<30,748,24.93,0
1/1/2018,54552,M,46,Group C,PT,, ,Midwest,10/19/2012,Hourly, ,30-49,439,14.63,0
1/1/2018,54556,M,22,Group F,PT,, ,South,3/2/2012,Hourly, ,<30,670,22.33,0
1/1/2018,54564,M,21,Group B,PT,, ,South,9/2/2012,Hourly, ,<30,486,16.2,0
1/1/2018,54582,M,49,Group F,PT,, ,Northwest,1/4/2013,Hourly, ,30-49,362,12.07,0
1/1/2018,54614,M,21,Group D,PT,, ,South,10/25/2012,Hourly, ,<30,433,14.43,0
1/1/2018,54662,M,22,Group F,PT,, ,North,2/28/2013,Hourly, ,<30,307,10.23,0
1/1/2018,54890,F,64,Group A,FT,, ,West,4/5/2005,Hourly, ,50+,3193,106.43,0
1/1/2018,54894,F,23,Group F,PT,, ,West,4/26/2013,Hourly, ,<30,250,8.33,0
1/1/2018,54906,F,23,Group F,PT,, ,Midwest,3/15/2012,Hourly, ,<30,657,21.9,0
1/1/2018,54918,F,21,Group C,PT,, ,Midwest,5/31/2013,Hourly, ,<30,215,7.17,0
1/1/2018,55442,F,74,Group G,FT,, ,West,3/11/2003,Hourly, ,50+,3949,131.63,0
1/1/2018,55468,F,20,Group A,PT,, ,West,5/10/2012,Hourly, ,<30,601,20.03,0
1/1/2018,55512,M,55,Group G,PT,, ,West,9/7/2012,Hourly, ,50+,481,16.03,0
1/1/2018,55514,M,24,Group D,PT,, ,West,4/15/2011,Hourly, ,<30,992,33.07,0
1/1/2018,55566,M,22,Group A,PT,, ,Northwest,8/29/2013,Hourly, ,<30,125,4.17,0
1/1/2018,55578,M,30,Group B,PT,, ,Northwest,11/7/2012,Hourly, ,30-49,420,14,0
1/1/2018,55588,M,43,Group F,PT,,Yes,Northwest,1/24/2014,Hourly, ,30-49,0,0,0
1/1/2018,55632,F,62,Group B,FT,, ,Northwest,9/13/2011,Hourly, ,50+,841,28.03,0
1/1/2018,55646,M,20,Group A,FT,, ,Northwest,11/13/2013,Hourly, ,<30,49,1.63,0
1/1/2018,55648,M,56,Group B,FT,, ,Northwest,7/14/2004,Hourly, ,50+,3458,115.27,0
1/1/2018,55650,M,23,Group E,PT,, ,North,9/26/2008,Hourly, ,<30,1923,64.1,0
1/1/2018,55666,M,21,Group D,PT,, ,South,7/13/2011,Hourly, ,<30,903,30.1,0
1/1/2018,55700,F,52,Group B,FT,, ,Central,8/30/2005,Hourly, ,50+,3046,101.53,0
1/1/2018,55704,M,52,Group G,FT,, ,Central,5/10/2005,Hourly, ,50+,3158,105.27,0
1/1/2018,55722,M,40,Group C,PT,, ,Central,5/4/2010,Hourly, ,30-49,1338,44.6,0
1/1/2018,55726,M,42,Group E,FT,, ,Central,10/23/2008,Hourly, ,30-49,1896,63.2,0
1/1/2018,55730,M,22,Group A,PT,, ,Central,8/27/2010,Hourly, ,<30,1223,40.77,0
1/1/2018,55734,M,46,Group F,PT,, ,Central,4/30/2008,Hourly, ,30-49,2072,69.07,0
1/1/2018,55750,M,40,Group A,FT,, ,Central,8/24/2011,Hourly, ,30-49,861,28.7,0
1/1/2018,55770,M,30,Group E,PT,, ,North,8/11/2000,Hourly, ,30-49,4891,163.03,0
1/1/2018,55776,F,24,Group E,PT,, ,South,2/1/2012,Hourly, ,<30,700,23.33,0
1/1/2018,55778,M,43,Group B,PT,, ,South,5/18/2011,Hourly, ,30-49,959,31.97,0
1/1/2018,55780,M,64,Group A,PT,, ,North,8/18/2011,Hourly, ,50+,867,28.9,0
1/1/2018,56246,M,34,Group E,PT,, ,Central,10/4/2001,Hourly, ,30-49,4472,149.07,0
1/1/2018,56276,M,24,Group G,PT,, ,Central,5/21/2013,Hourly, ,<30,225,7.5,0
1/1/2018,56292,F,33,Group G,FT,, ,Central,12/11/2007,Hourly, ,30-49,2213,73.77,0
1/1/2018,56296,M,56,Group D,FT,, ,Central,3/26/2010,Hourly, ,50+,1377,45.9,0
1/1/2018,56314,M,49,Group C,PT,, ,Central,8/9/2012,Hourly, ,30-49,510,17,0
1/1/2018,56330,M,53,Group E,FT,, ,West,11/17/2009,Hourly, ,50+,1506,50.2,0
1/1/2018,56334,F,25,Group G,PT,, ,West,3/27/2013,Hourly, ,<30,280,9.33,0
1/1/2018,56354,M,68,Group D,PT,, ,West,8/9/2011,Hourly, ,50+,876,29.2,0
1/1/2018,56358,M,64,Group E,PT,, ,West,2/23/2007,Hourly, ,50+,2504,83.47,0
1/1/2018,56360,M,22,Group B,PT,, ,West,10/17/2013,Hourly, ,<30,76,2.53,0
1/1/2018,56424,M,40,Group D,PT,, ,Northwest,11/6/2013,Hourly, ,30-49,56,1.87,0
1/1/2018,56446,M,20,Group F,PT,, ,Northwest,9/28/2013,Hourly, ,<30,95,3.17,0
1/1/2018,56456,M,20,Group E,PT,, ,Northwest,6/28/2013,Hourly, ,<30,187,6.23,0
1/1/2018,56472,M,20,Group F,PT,, ,Northwest,10/17/2013,Hourly, ,<30,76,2.53,0
1/1/2018,56490,M,66,Group G,FT,, ,South,10/19/1988,Hourly, ,50+,9205,306.83,0
1/1/2018,56498,M,51,Group C,FT,, ,Midwest,1/27/2000,Hourly, ,50+,5088,169.6,0
1/1/2018,56508,F,29,Group F,FT,, ,Midwest,8/4/2004,Hourly, ,<30,3437,114.57,0
1/1/2018,56516,M,50,Group E,FT,, ,Midwest,9/20/1984,Hourly, ,50+,10695,356.5,0
1/1/2018,56526,M,63,Group C,FT,, ,South,6/30/1987,Hourly, ,50+,9682,322.73,0
1/1/2018,91744,F,30,Group F,FT,, ,North,12/19/2006,Salary, ,30-49,2570,85.67,0
1/1/2018,91790,M,20,Group A,PT,, ,North,1/4/2013,Hourly, ,<30,362,12.07,0
1/1/2018,91824,M,24,Group D,FT,, ,North,5/24/2008,Hourly, ,<30,2048,68.27,0
1/1/2018,92018,F,61,Group D,FT,, ,East,11/7/2012,Hourly, ,50+,420,14,0
1/1/2018,92056,F,52,Group F,FT,, ,East,3/21/2006,Hourly, ,50+,2843,94.77,0
1/1/2018,92072,F,52,Group B,FT,, ,East,8/26/2008,Salary, ,50+,1954,65.13,0
1/1/2018,92166,F,59,Group D,FT,, ,East,1/17/2006,Hourly, ,50+,2906,96.87,0
1/1/2018,92168,F,43,Group B,FT,, ,East,5/13/2003,Hourly, ,30-49,3886,129.53,0
1/1/2018,92240,M,30,Group D,PT,, ,East,5/7/2008,Hourly, ,30-49,2065,68.83,0
1/1/2018,92246,F,38,Group B,FT,, ,East,10/5/2010,Salary, ,30-49,1184,39.47,0
1/1/2018,92250,M,55,Group C,FT,, ,East,9/8/1981,Salary, ,50+,11803,393.43,0
1/1/2018,92254,M,53,Group F,FT,, ,East,11/15/2011,Salary, ,50+,778,25.93,0
1/1/2018,92258,F,61,Group C,FT,, ,East,12/13/2011,Hourly, ,50+,750,25,0
1/1/2018,92260,M,51,Group B,FT,, ,East,6/27/2008,Hourly, ,50+,2014,67.13,0
1/1/2018,92270,F,39,Group F,FT,, ,East,3/28/2006,Salary, ,30-49,2836,94.53,0
1/1/2018,92282,F,30,Group E,FT,, ,East,12/1/2009,Salary, ,30-49,1492,49.73,0
1/1/2018,92290,F,44,Group F,FT,, ,East,10/29/2013,Salary, ,30-49,64,2.13,0
1/1/2018,92292,F,31,Group F,FT,, ,East,8/2/2011,Salary, ,30-49,883,29.43,0
1/1/2018,92302,M,37,Group E,FT,, ,East,3/1/2008,Salary, ,30-49,2132,71.07,0
1/1/2018,92310,M,39,Group B,FT,, ,East,6/25/2008,Salary, ,30-49,2016,67.2,0
1/1/2018,92324,F,28,Group F,FT,, ,East,6/2/2005,Salary, ,<30,3135,104.5,0
1/1/2018,92328,F,37,Group A,FT,, ,East,2/4/2009,Salary, ,30-49,1792,59.73,0
1/1/2018,92332,F,46,Group G,FT,, ,East,2/21/2006,Salary, ,30-49,2871,95.7,0
1/1/2018,92334,M,47,Group F,FT,, ,East,1/7/2009,Salary, ,30-49,1820,60.67,0
1/1/2018,92336,F,40,Group E,FT,, ,East,2/25/2009,Salary, ,30-49,1771,59.03,0
1/1/2018,92338,F,51,Group F,FT,, ,East,8/11/2009,Salary, ,50+,1604,53.47,0
1/1/2018,92340,F,30,Group B,FT,, ,East,9/29/2009,Salary, ,30-49,1555,51.83,0
1/1/2018,92352,F,54,Group C,FT,, ,East,8/9/2011,Hourly, ,50+,876,29.2,0
1/1/2018,92354,F,53,Group D,FT,, ,East,8/6/2013,Hourly, ,50+,148,4.93,0
1/1/2018,92358,F,58,Group C,FT,, ,East,5/14/2002,Hourly, ,50+,4250,141.67,0
1/1/2018,92366,F,62,Group F,FT,, ,East,4/4/2006,Hourly, ,50+,2829,94.3,0
1/1/2018,92386,F,46,Group F,FT,, ,East,4/3/2013,Hourly, ,30-49,273,9.1,0
1/1/2018,92404,F,31,Group D,FT,, ,East,9/6/2013,Hourly, ,30-49,117,3.9,0
1/1/2018,92420,M,27,Group D,FT,, ,East,6/23/2004,Hourly, ,<30,3479,115.97,0
1/1/2018,92438,F,53,Group B,FT,, ,East,12/18/2007,Hourly, ,50+,2206,73.53,0
1/1/2018,92440,F,39,Group B,FT,, ,East,2/7/2012,Hourly, ,30-49,694,23.13,0
1/1/2018,92484,F,32,Group C,FT,, ,East,4/28/2011,Salary, ,30-49,979,32.63,0
1/1/2018,95692,M,50,Group F,FT,, ,East,9/2/2009,Salary, ,50+,1582,52.73,0
1/1/2018,95694,M,34,Group A,FT,, ,East,7/21/2005,Salary, ,30-49,3086,102.87,0
1/1/2018,95696,F,56,Group E,FT,, ,East,11/3/1987,Salary, ,50+,9556,318.53,0
1/1/2018,95710,F,26,Group F,FT,, ,East,2/9/2012,Salary, ,<30,692,23.07,0
1/1/2018,95716,M,29,Group F,FT,, ,East,7/23/2013,Salary, ,<30,162,5.4,0
1/1/2018,95722,F,38,Group A,FT,, ,East,4/2/2013,Salary, ,30-49,274,9.13,0
1/1/2018,95726,F,38,Group D,FT,, ,East,7/23/2013,Salary, ,30-49,162,5.4,0
1/1/2018,95728,M,52,Group F,FT,, ,East,5/28/2003,Salary, ,50+,3871,129.03,0
1/1/2018,95730,F,30,Group D,FT,, ,East,6/24/2008,Salary, ,30-49,2017,67.23,0
1/1/2018,95740,M,35,Group E,FT,, ,East,8/13/2008,Salary, ,30-49,1967,65.57,0
1/1/2018,95744,F,51,Group B,FT,, ,East,3/3/1987,Salary, ,50+,9801,326.7,0
1/1/2018,95752,F,32,Group D,FT,, ,East,12/1/2006,Salary, ,30-49,2588,86.27,0
1/1/2018,95754,M,58,Group G,FT,, ,East,6/6/2006,Salary, ,50+,2766,92.2,0
1/1/2018,95762,F,37,Group D,FT,, ,East,8/27/2008,Salary, ,30-49,1953,65.1,0
1/1/2018,95770,F,26,Group F,FT,, ,East,5/29/2013,Salary, ,<30,217,7.23,0
1/1/2018,95772,F,54,Group A,FT,, ,East,5/15/1984,Salary, ,50+,10823,360.77,0
1/1/2018,95782,F,42,Group E,FT,, ,East,9/17/2008,Salary, ,30-49,1932,64.4,0
1/1/2018,95784,M,43,Group F,FT,, ,East,7/17/2007,Salary, ,30-49,2360,78.67,0
1/1/2018,95788,F,52,Group G,FT,, ,East,1/5/2010,Salary, ,50+,1457,48.57,0
1/1/2018,95792,F,37,Group D,PT,, ,East,8/27/2013,Salary, ,30-49,127,4.23,0
1/1/2018,96180,M,26,Group E,FT,, ,East,1/29/2008,Hourly, ,<30,2164,72.13,0
1/1/2018,96218,F,32,Group A,PT,, ,East,7/30/2013,Hourly, ,30-49,155,5.17,0
1/1/2018,96236,F,34,Group A,FT,, ,East,10/11/2011,Hourly, ,30-49,813,27.1,0
1/1/2018,96352,F,23,Group E,FT,, ,East,2/13/2013,Hourly, ,<30,322,10.73,0
1/1/2018,96382,F,25,Group A,FT,, ,East,11/20/2007,Hourly, ,<30,2234,74.47,0
1/1/2018,96442,M,46,Group C,FT,, ,East,9/20/2005,Hourly, ,30-49,3025,100.83,0
1/1/2018,96512,F,19,Group C,PT,,Yes,East,1/21/2014,Hourly, ,<30,0,0,0
1/1/2018,96764,F,36,Group E,FT,, ,East,7/13/2001,Hourly, ,30-49,4555,151.83,0
1/1/2018,97020,F,41,Group B,FT,, ,East,6/21/2002,Hourly, ,30-49,4212,140.4,0
1/1/2018,97038,F,26,Group E,FT,, ,East,10/2/2007,Hourly, ,<30,2283,76.1,0
1/1/2018,97052,F,50,Group A,FT,, ,East,5/14/2008,Hourly, ,50+,2058,68.6,0
1/1/2018,97066,F,25,Group F,FT,, ,East,7/19/2011,Hourly, ,<30,897,29.9,0
1/1/2018,97198,M,25,Group A,PT,, ,East,10/24/2012,Hourly, ,<30,434,14.47,0
1/1/2018,97318,F,26,Group A,PT,, ,East,5/13/2009,Hourly, ,<30,1694,56.47,0
1/1/2018,97344,F,37,Group F,FT,, ,East,2/27/2003,Hourly, ,30-49,3961,132.03,0
1/1/2018,97528,F,19,Group B,PT,, ,East,10/29/2013,Hourly, ,<30,64,2.13,0
1/1/2018,97546,F,60,Group E,FT,, ,East,7/24/2003,Hourly, ,50+,3814,127.13,0
1/1/2018,98080,F,32,Group A,FT,, ,East,10/9/2001,Hourly, ,30-49,4467,148.9,0
1/1/2018,98352,F,23,Group B,FT,, ,East,8/9/2011,Hourly, ,<30,876,29.2,0
1/1/2018,98432,F,32,Group E,FT,, ,East,4/5/2005,Hourly, ,30-49,3193,106.43,0
