Date,EmpID,Gender,Age,EthnicGroup,FP,TermDate,isNewHire,BU Region,HireDate,PayType,TermReason,AgeGroup,TenureDays,TenureMonths,BadHires
8/1/2018,328,F,19,Group B,PT,8/23/2014, ,North,7/31/2014,Hourly,Voluntary,<30,23,0.77,1
8/1/2018,470,M,27,Group A,PT,8/24/2014, ,North,7/30/2014,Hourly,Voluntary,<30,25,0.83,1
8/1/2018,688,F,19,Group A,PT,8/27/2014,Yes,North,8/27/2014,Hourly,Voluntary,<30,0,0,1
8/1/2018,1348,F,31,Group C,PT,8/6/2014,Yes,North,8/1/2014,Hourly,Voluntary,30-49,5,0.17,1
8/1/2018,1568,M,20,Group F,PT,,Yes,North,8/21/2014,Hourly, ,<30,0,0,0
8/1/2018,1622,F,31,Group G,PT,8/30/2014,Yes,North,8/28/2014,Hourly,Voluntary,30-49,2,0.07,1
8/1/2018,1636,M,54,Group E,PT,8/20/2014, ,North,6/11/2014,Hourly,Voluntary,50+,70,2.33,0
8/1/2018,1654,F,18,Group D,PT,, ,North,5/8/2014,Hourly, ,<30,85,2.83,0
8/1/2018,1736,M,20,Group F,PT,8/31/2014, ,North,7/30/2014,Hourly,Voluntary,<30,32,1.07,1
8/1/2018,1928,M,47,Group F,PT,8/7/2014, ,North,7/31/2014,Hourly,Voluntary,30-49,7,0.23,1
8/1/2018,1938,F,19,Group E,PT,8/7/2014, ,North,6/20/2014,Hourly,Voluntary,<30,48,1.6,1
8/1/2018,1940,M,19,Group E,PT,, ,North,7/25/2014,Hourly, ,<30,7,0.23,0
8/1/2018,1942,F,24,Group G,PT,8/7/2014, ,North,5/22/2014,Hourly,Voluntary,<30,77,2.57,0
8/1/2018,1946,F,22,Group E,PT,8/10/2014, ,North,6/13/2014,Hourly,Voluntary,<30,58,1.93,1
8/1/2018,1948,M,22,Group B,PT,8/13/2014, ,North,6/4/2014,Hourly,Voluntary,<30,70,2.33,0
8/1/2018,1950,M,39,Group A,PT,, ,North,8/27/2008,Hourly, ,30-49,2165,72.17,0
8/1/2018,1954,F,26,Group E,PT,8/11/2014, ,North,5/12/2012,Hourly,Voluntary,<30,821,27.37,0
8/1/2018,1976,M,43,Group A,PT,, ,North,9/20/2013,Hourly, ,30-49,315,10.5,0
8/1/2018,2150,M,23,Group G,PT,8/26/2014, ,Midwest,7/31/2014,Hourly,Voluntary,<30,26,0.87,1
8/1/2018,3194,M,20,Group B,PT,8/17/2014, ,Midwest,6/19/2014,Hourly,Voluntary,<30,59,1.97,1
8/1/2018,3276,F,19,Group B,PT,8/7/2014, ,Midwest,7/31/2014,Hourly,Voluntary,<30,7,0.23,1
8/1/2018,3326,M,29,Group E,PT,, ,Midwest,6/27/2014,Hourly, ,<30,35,1.17,0
8/1/2018,3500,M,19,Group C,PT,, ,Midwest,3/19/2014,Hourly, ,<30,135,4.5,0
8/1/2018,3958,F,20,Group C,PT,8/19/2014, ,South,5/29/2014,Hourly,Voluntary,<30,82,2.73,0
8/1/2018,4010,M,24,Group C,PT,, ,South,6/1/2014,Hourly, ,<30,61,2.03,0
8/1/2018,4014,F,24,Group C,PT,, ,South,6/1/2014,Hourly, ,<30,61,2.03,0
8/1/2018,4446,M,18,Group F,PT,8/30/2014,Yes,South,8/28/2014,Hourly,Voluntary,<30,2,0.07,1
8/1/2018,4458,M,20,Group A,PT,8/5/2014, ,South,4/30/2014,Hourly,Voluntary,<30,97,3.23,0
8/1/2018,4924,M,19,Group E,PT,8/25/2014, ,South,7/30/2014,Hourly,Voluntary,<30,26,0.87,1
8/1/2018,4950,M,18,Group F,PT,,Yes,South,8/28/2014,Hourly, ,<30,0,0,0
8/1/2018,5064,M,29,Group G,PT,, ,South,5/21/2014,Hourly, ,<30,72,2.4,0
8/1/2018,5068,M,21,Group A,PT,, ,South,7/1/2014,Hourly, ,<30,31,1.03,0
8/1/2018,5088,M,53,Group B,PT,, ,South,6/4/2014,Hourly, ,50+,58,1.93,0
8/1/2018,5202,M,25,Group E,PT,, ,North,8/12/2010,Hourly, ,<30,1450,48.33,0
8/1/2018,5254,F,24,Group B,PT,,Yes,North,8/28/2014,Hourly, ,<30,0,0,0
8/1/2018,5268,M,20,Group A,PT,, ,North,8/16/2013,Hourly, ,<30,350,11.67,0
8/1/2018,5296,F,22,Group D,PT,, ,Midwest,6/27/2014,Hourly, ,<30,35,1.17,0
8/1/2018,5746,F,56,Group F,PT,8/18/2014,Yes,Midwest,8/1/2014,Hourly,Voluntary,50+,17,0.57,1
8/1/2018,6194,F,31,Group F,PT,8/1/2014,Yes,North,8/1/2014,Hourly,Voluntary,30-49,0,0,1
8/1/2018,6412,M,33,Group E,PT,8/2/2014, ,North,7/31/2014,Hourly,Voluntary,30-49,2,0.07,1
8/1/2018,6738,M,22,Group C,PT,8/2/2014, ,North,7/31/2014,Hourly,Voluntary,<30,2,0.07,1
8/1/2018,6998,F,24,Group F,PT,,Yes,South,8/29/2014,Hourly, ,<30,0,0,0
8/1/2018,7004,F,18,Group D,PT,,Yes,Midwest,8/5/2014,Hourly, ,<30,0,0,0
8/1/2018,7016,M,20,Group A,PT,, ,South,5/23/2014,Hourly, ,<30,70,2.33,0
8/1/2018,7062,M,26,Group A,PT,, ,North,6/6/2014,Hourly, ,<30,56,1.87,0
8/1/2018,7110,F,19,Group A,PT,8/25/2014, ,North,7/30/2014,Hourly,Voluntary,<30,26,0.87,1
8/1/2018,7114,M,22,Group B,PT,8/8/2014, ,North,7/31/2014,Hourly,Voluntary,<30,8,0.27,1
8/1/2018,7158,F,20,Group G,PT,8/1/2014, ,North,7/31/2014,Hourly,Voluntary,<30,1,0.03,1
8/1/2018,7276,F,18,Group G,PT,8/19/2014, ,Midwest,7/30/2014,Hourly,Voluntary,<30,20,0.67,1
8/1/2018,7694,M,18,Group D,PT,,Yes,Midwest,8/21/2014,Hourly, ,<30,0,0,0
8/1/2018,7790,F,24,Group E,PT,8/28/2014, ,Midwest,7/23/2014,Hourly,Voluntary,<30,36,1.2,1
8/1/2018,7804,M,22,Group F,PT,8/30/2014, ,Midwest,6/18/2014,Hourly,Voluntary,<30,73,2.43,0
8/1/2018,7872,F,26,Group F,PT,8/30/2014, ,Midwest,7/30/2014,Hourly,Voluntary,<30,31,1.03,1
8/1/2018,7990,M,18,Group D,PT,8/3/2014, ,Midwest,7/31/2014,Hourly,Voluntary,<30,3,0.1,1
8/1/2018,8092,M,39,Group B,PT,8/31/2014,Yes,Midwest,8/28/2014,Hourly,Voluntary,30-49,3,0.1,1
8/1/2018,8270,M,22,Group A,PT,, ,Midwest,5/10/2014,Hourly, ,<30,83,2.77,0
8/1/2018,8714,M,19,Group G,PT,8/2/2014,Yes,Midwest,8/1/2014,Hourly,Voluntary,<30,1,0.03,1
8/1/2018,8902,F,19,Group C,PT,,Yes,North,8/13/2014,Hourly, ,<30,0,0,0
8/1/2018,8954,M,21,Group E,PT,8/24/2014, ,North,7/31/2014,Hourly,Voluntary,<30,24,0.8,1
8/1/2018,8960,M,33,Group F,PT,, ,North,7/18/2014,Hourly, ,30-49,14,0.47,0
8/1/2018,9136,F,23,Group D,PT,8/7/2014, ,North,7/9/2014,Hourly,Involuntary,<30,29,0.97,1
8/1/2018,9306,F,19,Group C,PT,8/20/2014, ,North,7/31/2014,Hourly,Voluntary,<30,20,0.67,1
8/1/2018,9384,F,56,Group F,PT,8/18/2014, ,North,7/31/2014,Hourly,Voluntary,50+,18,0.6,1
8/1/2018,9432,F,19,Group B,PT,8/23/2014, ,North,3/8/2014,Hourly,Involuntary,<30,168,5.6,0
8/1/2018,9460,M,21,Group D,PT,8/13/2014, ,North,9/27/2011,Hourly,Involuntary,<30,1051,35.03,0
8/1/2018,9904,F,19,Group B,PT,8/22/2014, ,North,2/26/2014,Hourly,Voluntary,<30,177,5.9,0
8/1/2018,10020,F,19,Group A,PT,8/20/2014, ,North,7/19/2014,Hourly,Involuntary,<30,32,1.07,1
8/1/2018,10034,F,19,Group B,PT,, ,North,7/24/2014,Hourly, ,<30,8,0.27,0
8/1/2018,10072,M,22,Group B,PT,,Yes,North,8/30/2014,Hourly, ,<30,0,0,0
8/1/2018,10074,M,26,Group A,PT,,Yes,North,8/23/2014,Hourly, ,<30,0,0,0
8/1/2018,10220,M,29,Group G,PT,,Yes,North,8/15/2014,Hourly, ,<30,0,0,0
8/1/2018,10580,F,20,Group B,PT,,Yes,South,8/7/2014,Hourly, ,<30,0,0,0
8/1/2018,10760,M,33,Group D,PT,, ,South,7/31/2014,Hourly, ,30-49,1,0.03,0
8/1/2018,10786,M,26,Group B,PT,8/9/2014, ,South,10/16/2013,Hourly,Voluntary,<30,297,9.9,0
8/1/2018,10842,F,37,Group F,PT,, ,South,7/10/2014,Hourly, ,30-49,22,0.73,0
8/1/2018,10854,F,20,Group G,PT,, ,South,10/31/2013,Hourly, ,<30,274,9.13,0
8/1/2018,10982,M,30,Group E,PT,, ,South,5/29/2014,Hourly, ,30-49,64,2.13,0
8/1/2018,10990,M,50,Group F,PT,, ,South,5/29/2014,Hourly, ,50+,64,2.13,0
8/1/2018,11176,F,23,Group C,PT,8/28/2014,Yes,South,8/28/2014,Hourly,Voluntary,<30,0,0,1
8/1/2018,11350,M,48,Group B,PT,, ,South,7/10/2014,Hourly, ,30-49,22,0.73,0
8/1/2018,11434,M,21,Group A,PT,8/18/2014, ,South,6/1/2014,Hourly,Involuntary,<30,78,2.6,0
8/1/2018,11546,M,59,Group F,PT,8/16/2014, ,South,7/31/2014,Hourly,Involuntary,50+,16,0.53,1
8/1/2018,11600,F,23,Group D,PT,8/23/2014, ,South,7/30/2014,Hourly,Involuntary,<30,24,0.8,1
8/1/2018,11622,F,24,Group B,PT,,Yes,South,8/8/2014,Hourly, ,<30,0,0,0
8/1/2018,11634,M,32,Group C,PT,8/4/2014, ,South,6/6/2014,Hourly,Involuntary,30-49,59,1.97,1
8/1/2018,11638,F,19,Group C,PT,, ,South,5/24/2014,Hourly, ,<30,69,2.3,0
8/1/2018,11640,F,21,Group C,PT,, ,South,6/19/2014,Hourly, ,<30,43,1.43,0
8/1/2018,11702,M,40,Group G,PT,8/28/2014,Yes,South,8/28/2014,Hourly,Involuntary,30-49,0,0,1
8/1/2018,11758,M,24,Group G,PT,8/28/2014,Yes,South,8/28/2014,Hourly,Involuntary,<30,0,0,1
8/1/2018,11780,M,38,Group B,PT,,Yes,South,8/28/2014,Hourly, ,30-49,0,0,0
8/1/2018,11802,M,35,Group F,PT,, ,South,6/19/2014,Hourly, ,30-49,43,1.43,0
8/1/2018,11804,M,33,Group C,PT,8/7/2014, ,South,6/5/2014,Hourly,Involuntary,30-49,63,2.1,0
8/1/2018,11806,M,19,Group C,PT,8/17/2014, ,South,5/24/2014,Hourly,Involuntary,<30,85,2.83,0
8/1/2018,11896,M,22,Group B,PT,8/23/2014, ,South,7/31/2014,Hourly,Voluntary,<30,23,0.77,1
8/1/2018,12026,M,22,Group E,PT,,Yes,South,8/14/2014,Hourly, ,<30,0,0,0
8/1/2018,12744,M,19,Group B,PT,8/30/2014,Yes,South,8/27/2014,Hourly,Voluntary,<30,3,0.1,1
8/1/2018,13452,M,20,Group A,PT,8/12/2014, ,West,7/31/2014,Hourly,Involuntary,<30,12,0.4,1
8/1/2018,13468,F,18,Group C,PT,8/28/2014,Yes,Central,8/1/2014,Hourly,Involuntary,<30,27,0.9,1
8/1/2018,13752,M,23,Group E,PT,8/6/2014, ,West,7/17/2014,Hourly,Involuntary,<30,20,0.67,1
8/1/2018,13768,M,37,Group F,PT,8/29/2014, ,Northwest,7/30/2014,Hourly,Involuntary,30-49,30,1,1
8/1/2018,13852,F,19,Group G,PT,8/30/2014,Yes,West,8/28/2014,Hourly,Involuntary,<30,2,0.07,1
8/1/2018,13904,M,19,Group B,PT,8/14/2014, ,West,5/21/2014,Hourly,Involuntary,<30,85,2.83,0
8/1/2018,13942,M,68,Group C,PT,8/7/2014,Yes,Central,8/1/2014,Hourly,Involuntary,50+,6,0.2,1
8/1/2018,14074,M,22,Group F,PT,8/2/2014,Yes,West,8/1/2014,Hourly,Involuntary,<30,1,0.03,1
8/1/2018,14130,F,28,Group E,PT,8/12/2014, ,West,7/31/2014,Hourly,Involuntary,<30,12,0.4,1
8/1/2018,14562,M,20,Group B,PT,,Yes,Central,8/26/2014,Hourly, ,<30,0,0,0
8/1/2018,14632,F,18,Group G,PT,8/16/2014,Yes,South,8/1/2014,Hourly,Involuntary,<30,15,0.5,1
8/1/2018,14666,F,20,Group D,PT,, ,West,7/23/2014,Hourly, ,<30,9,0.3,0
8/1/2018,14698,M,17,Group D,PT,8/20/2014, ,South,7/31/2014,Hourly,Involuntary,<30,20,0.67,1
8/1/2018,15258,F,19,Group D,PT,8/12/2014, ,East,7/31/2014,Hourly,Voluntary,<30,12,0.4,1
8/1/2018,15502,M,49,Group C,PT,8/15/2014,Yes,West,8/1/2014,Hourly,Voluntary,30-49,14,0.47,1
8/1/2018,15634,M,19,Group A,PT,8/23/2014, ,Central,7/31/2014,Hourly,Voluntary,<30,23,0.77,1
8/1/2018,15666,M,26,Group C,PT,,Yes,Central,8/29/2014,Hourly, ,<30,0,0,0
8/1/2018,15864,F,30,Group B,PT,8/21/2014,Yes,Central,8/1/2014,Hourly,Voluntary,30-49,20,0.67,1
8/1/2018,15898,M,53,Group D,PT,8/11/2014,Yes,West,8/1/2014,Hourly,Voluntary,50+,10,0.33,1
8/1/2018,15940,F,21,Group A,PT,8/24/2014, ,Central,7/30/2014,Hourly,Voluntary,<30,25,0.83,1
8/1/2018,16056,F,25,Group F,PT,8/4/2014, ,Northwest,7/31/2014,Hourly,Voluntary,<30,4,0.13,1
8/1/2018,16200,F,19,Group D,PT,8/27/2014, ,Northwest,7/30/2014,Hourly,Voluntary,<30,28,0.93,1
8/1/2018,16286,M,23,Group G,PT,8/24/2014, ,Central,7/30/2014,Hourly,Voluntary,<30,25,0.83,1
8/1/2018,16414,M,49,Group F,PT,, ,Northwest,7/11/2014,Hourly, ,30-49,21,0.7,0
8/1/2018,16446,M,21,Group D,PT,8/29/2014,Yes,Northwest,8/29/2014,Hourly,Voluntary,<30,0,0,1
8/1/2018,16452,F,22,Group E,PT,8/25/2014, ,Northwest,7/25/2014,Hourly,Voluntary,<30,31,1.03,1
8/1/2018,16626,F,17,Group E,PT,8/19/2014,Yes,West,8/1/2014,Hourly,Voluntary,<30,18,0.6,1
8/1/2018,16706,M,22,Group E,PT,8/23/2014,Yes,Midwest,8/1/2014,Hourly,Involuntary,<30,22,0.73,1
8/1/2018,16996,F,21,Group C,PT,, ,West,3/13/2014,Hourly, ,<30,141,4.7,0
8/1/2018,17362,F,29,Group B,FT,, ,East,12/20/2011,Hourly, ,<30,955,31.83,0
8/1/2018,17474,F,25,Group E,PT,,Yes,East,8/12/2014,Hourly, ,<30,0,0,0
8/1/2018,18006,F,18,Group E,PT,, ,Northwest,6/7/2014,Hourly, ,<30,55,1.83,0
8/1/2018,18024,M,53,Group C,PT,,Yes,Northwest,8/5/2014,Hourly, ,50+,0,0,0
8/1/2018,18158,M,25,Group C,PT,8/24/2014, ,Northwest,7/30/2014,Hourly,Involuntary,<30,25,0.83,1
8/1/2018,18230,M,48,Group A,PT,8/3/2014, ,North,10/24/2007,Hourly,Involuntary,30-49,2475,82.5,0
8/1/2018,18434,F,24,Group E,PT,8/13/2014, ,Northwest,5/3/2014,Hourly,Voluntary,<30,102,3.4,0
8/1/2018,18786,M,40,Group C,PT,8/2/2014, ,Central,10/16/2013,Hourly,Involuntary,30-49,290,9.67,0
8/1/2018,18824,F,21,Group G,PT,, ,West,7/31/2014,Hourly, ,<30,1,0.03,0
8/1/2018,18940,F,24,Group C,PT,,Yes,West,8/22/2014,Hourly, ,<30,0,0,0
8/1/2018,18994,F,21,Group B,FT,, ,Northwest,9/9/2013,Hourly, ,<30,326,10.87,0
8/1/2018,19120,M,37,Group A,PT,, ,Central,6/4/2014,Hourly, ,30-49,58,1.93,0
8/1/2018,19250,F,18,Group F,PT,8/25/2014,Yes,West,8/1/2014,Hourly,Voluntary,<30,24,0.8,1
8/1/2018,19298,F,18,Group A,PT,8/28/2014,Yes,West,8/28/2014,Hourly,Involuntary,<30,0,0,1
8/1/2018,19376,M,19,Group C,PT,, ,Central,10/3/2013,Hourly, ,<30,302,10.07,0
8/1/2018,19442,M,22,Group D,PT,, ,Central,6/17/2014,Hourly, ,<30,45,1.5,0
8/1/2018,19490,M,20,Group C,PT,8/22/2014,Yes,Central,8/1/2014,Hourly,Voluntary,<30,21,0.7,1
8/1/2018,19498,M,21,Group F,PT,8/21/2014, ,Central,7/31/2014,Hourly,Voluntary,<30,21,0.7,1
8/1/2018,19598,F,19,Group G,PT,, ,Northwest,2/13/2014,Hourly, ,<30,169,5.63,0
8/1/2018,19600,F,24,Group A,FT,8/13/2014, ,Northwest,4/27/2011,Hourly,Involuntary,<30,1204,40.13,0
8/1/2018,19774,M,52,Group E,PT,8/27/2014, ,Northwest,7/31/2014,Hourly,Voluntary,50+,27,0.9,1
8/1/2018,19870,M,24,Group A,PT,, ,Northwest,10/24/2013,Hourly, ,<30,281,9.37,0
8/1/2018,20294,M,45,Group D,PT,8/31/2014, ,Northwest,7/30/2014,Hourly,Voluntary,30-49,32,1.07,1
8/1/2018,20944,M,22,Group G,PT,8/14/2014, ,West,7/19/2014,Hourly,Voluntary,<30,26,0.87,1
8/1/2018,21046,M,20,Group F,PT,, ,Central,7/30/2014,Hourly, ,<30,2,0.07,0
8/1/2018,21136,M,19,Group B,PT,8/31/2014, ,Central,4/3/2014,Hourly,Voluntary,<30,150,5,0
8/1/2018,21136,M,19,Group B,PT,, ,Central,4/3/2014,Hourly, ,<30,120,4,0
8/1/2018,21472,M,24,Group B,PT,, ,Northwest,4/10/2014,Hourly, ,<30,113,3.77,0
8/1/2018,21544,F,27,Group B,PT,, ,Northwest,9/2/2010,Hourly, ,<30,1429,47.63,0
8/1/2018,21600,F,21,Group G,PT,, ,South,6/13/2014,Hourly, ,<30,49,1.63,0
8/1/2018,21608,F,21,Group G,PT,8/20/2014, ,Midwest,6/26/2014,Hourly,Involuntary,<30,55,1.83,1
8/1/2018,21628,F,20,Group G,PT,, ,Northwest,6/12/2014,Hourly, ,<30,50,1.67,0
8/1/2018,21630,F,19,Group B,PT,, ,South,10/18/2013,Hourly, ,<30,287,9.57,0
8/1/2018,21870,F,21,Group C,PT,, ,North,9/13/2013,Hourly, ,<30,322,10.73,0
8/1/2018,21880,M,16,Group C,PT,8/28/2014, ,North,7/25/2014,Hourly,Voluntary,<30,34,1.13,1
8/1/2018,21990,M,17,Group E,PT,,Yes,Midwest,8/20/2014,Hourly, ,<30,0,0,0
8/1/2018,22298,F,22,Group E,FT,8/9/2014, ,East,5/20/2014,Hourly,Involuntary,<30,81,2.7,0
8/1/2018,22478,F,24,Group D,PT,8/17/2014, ,East,7/8/2014,Hourly,Voluntary,<30,40,1.33,1
8/1/2018,22570,F,21,Group D,FT,8/9/2014, ,East,5/20/2014,Hourly,Involuntary,<30,81,2.7,0
8/1/2018,22984,M,19,Group D,PT,8/8/2014, ,Central,6/5/2014,Hourly,Voluntary,<30,64,2.13,0
8/1/2018,23006,M,60,Group F,PT,8/9/2014, ,West,7/31/2014,Hourly,Voluntary,50+,9,0.3,1
8/1/2018,23112,F,21,Group G,PT,, ,North,2/22/2012,Hourly, ,<30,891,29.7,0
8/1/2018,23198,F,18,Group C,PT,8/30/2014,Yes,Central,8/28/2014,Hourly,Voluntary,<30,2,0.07,1
8/1/2018,23410,M,18,Group G,PT,8/12/2014, ,Northwest,5/30/2014,Hourly,Voluntary,<30,74,2.47,0
8/1/2018,23848,F,17,Group F,PT,8/28/2014, ,North,7/31/2014,Hourly,Voluntary,<30,28,0.93,1
8/1/2018,24138,F,20,Group C,PT,8/1/2014, ,Northwest,6/18/2014,Hourly,Voluntary,<30,44,1.47,1
8/1/2018,24336,M,19,Group A,PT,8/31/2014,Yes,Northwest,8/1/2014,Hourly,Voluntary,<30,30,1,1
8/1/2018,24502,F,23,Group F,PT,, ,East,9/17/2013,Hourly, ,<30,318,10.6,0
8/1/2018,24614,F,24,Group A,PT,, ,North,8/23/2013,Hourly, ,<30,343,11.43,0
8/1/2018,24624,M,38,Group F,FT,8/29/2014,Yes,East,8/29/2014,Hourly,Voluntary,30-49,0,0,1
8/1/2018,24626,M,39,Group D,FT,8/30/2014,Yes,East,8/29/2014,Hourly,Voluntary,30-49,1,0.03,1
8/1/2018,24684,M,38,Group F,PT,, ,West,5/21/2014,Hourly, ,30-49,72,2.4,0
8/1/2018,24700,F,21,Group F,FT,, ,East,5/7/2014,Hourly, ,<30,86,2.87,0
8/1/2018,24994,M,21,Group B,PT,, ,Northwest,11/19/2013,Hourly, ,<30,255,8.5,0
8/1/2018,25044,F,20,Group G,PT,, ,Central,6/21/2013,Hourly, ,<30,406,13.53,0
8/1/2018,25148,F,23,Group C,PT,8/23/2014, ,Central,11/13/2013,Hourly,Voluntary,<30,283,9.43,0
8/1/2018,25182,F,27,Group D,PT,8/27/2014,Yes,Northwest,8/27/2014,Hourly,Voluntary,<30,0,0,1
8/1/2018,25212,F,21,Group F,PT,8/23/2014, ,West,7/17/2013,Hourly,Voluntary,<30,402,13.4,0
8/1/2018,25892,F,20,Group F,PT,8/18/2014, ,Northwest,6/29/2012,Hourly,Voluntary,<30,780,26,0
8/1/2018,26212,M,62,Group D,PT,8/27/2014,Yes,Central,8/1/2014,Hourly,Voluntary,50+,26,0.87,1
8/1/2018,26232,M,21,Group E,PT,, ,Northwest,6/13/2014,Hourly, ,<30,49,1.63,0
8/1/2018,26442,M,21,Group E,PT,8/20/2014, ,Northwest,7/30/2014,Hourly,Voluntary,<30,21,0.7,1
8/1/2018,26530,M,22,Group D,PT,8/1/2014, ,Central,7/31/2014,Hourly,Voluntary,<30,1,0.03,1
8/1/2018,26836,M,45,Group A,PT,8/3/2014, ,Midwest,1/29/2014,Hourly,Voluntary,30-49,186,6.2,0
8/1/2018,26846,M,49,Group D,FT,, ,North,7/29/2014,Hourly, ,30-49,3,0.1,0
8/1/2018,27462,M,43,Group F,FT,8/29/2014,Yes,East,8/29/2014,Hourly,Voluntary,30-49,0,0,1
8/1/2018,27676,F,21,Group A,PT,, ,East,3/11/2014,Hourly, ,<30,143,4.77,0
8/1/2018,27756,M,20,Group D,PT,8/26/2014, ,East,7/22/2014,Hourly,Voluntary,<30,35,1.17,1
8/1/2018,27968,F,50,Group D,PT,8/29/2014,Yes,North,8/28/2014,Hourly,Voluntary,50+,1,0.03,1
8/1/2018,28024,F,21,Group C,PT,8/5/2014, ,North,7/26/2014,Hourly,Voluntary,<30,10,0.33,1
8/1/2018,28066,M,29,Group F,PT,, ,Northwest,4/30/2014,Hourly, ,<30,93,3.1,0
8/1/2018,28150,F,18,Group E,PT,8/29/2014,Yes,Northwest,8/27/2014,Hourly,Voluntary,<30,2,0.07,1
8/1/2018,28256,M,31,Group D,PT,8/28/2014, ,Central,7/30/2014,Hourly,Voluntary,30-49,29,0.97,1
8/1/2018,28262,M,61,Group B,PT,, ,Central,11/1/2013,Hourly, ,50+,273,9.1,0
8/1/2018,28276,M,22,Group A,PT,8/14/2014, ,Central,4/30/2013,Hourly,Voluntary,<30,471,15.7,0
8/1/2018,28394,F,19,Group F,PT,,Yes,West,8/27/2014,Hourly, ,<30,0,0,0
8/1/2018,28738,F,23,Group G,PT,, ,Central,9/16/2012,Hourly, ,<30,684,22.8,0
8/1/2018,28758,M,22,Group A,PT,, ,West,1/7/2014,Hourly, ,<30,206,6.87,0
8/1/2018,29044,M,46,Group C,PT,, ,West,6/5/2014,Hourly, ,30-49,57,1.9,0
8/1/2018,29274,F,24,Group F,PT,8/11/2014, ,Central,5/16/2013,Hourly,Voluntary,<30,452,15.07,0
8/1/2018,29416,M,24,Group A,PT,,Yes,West,8/21/2014,Hourly, ,<30,0,0,0
8/1/2018,29444,F,22,Group G,PT,8/8/2014, ,West,5/7/2014,Hourly,Voluntary,<30,93,3.1,0
8/1/2018,29552,F,27,Group B,PT,, ,West,3/15/2013,Hourly, ,<30,504,16.8,0
8/1/2018,29632,M,29,Group F,PT,8/17/2014, ,Central,4/1/2010,Hourly,Voluntary,<30,1599,53.3,0
8/1/2018,29766,M,49,Group F,PT,8/10/2014, ,Central,6/18/2014,Hourly,Voluntary,30-49,53,1.77,1
8/1/2018,29830,F,20,Group B,PT,, ,Central,6/4/2014,Hourly, ,<30,58,1.93,0
8/1/2018,29856,M,59,Group F,PT,, ,Central,6/18/2014,Hourly, ,50+,44,1.47,0
8/1/2018,29862,M,22,Group B,PT,8/18/2014, ,Central,11/6/2013,Hourly,Voluntary,<30,285,9.5,0
8/1/2018,29938,M,60,Group G,PT,8/7/2014,Yes,Central,8/1/2014,Hourly,Voluntary,50+,6,0.2,1
8/1/2018,30194,M,18,Group D,PT,8/30/2014, ,Northwest,7/30/2014,Hourly,Voluntary,<30,31,1.03,1
8/1/2018,30202,M,40,Group F,PT,, ,Northwest,6/4/2014,Hourly, ,30-49,58,1.93,0
8/1/2018,30222,M,21,Group B,PT,, ,Northwest,5/9/2014,Hourly, ,<30,84,2.8,0
8/1/2018,30236,F,20,Group A,PT,8/13/2014, ,Northwest,5/9/2014,Hourly,Voluntary,<30,96,3.2,0
8/1/2018,30256,M,26,Group E,PT,,Yes,Northwest,8/7/2014,Hourly, ,<30,0,0,0
8/1/2018,30260,M,26,Group A,PT,, ,Northwest,6/18/2014,Hourly, ,<30,44,1.47,0
8/1/2018,30400,M,24,Group C,PT,8/30/2014,Yes,Northwest,8/28/2014,Hourly,Voluntary,<30,2,0.07,1
8/1/2018,30434,M,29,Group A,PT,8/18/2014, ,Northwest,7/31/2014,Hourly,Voluntary,<30,18,0.6,1
8/1/2018,30658,M,63,Group G,PT,8/6/2014, ,Northwest,7/31/2014,Hourly,Voluntary,50+,6,0.2,1
8/1/2018,30902,M,25,Group F,PT,,Yes,Northwest,8/16/2014,Hourly, ,<30,0,0,0
8/1/2018,30924,M,28,Group G,PT,, ,Northwest,5/7/2014,Hourly, ,<30,86,2.87,0
8/1/2018,30934,M,54,Group B,PT,, ,Northwest,11/3/2011,Hourly, ,50+,1002,33.4,0
8/1/2018,30950,M,20,Group C,PT,, ,Northwest,7/30/2014,Hourly, ,<30,2,0.07,0
8/1/2018,31528,M,22,Group B,PT,8/29/2014,Yes,Central,8/27/2014,Hourly,Voluntary,<30,2,0.07,1
8/1/2018,31772,M,52,Group C,PT,,Yes,West,8/21/2014,Hourly, ,50+,0,0,0
8/1/2018,32024,M,17,Group E,PT,, ,Central,6/25/2014,Hourly, ,<30,37,1.23,0
8/1/2018,32034,F,19,Group E,PT,, ,North,11/5/2013,Hourly, ,<30,269,8.97,0
8/1/2018,32492,F,26,Group G,PT,8/12/2014,Yes,North,8/1/2014,Hourly,Voluntary,<30,11,0.37,1
8/1/2018,32604,M,17,Group D,PT,8/16/2014, ,Midwest,7/31/2014,Hourly,Voluntary,<30,16,0.53,1
8/1/2018,33262,F,49,Group E,FT,8/9/2014, ,Northwest,3/19/2008,Salary,Voluntary,30-49,2334,77.8,0
8/1/2018,33278,F,33,Group E,FT,8/18/2014, ,Midwest,9/29/2011,Salary,Voluntary,30-49,1054,35.13,0
8/1/2018,33300,M,27,Group E,FT,8/9/2014, ,East,6/10/2014,Salary,Involuntary,<30,60,2,1
8/1/2018,33310,M,23,Group D,FT,, ,East,6/25/2013,Salary, ,<30,402,13.4,0
8/1/2018,33312,F,52,Group C,FT,, ,East,10/4/2011,Salary, ,50+,1032,34.4,0
8/1/2018,33812,M,28,Group B,PT,8/22/2014, ,Midwest,1/13/2012,Hourly,Involuntary,<30,952,31.73,0
8/1/2018,40390,F,56,Group G,PT,, ,North,6/20/2014,Hourly, ,50+,42,1.4,0
8/1/2018,40404,F,19,Group A,PT,, ,North,6/26/2014,Hourly, ,<30,36,1.2,0
8/1/2018,40406,M,49,Group B,FT,, ,North,4/9/2005,Hourly, ,30-49,3401,113.37,0
8/1/2018,40416,F,20,Group C,FT,, ,North,5/21/2013,Hourly, ,<30,437,14.57,0
8/1/2018,40418,M,21,Group D,PT,, ,North,7/8/2014,Hourly, ,<30,24,0.8,0
8/1/2018,40428,M,29,Group D,PT,,Yes,North,8/27/2014,Hourly, ,<30,0,0,0
8/1/2018,40434,M,56,Group E,FT,, ,North,8/16/2012,Hourly, ,50+,715,23.83,0
8/1/2018,40442,M,19,Group G,PT,, ,North,3/5/2014,Hourly, ,<30,149,4.97,0
8/1/2018,40452,M,47,Group A,PT,, ,North,10/16/2013,Hourly, ,30-49,289,9.63,0
8/1/2018,40456,M,58,Group E,PT,, ,North,6/10/2014,Hourly, ,50+,52,1.73,0
8/1/2018,40458,F,24,Group B,PT,, ,North,7/18/2014,Hourly, ,<30,14,0.47,0
8/1/2018,40462,F,20,Group A,PT,, ,North,9/19/2013,Hourly, ,<30,316,10.53,0
8/1/2018,40466,F,19,Group B,PT,, ,North,6/6/2014,Hourly, ,<30,56,1.87,0
8/1/2018,40472,F,57,Group E,FT,, ,North,5/18/2005,Hourly, ,50+,3362,112.07,0
8/1/2018,40478,M,22,Group C,PT,, ,North,6/22/2011,Hourly, ,<30,1136,37.87,0
8/1/2018,40484,M,21,Group F,PT,, ,North,12/13/2011,Hourly, ,<30,962,32.07,0
8/1/2018,40486,M,28,Group A,PT,, ,North,11/2/2011,Hourly, ,<30,1003,33.43,0
8/1/2018,40488,M,37,Group D,FT,, ,North,5/23/2011,Hourly, ,30-49,1166,38.87,0
8/1/2018,40502,M,22,Group A,PT,, ,North,7/18/2014,Hourly, ,<30,14,0.47,0
8/1/2018,40506,M,21,Group G,PT,, ,North,7/27/2012,Hourly, ,<30,735,24.5,0
8/1/2018,40514,F,20,Group F,PT,,Yes,North,8/21/2014,Hourly, ,<30,0,0,0
8/1/2018,40530,M,20,Group A,PT,, ,North,3/26/2014,Hourly, ,<30,128,4.27,0
8/1/2018,40542,M,47,Group D,PT,, ,North,6/21/2005,Hourly, ,30-49,3328,110.93,0
8/1/2018,40548,F,31,Group E,FT,, ,North,5/2/2007,Hourly, ,30-49,2648,88.27,0
8/1/2018,40554,M,68,Group C,PT,, ,North,2/23/2007,Hourly, ,50+,2716,90.53,0
8/1/2018,40754,F,24,Group D,PT,, ,North,8/7/2008,Hourly, ,<30,2185,72.83,0
8/1/2018,41030,F,20,Group F,PT,, ,Midwest,5/16/2013,Hourly, ,<30,442,14.73,0
8/1/2018,41038,M,44,Group F,PT,, ,Midwest,3/16/2012,Hourly, ,30-49,868,28.93,0
8/1/2018,41042,F,37,Group D,PT,, ,Midwest,8/9/2013,Hourly, ,30-49,357,11.9,0
8/1/2018,41046,M,27,Group G,FT,, ,Midwest,4/17/2014,Hourly, ,<30,106,3.53,0
8/1/2018,41050,M,29,Group F,PT,, ,Midwest,12/29/2007,Hourly, ,<30,2407,80.23,0
8/1/2018,41058,F,24,Group C,PT,, ,Midwest,10/26/2011,Hourly, ,<30,1010,33.67,0
8/1/2018,41082,F,23,Group F,PT,, ,Midwest,2/18/2010,Hourly, ,<30,1625,54.17,0
8/1/2018,41090,M,19,Group G,PT,, ,Midwest,4/25/2014,Hourly, ,<30,98,3.27,0
8/1/2018,41288,F,22,Group B,FT,, ,Midwest,3/2/2012,Hourly, ,<30,882,29.4,0
8/1/2018,41290,M,21,Group G,PT,, ,Midwest,2/12/2014,Hourly, ,<30,170,5.67,0
8/1/2018,41292,F,22,Group D,PT,, ,Midwest,11/3/2012,Hourly, ,<30,636,21.2,0
8/1/2018,41314,F,21,Group F,PT,, ,Midwest,6/6/2014,Hourly, ,<30,56,1.87,0
8/1/2018,41316,M,42,Group F,PT,, ,Midwest,6/25/2014,Hourly, ,30-49,37,1.23,0
8/1/2018,41332,M,26,Group G,FT,, ,Midwest,10/20/2009,Hourly, ,<30,1746,58.2,0
8/1/2018,41344,M,66,Group F,PT,, ,Midwest,8/30/2005,Hourly, ,50+,3258,108.6,0
8/1/2018,41372,F,31,Group G,FT,, ,Midwest,7/26/2013,Hourly, ,30-49,371,12.37,0
8/1/2018,41388,F,22,Group B,FT,, ,South,6/26/2013,Hourly, ,<30,401,13.37,0
8/1/2018,41390,M,40,Group B,PT,,Yes,South,8/16/2014,Hourly, ,30-49,0,0,0
8/1/2018,41394,M,42,Group G,PT,, ,South,6/14/2014,Hourly, ,30-49,48,1.6,0
8/1/2018,41396,F,19,Group C,PT,, ,South,4/27/2013,Hourly, ,<30,461,15.37,0
8/1/2018,41416,M,21,Group C,PT,, ,South,8/28/2013,Hourly, ,<30,338,11.27,0
8/1/2018,41420,M,20,Group C,PT,, ,South,4/18/2013,Hourly, ,<30,470,15.67,0
8/1/2018,41510,M,25,Group A,PT,, ,South,10/26/2011,Hourly, ,<30,1010,33.67,0
8/1/2018,41512,F,21,Group G,PT,, ,South,8/25/2012,Hourly, ,<30,706,23.53,0
8/1/2018,41518,M,52,Group C,PT,, ,South,7/12/2013,Hourly, ,50+,385,12.83,0
8/1/2018,41526,M,51,Group B,PT,, ,South,5/7/2014,Hourly, ,50+,86,2.87,0
8/1/2018,41544,M,47,Group F,PT,, ,South,3/19/2014,Hourly, ,30-49,135,4.5,0
8/1/2018,41692,M,48,Group D,FT,, ,South,11/22/2012,Hourly, ,30-49,617,20.57,0
8/1/2018,41708,M,25,Group E,PT,,Yes,South,8/22/2014,Hourly, ,<30,0,0,0
8/1/2018,41712,F,25,Group B,PT,,Yes,South,8/21/2014,Hourly, ,<30,0,0,0
8/1/2018,41714,M,28,Group G,PT,, ,South,4/9/2014,Hourly, ,<30,114,3.8,0
8/1/2018,42106,M,59,Group B,PT,, ,South,8/23/2012,Hourly, ,50+,708,23.6,0
8/1/2018,42118,F,19,Group B,PT,, ,South,6/13/2014,Hourly, ,<30,49,1.63,0
8/1/2018,42236,M,65,Group G,FT,, ,South,6/15/2011,Hourly, ,50+,1143,38.1,0
8/1/2018,42238,F,21,Group B,PT,, ,South,10/20/2012,Hourly, ,<30,650,21.67,0
8/1/2018,42240,M,23,Group A,PT,,Yes,South,8/13/2014,Hourly, ,<30,0,0,0
8/1/2018,42328,M,49,Group B,PT,, ,South,6/1/2014,Hourly, ,30-49,61,2.03,0
8/1/2018,42460,M,67,Group D,PT,, ,South,6/4/2014,Hourly, ,50+,58,1.93,0
8/1/2018,42462,F,28,Group E,FT,, ,South,5/24/2014,Hourly, ,<30,69,2.3,0
8/1/2018,42464,F,47,Group G,FT,, ,South,5/24/2014,Hourly, ,30-49,69,2.3,0
8/1/2018,42466,F,44,Group G,FT,, ,South,6/19/2014,Hourly, ,30-49,43,1.43,0
8/1/2018,42468,M,23,Group G,PT,, ,South,5/24/2014,Hourly, ,<30,69,2.3,0
8/1/2018,42472,M,22,Group G,PT,, ,South,5/24/2014,Hourly, ,<30,69,2.3,0
8/1/2018,42474,M,41,Group A,PT,, ,South,6/19/2014,Hourly, ,30-49,43,1.43,0
8/1/2018,42476,M,27,Group C,PT,, ,South,5/24/2014,Hourly, ,<30,69,2.3,0
8/1/2018,42478,M,46,Group B,PT,, ,South,6/13/2014,Hourly, ,30-49,49,1.63,0
8/1/2018,42480,M,19,Group C,PT,, ,South,6/1/2014,Hourly, ,<30,61,2.03,0
8/1/2018,42482,M,28,Group B,PT,, ,South,6/1/2014,Hourly, ,<30,61,2.03,0
8/1/2018,42484,F,24,Group D,PT,, ,South,6/13/2014,Hourly, ,<30,49,1.63,0
8/1/2018,42490,M,24,Group F,PT,, ,South,6/19/2014,Hourly, ,<30,43,1.43,0
8/1/2018,42492,M,44,Group G,PT,, ,South,6/6/2014,Hourly, ,30-49,56,1.87,0
8/1/2018,42494,M,40,Group F,PT,, ,South,5/29/2014,Hourly, ,30-49,64,2.13,0
8/1/2018,42496,M,27,Group D,FT,, ,South,6/4/2014,Hourly, ,<30,58,1.93,0
8/1/2018,42498,M,24,Group F,PT,, ,South,6/4/2014,Hourly, ,<30,58,1.93,0
8/1/2018,42500,M,26,Group D,PT,, ,South,6/4/2014,Hourly, ,<30,58,1.93,0
8/1/2018,42502,M,26,Group B,PT,, ,South,6/4/2014,Hourly, ,<30,58,1.93,0
8/1/2018,42506,F,22,Group F,PT,, ,South,6/4/2014,Hourly, ,<30,58,1.93,0
8/1/2018,42680,M,63,Group D,PT,, ,South,6/20/2013,Hourly, ,50+,407,13.57,0
8/1/2018,42684,M,25,Group A,FT,, ,South,2/14/2006,Hourly, ,<30,3090,103,0
8/1/2018,42708,M,62,Group E,PT,, ,South,10/27/2011,Hourly, ,50+,1009,33.63,0
8/1/2018,42772,M,53,Group G,PT,, ,South,5/28/2014,Hourly, ,50+,65,2.17,0
8/1/2018,42804,F,24,Group F,PT,, ,South,9/7/2012,Hourly, ,<30,693,23.1,0
8/1/2018,42892,M,59,Group G,FT,, ,South,6/19/2007,Hourly, ,50+,2600,86.67,0
8/1/2018,42896,M,20,Group B,PT,, ,South,8/14/2013,Hourly, ,<30,352,11.73,0
8/1/2018,42924,F,24,Group E,PT,, ,South,6/23/2011,Hourly, ,<30,1135,37.83,0
8/1/2018,42934,F,22,Group E,PT,, ,South,7/10/2014,Hourly, ,<30,22,0.73,0
8/1/2018,43056,M,32,Group A,PT,, ,South,5/1/2014,Hourly, ,30-49,92,3.07,0
8/1/2018,43058,M,37,Group C,PT,, ,South,8/16/2013,Hourly, ,30-49,350,11.67,0
8/1/2018,43128,M,23,Group B,PT,, ,South,2/25/2012,Hourly, ,<30,888,29.6,0
8/1/2018,43130,M,22,Group A,PT,, ,South,2/28/2014,Hourly, ,<30,154,5.13,0
8/1/2018,43134,F,20,Group E,PT,, ,South,7/31/2013,Hourly, ,<30,366,12.2,0
8/1/2018,43142,F,23,Group A,PT,, ,South,7/3/2014,Hourly, ,<30,29,0.97,0
8/1/2018,43144,M,25,Group E,PT,, ,South,6/20/2014,Hourly, ,<30,42,1.4,0
8/1/2018,43160,M,37,Group F,PT,, ,South,1/20/2014,Hourly, ,30-49,193,6.43,0
8/1/2018,43308,M,18,Group C,PT,, ,South,10/31/2012,Hourly, ,<30,639,21.3,0
8/1/2018,43312,M,21,Group F,PT,, ,South,3/14/2014,Hourly, ,<30,140,4.67,0
8/1/2018,43336,M,22,Group E,PT,, ,South,3/31/2012,Hourly, ,<30,853,28.43,0
8/1/2018,43340,F,23,Group G,FT,, ,South,8/20/2013,Hourly, ,<30,346,11.53,0
8/1/2018,43342,F,23,Group F,FT,, ,South,3/31/2012,Hourly, ,<30,853,28.43,0
8/1/2018,43350,M,69,Group E,PT,, ,South,11/6/2013,Hourly, ,50+,268,8.93,0
8/1/2018,43356,F,23,Group B,FT,, ,South,9/2/2009,Hourly, ,<30,1794,59.8,0
8/1/2018,43376,F,48,Group A,PT,, ,North,10/16/2012,Hourly, ,30-49,654,21.8,0
8/1/2018,43380,M,27,Group C,PT,, ,North,7/5/2012,Hourly, ,<30,757,25.23,0
8/1/2018,43384,F,22,Group F,PT,, ,North,6/11/2014,Hourly, ,<30,51,1.7,0
8/1/2018,43388,F,21,Group D,PT,, ,North,6/7/2014,Hourly, ,<30,55,1.83,0
8/1/2018,43396,F,23,Group C,PT,, ,North,5/23/2014,Hourly, ,<30,70,2.33,0
8/1/2018,43398,M,23,Group C,PT,, ,North,5/22/2014,Hourly, ,<30,71,2.37,0
8/1/2018,43408,F,21,Group A,PT,,Yes,North,8/13/2014,Hourly, ,<30,0,0,0
8/1/2018,43414,F,19,Group E,FT,, ,North,9/26/2013,Hourly, ,<30,309,10.3,0
8/1/2018,43416,M,20,Group D,PT,, ,North,6/27/2014,Hourly, ,<30,35,1.17,0
8/1/2018,43418,M,22,Group B,PT,,Yes,North,8/1/2014,Hourly, ,<30,0,0,0
8/1/2018,43422,M,23,Group B,PT,, ,North,7/10/2014,Hourly, ,<30,22,0.73,0
8/1/2018,43424,M,34,Group E,PT,, ,North,5/16/2014,Hourly, ,30-49,77,2.57,0
8/1/2018,43428,F,19,Group D,PT,, ,North,8/8/2013,Hourly, ,<30,358,11.93,0
8/1/2018,43430,F,49,Group A,FT,, ,North,9/16/2011,Hourly, ,30-49,1050,35,0
8/1/2018,43432,F,36,Group C,FT,, ,North,3/10/2011,Hourly, ,30-49,1240,41.33,0
8/1/2018,43438,M,60,Group G,FT,, ,North,7/19/2012,Hourly, ,50+,743,24.77,0
8/1/2018,43440,F,26,Group G,FT,, ,North,5/31/2007,Hourly, ,<30,2619,87.3,0
8/1/2018,43496,M,45,Group C,PT,,Yes,North,8/28/2014,Hourly, ,30-49,0,0,0
8/1/2018,43526,M,58,Group C,FT,, ,North,4/26/2008,Hourly, ,50+,2288,76.27,0
8/1/2018,43538,M,26,Group C,PT,, ,North,6/12/2008,Hourly, ,<30,2241,74.7,0
8/1/2018,43570,F,20,Group A,PT,, ,North,11/6/2013,Hourly, ,<30,268,8.93,0
8/1/2018,43584,M,21,Group G,PT,, ,North,7/2/2014,Hourly, ,<30,30,1,0
8/1/2018,43590,M,26,Group D,PT,, ,North,7/9/2014,Hourly, ,<30,23,0.77,0
8/1/2018,43606,F,24,Group B,PT,, ,North,8/31/2011,Hourly, ,<30,1066,35.53,0
8/1/2018,43610,M,25,Group C,PT,, ,North,3/20/2007,Hourly, ,<30,2691,89.7,0
8/1/2018,43612,M,55,Group G,PT,, ,North,2/27/2007,Hourly, ,50+,2712,90.4,0
8/1/2018,43614,M,61,Group F,PT,, ,North,3/26/2014,Hourly, ,50+,128,4.27,0
8/1/2018,43626,M,19,Group F,PT,, ,North,11/29/2013,Hourly, ,<30,245,8.17,0
8/1/2018,43662,M,43,Group D,PT,,Yes,North,8/19/2014,Hourly, ,30-49,0,0,0
8/1/2018,43672,F,23,Group D,FT,, ,North,11/3/2006,Hourly, ,<30,2828,94.27,0
8/1/2018,43678,M,60,Group A,FT,, ,North,4/9/2007,Hourly, ,50+,2671,89.03,0
8/1/2018,43682,M,64,Group F,PT,, ,North,11/13/2013,Hourly, ,50+,261,8.7,0
8/1/2018,43690,F,24,Group E,PT,, ,North,7/31/2014,Hourly, ,<30,1,0.03,0
8/1/2018,43708,M,22,Group D,PT,, ,North,5/15/2014,Hourly, ,<30,78,2.6,0
8/1/2018,43712,F,23,Group A,PT,, ,North,7/17/2014,Hourly, ,<30,15,0.5,0
8/1/2018,43728,F,23,Group D,PT,, ,North,10/3/2011,Hourly, ,<30,1033,34.43,0
8/1/2018,43732,F,20,Group G,PT,,Yes,North,8/27/2014,Hourly, ,<30,0,0,0
8/1/2018,43738,M,23,Group D,PT,, ,North,6/22/2010,Hourly, ,<30,1501,50.03,0
8/1/2018,43764,F,20,Group A,PT,, ,North,5/29/2014,Hourly, ,<30,64,2.13,0
8/1/2018,43784,F,21,Group B,PT,, ,Midwest,8/15/2013,Hourly, ,<30,351,11.7,0
8/1/2018,43788,F,22,Group E,PT,,Yes,Midwest,8/23/2014,Hourly, ,<30,0,0,0
8/1/2018,43790,F,65,Group D,FT,, ,Midwest,8/1/2009,Hourly, ,50+,1826,60.87,0
8/1/2018,43796,F,26,Group A,FT,, ,Midwest,3/19/2014,Hourly, ,<30,135,4.5,0
8/1/2018,43802,M,58,Group C,PT,, ,Midwest,3/19/2014,Hourly, ,50+,135,4.5,0
8/1/2018,43804,M,33,Group E,FT,, ,Midwest,3/19/2014,Hourly, ,30-49,135,4.5,0
8/1/2018,43806,M,21,Group C,PT,, ,Midwest,3/19/2014,Hourly, ,<30,135,4.5,0
8/1/2018,43808,M,62,Group D,PT,, ,Midwest,3/25/2014,Hourly, ,50+,129,4.3,0
8/1/2018,43918,M,50,Group A,PT,, ,Midwest,3/9/2010,Hourly, ,50+,1606,53.53,0
8/1/2018,43926,F,19,Group B,PT,, ,Midwest,10/4/2011,Hourly, ,<30,1032,34.4,0
8/1/2018,43990,M,20,Group A,PT,, ,Midwest,9/19/2013,Hourly, ,<30,316,10.53,0
8/1/2018,44032,F,23,Group A,PT,, ,Midwest,10/28/2013,Hourly, ,<30,277,9.23,0
8/1/2018,44038,M,47,Group G,PT,, ,Midwest,10/12/2013,Hourly, ,30-49,293,9.77,0
8/1/2018,44044,M,63,Group A,PT,, ,Midwest,2/13/2007,Hourly, ,50+,2726,90.87,0
8/1/2018,44046,F,22,Group D,PT,, ,Midwest,3/26/2014,Hourly, ,<30,128,4.27,0
8/1/2018,44060,M,57,Group C,PT,,Yes,Midwest,8/2/2014,Hourly, ,50+,0,0,0
8/1/2018,44062,M,32,Group C,FT,, ,Midwest,8/12/2006,Hourly, ,30-49,2911,97.03,0
8/1/2018,44066,M,21,Group C,FT,, ,Midwest,3/26/2013,Hourly, ,<30,493,16.43,0
8/1/2018,44100,M,47,Group G,PT,,Yes,Midwest,8/15/2014,Hourly, ,30-49,0,0,0
8/1/2018,44110,M,27,Group D,PT,, ,Midwest,6/24/2009,Hourly, ,<30,1864,62.13,0
8/1/2018,44114,M,20,Group G,PT,, ,Midwest,7/11/2013,Hourly, ,<30,386,12.87,0
8/1/2018,49036,M,55,Group G,FT,, ,Central,10/13/2005,Hourly, ,50+,3214,107.13,0
8/1/2018,49040,F,48,Group F,PT,, ,South,6/2/2010,Hourly, ,30-49,1521,50.7,0
8/1/2018,49044,M,24,Group A,PT,, ,Northwest,7/30/2014,Hourly, ,<30,2,0.07,0
8/1/2018,49142,M,34,Group A,PT,, ,Midwest,3/22/2008,Hourly, ,30-49,2323,77.43,0
8/1/2018,49164,F,53,Group A,FT,, ,South,4/17/2008,Hourly, ,50+,2297,76.57,0
8/1/2018,49188,F,51,Group B,FT,, ,Midwest,3/10/1981,Hourly, ,50+,12197,406.57,0
8/1/2018,49216,F,41,Group D,FT,, ,Central,5/15/2013,Hourly, ,30-49,443,14.77,0
8/1/2018,49232,M,51,Group E,FT,, ,Northwest,7/5/2012,Hourly, ,50+,757,25.23,0
8/1/2018,49284,F,19,Group A,PT,, ,Northwest,11/2/2012,Hourly, ,<30,637,21.23,0
8/1/2018,49296,M,40,Group F,PT,, ,Northwest,12/6/2011,Hourly, ,30-49,969,32.3,0
8/1/2018,49302,F,22,Group A,PT,, ,North,12/13/2007,Hourly, ,<30,2423,80.77,0
8/1/2018,49356,M,17,Group B,PT,, ,West,5/30/2014,Hourly, ,<30,63,2.1,0
8/1/2018,49368,M,24,Group E,PT,, ,West,11/14/2012,Hourly, ,<30,625,20.83,0
8/1/2018,49376,F,31,Group G,FT,, ,West,1/9/2013,Hourly, ,30-49,569,18.97,0
8/1/2018,49416,M,32,Group E,PT,, ,Central,11/2/2011,Hourly, ,30-49,1003,33.43,0
8/1/2018,49420,M,20,Group F,PT,,Yes,Northwest,8/8/2014,Hourly, ,<30,0,0,0
8/1/2018,49438,M,22,Group F,PT,, ,Northwest,6/18/2014,Hourly, ,<30,44,1.47,0
8/1/2018,49444,M,28,Group F,PT,, ,South,9/21/2012,Hourly, ,<30,679,22.63,0
8/1/2018,49550,M,49,Group G,FT,, ,West,3/16/2008,Hourly, ,30-49,2329,77.63,0
8/1/2018,49576,F,58,Group E,PT,, ,West,11/1/2012,Hourly, ,50+,638,21.27,0
8/1/2018,49578,F,19,Group A,PT,, ,West,7/10/2014,Hourly, ,<30,22,0.73,0
8/1/2018,49580,M,44,Group B,PT,, ,West,7/31/2014,Hourly, ,30-49,1,0.03,0
8/1/2018,49666,F,34,Group A,FT,, ,Midwest,1/26/2007,Hourly, ,30-49,2744,91.47,0
8/1/2018,49716,F,62,Group E,FT,, ,Central,7/27/2007,Hourly, ,50+,2562,85.4,0
8/1/2018,49724,F,20,Group F,PT,, ,Northwest,6/10/2014,Hourly, ,<30,52,1.73,0
8/1/2018,49746,F,21,Group F,PT,,Yes,Northwest,8/29/2014,Hourly, ,<30,0,0,0
8/1/2018,49748,F,52,Group E,FT,, ,Northwest,11/21/2001,Hourly, ,50+,4636,154.53,0
8/1/2018,49776,F,29,Group A,FT,, ,North,7/12/2006,Hourly, ,<30,2942,98.07,0
8/1/2018,49794,F,43,Group G,FT,, ,South,1/18/1989,Hourly, ,30-49,9326,310.87,0
8/1/2018,49832,F,30,Group F,FT,, ,West,7/14/2004,Hourly, ,30-49,3670,122.33,0
8/1/2018,49848,M,47,Group B,FT,, ,West,3/15/2012,Hourly, ,30-49,869,28.97,0
8/1/2018,49908,F,23,Group F,PT,, ,Central,12/6/2013,Hourly, ,<30,238,7.93,0
8/1/2018,49932,F,23,Group E,PT,, ,Central,10/18/2013,Hourly, ,<30,287,9.57,0
8/1/2018,49966,F,19,Group G,PT,, ,Northwest,3/11/2014,Hourly, ,<30,143,4.77,0
8/1/2018,49976,F,21,Group B,PT,, ,West,8/9/2012,Hourly, ,<30,722,24.07,0
8/1/2018,49984,F,21,Group D,PT,, ,Central,6/4/2014,Hourly, ,<30,58,1.93,0
8/1/2018,50272,M,22,Group F,FT,, ,North,3/20/2012,Hourly, ,<30,864,28.8,0
8/1/2018,50278,F,57,Group F,FT,, ,North,10/13/2000,Hourly, ,50+,5040,168,0
8/1/2018,50282,F,55,Group D,PT,, ,South,10/15/2002,Hourly, ,50+,4308,143.6,0
8/1/2018,50294,F,21,Group E,PT,, ,Central,11/19/2013,Hourly, ,<30,255,8.5,0
8/1/2018,50304,F,32,Group F,FT,, ,Central,7/23/2009,Hourly, ,30-49,1835,61.17,0
8/1/2018,50306,F,44,Group C,FT,, ,Central,11/8/2005,Hourly, ,30-49,3188,106.27,0
8/1/2018,50312,F,46,Group D,FT,, ,Northwest,8/31/2012,Hourly, ,30-49,700,23.33,0
8/1/2018,50318,F,43,Group A,FT,, ,Midwest,9/13/2005,Hourly, ,30-49,3244,108.13,0
8/1/2018,50322,F,30,Group G,FT,, ,West,12/1/2007,Hourly, ,30-49,2435,81.17,0
8/1/2018,50332,M,23,Group B,PT,, ,North,12/18/2012,Hourly, ,<30,591,19.7,0
8/1/2018,50336,F,30,Group A,FT,, ,West,9/15/2005,Hourly, ,30-49,3242,108.07,0
8/1/2018,50340,F,27,Group F,FT,, ,Northwest,6/24/2012,Hourly, ,<30,768,25.6,0
8/1/2018,50342,F,33,Group C,FT,, ,Central,5/1/2008,Hourly, ,30-49,2283,76.1,0
8/1/2018,50370,F,28,Group C,FT,, ,West,5/29/2014,Hourly, ,<30,64,2.13,0
8/1/2018,50378,F,36,Group A,FT,, ,North,9/7/2012,Hourly, ,30-49,693,23.1,0
8/1/2018,50384,F,23,Group A,PT,, ,Midwest,9/13/2011,Hourly, ,<30,1053,35.1,0
8/1/2018,50386,F,23,Group A,FT,, ,North,9/11/2010,Hourly, ,<30,1420,47.33,0
8/1/2018,50396,F,22,Group A,FT,, ,Midwest,10/11/2012,Hourly, ,<30,659,21.97,0
8/1/2018,50418,F,23,Group G,PT,, ,Northwest,6/24/2014,Hourly, ,<30,38,1.27,0
8/1/2018,50426,F,43,Group E,FT,, ,Northwest,6/30/2004,Hourly, ,30-49,3684,122.8,0
8/1/2018,50438,F,59,Group G,FT,, ,West,3/29/2005,Hourly, ,50+,3412,113.73,0
8/1/2018,50452,F,21,Group C,PT,, ,West,6/5/2014,Hourly, ,<30,57,1.9,0
8/1/2018,50468,M,30,Group D,PT,, ,West,7/25/2014,Hourly, ,30-49,7,0.23,0
8/1/2018,50470,F,58,Group D,FT,, ,Midwest,11/21/1974,Hourly, ,50+,14498,483.27,0
8/1/2018,50472,F,24,Group B,PT,, ,West,9/13/2011,Hourly, ,<30,1053,35.1,0
8/1/2018,50812,M,22,Group B,PT,, ,Northwest,2/23/2013,Hourly, ,<30,524,17.47,0
8/1/2018,50814,M,61,Group A,PT,,Yes,Northwest,8/29/2014,Hourly, ,50+,0,0,0
8/1/2018,50838,M,25,Group G,FT,, ,West,4/23/2010,Hourly, ,<30,1561,52.03,0
8/1/2018,50850,M,19,Group F,PT,, ,Northwest,4/26/2014,Hourly, ,<30,97,3.23,0
8/1/2018,50854,M,20,Group F,PT,, ,Northwest,7/18/2013,Hourly, ,<30,379,12.63,0
8/1/2018,50858,M,53,Group F,PT,, ,Central,7/19/2014,Hourly, ,50+,13,0.43,0
8/1/2018,50860,M,33,Group E,PT,, ,Central,4/30/2014,Hourly, ,30-49,93,3.1,0
8/1/2018,50884,F,57,Group E,FT,, ,North,4/15/2005,Hourly, ,50+,3395,113.17,0
8/1/2018,50984,M,20,Group B,PT,,Yes,West,8/1/2014,Hourly, ,<30,0,0,0
8/1/2018,51010,M,35,Group B,FT,, ,West,8/5/2009,Hourly, ,30-49,1822,60.73,0
8/1/2018,51134,M,24,Group B,PT,, ,Central,8/7/2013,Hourly, ,<30,359,11.97,0
8/1/2018,51146,F,36,Group D,FT,, ,Central,6/24/1995,Hourly, ,30-49,6978,232.6,0
8/1/2018,51166,F,24,Group E,PT,, ,Central,5/10/2013,Hourly, ,<30,448,14.93,0
8/1/2018,51184,F,29,Group C,PT,, ,Central,3/5/2014,Hourly, ,<30,149,4.97,0
8/1/2018,51230,M,28,Group E,PT,, ,Central,6/3/2014,Hourly, ,<30,59,1.97,0
8/1/2018,51236,F,71,Group B,FT,, ,Central,4/15/2004,Hourly, ,50+,3760,125.33,0
8/1/2018,51296,M,22,Group C,PT,, ,Central,7/2/2014,Hourly, ,<30,30,1,0
8/1/2018,51312,M,28,Group D,FT,, ,Northwest,9/22/2004,Hourly, ,<30,3600,120,0
8/1/2018,51316,F,68,Group C,FT,, ,Northwest,10/30/2007,Hourly, ,50+,2467,82.23,0
8/1/2018,51324,M,31,Group B,FT,, ,Northwest,3/18/2004,Hourly, ,30-49,3788,126.27,0
8/1/2018,51338,M,46,Group A,FT,, ,Northwest,11/2/2012,Hourly, ,30-49,637,21.23,0
8/1/2018,51340,F,23,Group G,PT,, ,Northwest,6/6/2013,Hourly, ,<30,421,14.03,0
8/1/2018,51430,F,21,Group A,PT,,Yes,Northwest,8/14/2014,Hourly, ,<30,0,0,0
8/1/2018,51432,F,20,Group D,PT,,Yes,Northwest,8/26/2014,Hourly, ,<30,0,0,0
8/1/2018,51434,M,26,Group A,PT,,Yes,Northwest,8/20/2014,Hourly, ,<30,0,0,0
8/1/2018,51458,M,19,Group C,PT,, ,Northwest,5/9/2014,Hourly, ,<30,84,2.8,0
8/1/2018,51468,M,42,Group C,PT,, ,Northwest,5/14/2014,Hourly, ,30-49,79,2.63,0
8/1/2018,51486,M,67,Group G,PT,,Yes,Northwest,8/8/2014,Hourly, ,50+,0,0,0
8/1/2018,51548,M,50,Group B,FT,, ,Central,12/14/2008,Hourly, ,50+,2056,68.53,0
8/1/2018,51598,F,20,Group D,PT,, ,Central,6/6/2014,Hourly, ,<30,56,1.87,0
8/1/2018,51618,M,20,Group F,PT,, ,Central,5/7/2014,Hourly, ,<30,86,2.87,0
8/1/2018,51622,F,41,Group D,FT,, ,Central,6/23/1998,Hourly, ,30-49,5883,196.1,0
8/1/2018,51658,F,24,Group E,PT,, ,Central,7/8/2014,Hourly, ,<30,24,0.8,0
8/1/2018,51690,F,21,Group A,PT,, ,West,11/15/2013,Hourly, ,<30,259,8.63,0
8/1/2018,51776,M,26,Group A,PT,, ,West,6/26/2013,Hourly, ,<30,401,13.37,0
8/1/2018,51812,M,60,Group E,PT,, ,West,11/15/2013,Hourly, ,50+,259,8.63,0
8/1/2018,51916,F,57,Group C,FT,, ,South,5/13/2003,Hourly, ,50+,4098,136.6,0
8/1/2018,51922,M,51,Group G,FT,, ,South,8/12/2004,Hourly, ,50+,3641,121.37,0
8/1/2018,51964,F,23,Group A,PT,, ,Northwest,6/4/2014,Hourly, ,<30,58,1.93,0
8/1/2018,51974,F,25,Group E,PT,, ,Northwest,8/2/2011,Hourly, ,<30,1095,36.5,0
8/1/2018,51980,F,21,Group G,PT,, ,Northwest,6/20/2014,Hourly, ,<30,42,1.4,0
8/1/2018,51994,M,58,Group E,PT,, ,Northwest,11/10/2004,Hourly, ,50+,3551,118.37,0
8/1/2018,52004,M,23,Group B,PT,, ,Northwest,1/25/2013,Hourly, ,<30,553,18.43,0
8/1/2018,52010,M,35,Group F,PT,, ,Northwest,5/1/2003,Hourly, ,30-49,4110,137,0
8/1/2018,52018,M,44,Group F,FT,, ,Northwest,1/10/2012,Hourly, ,30-49,934,31.13,0
8/1/2018,52020,M,36,Group E,FT,, ,Northwest,2/6/2014,Hourly, ,30-49,176,5.87,0
8/1/2018,52024,M,20,Group E,PT,, ,Northwest,8/15/2013,Hourly, ,<30,351,11.7,0
8/1/2018,52238,M,44,Group E,PT,, ,Northwest,7/13/2005,Hourly, ,30-49,3306,110.2,0
8/1/2018,52248,M,43,Group B,FT,, ,West,11/16/2011,Hourly, ,30-49,989,32.97,0
8/1/2018,52290,M,64,Group G,PT,, ,West,10/30/2007,Hourly, ,50+,2467,82.23,0
8/1/2018,52292,M,35,Group D,FT,, ,West,6/7/2005,Hourly, ,30-49,3342,111.4,0
8/1/2018,52304,M,22,Group D,PT,, ,Northwest,10/24/2013,Hourly, ,<30,281,9.37,0
8/1/2018,52332,M,61,Group C,PT,, ,South,1/22/2002,Hourly, ,50+,4574,152.47,0
8/1/2018,52372,M,23,Group D,PT,, ,Central,6/11/2014,Hourly, ,<30,51,1.7,0
8/1/2018,52424,M,54,Group C,PT,, ,Central,5/23/2013,Hourly, ,50+,435,14.5,0
8/1/2018,52446,M,24,Group B,PT,, ,Northwest,2/15/2013,Hourly, ,<30,532,17.73,0
8/1/2018,52536,M,43,Group D,FT,, ,Central,11/25/2003,Hourly, ,30-49,3902,130.07,0
8/1/2018,52566,M,57,Group B,FT,, ,Central,9/23/2009,Hourly, ,50+,1773,59.1,0
8/1/2018,52576,M,42,Group C,PT,, ,Central,10/19/2012,Hourly, ,30-49,651,21.7,0
8/1/2018,52652,M,47,Group A,FT,, ,Northwest,11/15/2013,Hourly, ,30-49,259,8.63,0
8/1/2018,52668,M,22,Group C,PT,, ,Central,5/16/2014,Hourly, ,<30,77,2.57,0
8/1/2018,52682,M,42,Group G,PT,, ,Central,4/4/2002,Hourly, ,30-49,4502,150.07,0
8/1/2018,52698,M,51,Group E,PT,, ,West,5/7/2013,Hourly, ,50+,451,15.03,0
8/1/2018,52714,M,56,Group C,PT,,Yes,Northwest,8/7/2014,Hourly, ,50+,0,0,0
8/1/2018,52762,M,21,Group D,PT,, ,Central,7/16/2014,Hourly, ,<30,16,0.53,0
8/1/2018,52764,M,31,Group F,FT,, ,Central,4/6/2010,Hourly, ,30-49,1578,52.6,0
8/1/2018,52770,F,20,Group E,PT,, ,Northwest,7/12/2012,Hourly, ,<30,750,25,0
8/1/2018,52782,F,19,Group E,PT,, ,East,1/3/2014,Hourly, ,<30,210,7,0
8/1/2018,52824,F,38,Group E,FT,, ,Northwest,3/6/2014,Salary, ,30-49,148,4.93,0
8/1/2018,52826,M,56,Group C,FT,, ,Northwest,3/1/2006,Hourly, ,50+,3075,102.5,0
8/1/2018,52834,M,23,Group G,FT,, ,Northwest,1/25/2012,Salary, ,<30,919,30.63,0
8/1/2018,52926,F,46,Group A,PT,, ,North,5/11/1988,Hourly, ,30-49,9578,319.27,0
8/1/2018,52934,M,27,Group B,PT,, ,North,4/14/2007,Hourly, ,<30,2666,88.87,0
8/1/2018,52954,M,52,Group G,FT,, ,North,2/28/1989,Salary, ,50+,9285,309.5,0
8/1/2018,52968,M,37,Group F,FT,, ,North,3/28/2007,Salary, ,30-49,2683,89.43,0
8/1/2018,52970,M,38,Group A,FT,, ,North,10/12/1996,Salary, ,30-49,6502,216.73,0
8/1/2018,52980,M,70,Group A,PT,, ,North,6/1/2011,Hourly, ,50+,1157,38.57,0
8/1/2018,52982,M,28,Group G,FT,, ,North,6/29/2006,Hourly, ,<30,2955,98.5,0
8/1/2018,52984,M,46,Group A,FT,, ,North,11/10/1988,Hourly, ,30-49,9395,313.17,0
8/1/2018,52986,F,20,Group C,PT,, ,North,7/13/2012,Hourly, ,<30,749,24.97,0
8/1/2018,52988,F,22,Group B,FT,, ,North,7/26/2014,Salary, ,<30,6,0.2,0
8/1/2018,53004,M,35,Group A,FT,, ,North,11/26/1998,Hourly, ,30-49,5727,190.9,0
8/1/2018,53166,M,25,Group A,FT,, ,Midwest,3/25/2014,Salary, ,<30,129,4.3,0
8/1/2018,53176,F,46,Group G,FT,, ,Midwest,11/25/1992,Hourly, ,30-49,7919,263.97,0
8/1/2018,53184,F,38,Group D,FT,, ,Midwest,5/7/2014,Salary, ,30-49,86,2.87,0
8/1/2018,53218,M,68,Group C,PT,, ,Midwest,5/15/2009,Hourly, ,50+,1904,63.47,0
8/1/2018,53236,M,49,Group B,FT,, ,South,5/15/2014,Hourly, ,30-49,78,2.6,0
8/1/2018,53238,F,19,Group D,PT,, ,South,5/8/2014,Hourly, ,<30,85,2.83,0
8/1/2018,53250,F,45,Group E,FT,, ,South,5/4/2010,Salary, ,30-49,1550,51.67,0
8/1/2018,53260,M,21,Group E,PT,, ,South,3/19/2014,Hourly, ,<30,135,4.5,0
8/1/2018,53266,M,52,Group F,FT,, ,South,6/11/1991,Hourly, ,50+,8452,281.73,0
8/1/2018,53290,F,22,Group G,PT,, ,South,8/15/2012,Hourly, ,<30,716,23.87,0
8/1/2018,53292,F,41,Group E,FT,, ,South,6/4/1993,Salary, ,30-49,7728,257.6,0
8/1/2018,53356,F,38,Group C,FT,, ,South,2/17/2014,Salary, ,30-49,165,5.5,0
8/1/2018,53368,F,38,Group G,FT,, ,South,3/23/2012,Hourly, ,30-49,861,28.7,0
8/1/2018,53370,M,46,Group D,FT,, ,South,5/20/1986,Salary, ,30-49,10300,343.33,0
8/1/2018,53382,M,23,Group C,PT,, ,South,6/4/2014,Hourly, ,<30,58,1.93,0
8/1/2018,53388,M,48,Group C,PT,, ,South,6/4/2014,Hourly, ,30-49,58,1.93,0
8/1/2018,53394,M,53,Group E,FT,, ,South,6/14/2014,Salary, ,50+,48,1.6,0
8/1/2018,53396,F,21,Group E,FT,, ,South,2/7/2014,Hourly, ,<30,175,5.83,0
8/1/2018,53402,F,34,Group B,FT,, ,South,8/20/2009,Salary, ,30-49,1807,60.23,0
8/1/2018,53404,F,46,Group D,FT,,Yes,South,8/26/2014,Salary, ,30-49,0,0,0
8/1/2018,53410,F,37,Group G,FT,, ,South,11/8/2013,Hourly, ,30-49,266,8.87,0
8/1/2018,53412,M,49,Group F,FT,, ,South,4/25/2006,Salary, ,30-49,3020,100.67,0
8/1/2018,53554,F,32,Group F,FT,, ,Central,3/28/2006,Salary, ,30-49,3048,101.6,0
8/1/2018,53612,F,54,Group E,FT,, ,Central,10/2/2001,Salary, ,50+,4686,156.2,0
8/1/2018,53616,F,22,Group C,PT,, ,Central,8/15/2013,Hourly, ,<30,351,11.7,0
8/1/2018,53652,M,42,Group A,FT,, ,Central,12/21/1990,Salary, ,30-49,8624,287.47,0
8/1/2018,53700,F,46,Group F,FT,, ,Central,5/28/2014,Salary, ,30-49,65,2.17,0
8/1/2018,53726,F,27,Group F,PT,, ,Central,4/12/2012,Hourly, ,<30,841,28.03,0
8/1/2018,53744,F,29,Group E,FT,, ,Central,12/10/2013,Salary, ,<30,234,7.8,0
8/1/2018,53750,M,25,Group C,PT,, ,Central,4/30/2014,Hourly, ,<30,93,3.1,0
8/1/2018,53752,M,41,Group A,PT,, ,Central,11/20/2007,Hourly, ,30-49,2446,81.53,0
8/1/2018,53804,F,28,Group B,FT,, ,Central,10/31/2005,Hourly, ,<30,3196,106.53,0
8/1/2018,53826,F,51,Group G,FT,, ,West,8/29/2006,Salary, ,50+,2894,96.47,0
8/1/2018,53838,M,46,Group A,FT,, ,West,11/28/2013,Salary, ,30-49,246,8.2,0
8/1/2018,53868,M,53,Group G,PT,, ,West,12/1/2013,Hourly, ,50+,243,8.1,0
8/1/2018,53874,F,24,Group D,PT,, ,West,11/1/2013,Hourly, ,<30,273,9.1,0
8/1/2018,53876,F,29,Group E,FT,, ,West,8/22/2013,Hourly, ,<30,344,11.47,0
8/1/2018,53938,F,20,Group F,PT,, ,West,5/9/2013,Hourly, ,<30,449,14.97,0
8/1/2018,53952,M,19,Group B,PT,, ,West,7/6/2013,Hourly, ,<30,391,13.03,0
8/1/2018,53988,F,23,Group D,PT,, ,West,1/26/2012,Hourly, ,<30,918,30.6,0
8/1/2018,53992,F,62,Group D,FT,, ,West,2/23/2007,Hourly, ,50+,2716,90.53,0
8/1/2018,54034,F,37,Group G,FT,, ,West,6/10/2014,Salary, ,30-49,52,1.73,0
8/1/2018,54044,M,43,Group B,FT,, ,West,6/27/2014,Salary, ,30-49,35,1.17,0
8/1/2018,54048,M,45,Group A,FT,, ,West,6/27/2004,Salary, ,30-49,3687,122.9,0
8/1/2018,54064,F,44,Group B,FT,, ,West,5/14/2011,Salary, ,30-49,1175,39.17,0
8/1/2018,54066,M,51,Group C,FT,,Yes,West,8/19/2014,Salary, ,50+,0,0,0
8/1/2018,54082,M,51,Group G,FT,, ,West,8/23/2007,Hourly, ,50+,2535,84.5,0
8/1/2018,54100,M,55,Group B,FT,, ,West,12/15/2007,Hourly, ,50+,2421,80.7,0
8/1/2018,54304,M,25,Group E,PT,, ,South,6/8/2011,Hourly, ,<30,1150,38.33,0
8/1/2018,54306,M,38,Group D,PT,, ,South,10/12/2011,Hourly, ,30-49,1024,34.13,0
8/1/2018,54316,M,24,Group B,PT,, ,Northwest,9/13/2006,Hourly, ,<30,2879,95.97,0
8/1/2018,54338,M,28,Group B,FT,, ,North,1/6/2011,Hourly, ,<30,1303,43.43,0
8/1/2018,54356,M,22,Group E,FT,, ,South,4/27/2012,Hourly, ,<30,826,27.53,0
8/1/2018,54366,M,22,Group D,PT,, ,West,7/7/2013,Hourly, ,<30,390,13,0
8/1/2018,54372,F,38,Group G,FT,, ,North,1/10/2012,Salary, ,30-49,934,31.13,0
8/1/2018,54384,F,27,Group G,FT,, ,North,1/23/2013,Salary, ,<30,555,18.5,0
8/1/2018,54394,F,44,Group A,FT,, ,Midwest,6/24/2014,Salary, ,30-49,38,1.27,0
8/1/2018,54472,F,69,Group B,FT,, ,Northwest,8/27/2002,Salary, ,50+,4357,145.23,0
8/1/2018,54504,M,41,Group F,FT,, ,North,3/15/2014,Hourly, ,30-49,139,4.63,0
8/1/2018,54506,M,28,Group D,FT,, ,East,12/3/2013,Salary, ,<30,241,8.03,0
8/1/2018,54510,M,45,Group C,FT,, ,Northwest,10/30/2007,Hourly, ,30-49,2467,82.23,0
8/1/2018,54518,M,21,Group D,FT,, ,North,11/8/2013,Hourly, ,<30,266,8.87,0
8/1/2018,54526,M,29,Group B,FT,, ,East,1/8/2014,Hourly, ,<30,205,6.83,0
8/1/2018,54528,F,23,Group B,PT,, ,Midwest,12/15/2011,Hourly, ,<30,960,32,0
8/1/2018,54550,M,26,Group B,PT,, ,North,5/14/2014,Hourly, ,<30,79,2.63,0
8/1/2018,54552,M,46,Group C,PT,, ,Midwest,10/19/2012,Hourly, ,30-49,651,21.7,0
8/1/2018,54556,M,22,Group F,PT,, ,South,3/2/2012,Hourly, ,<30,882,29.4,0
8/1/2018,54564,M,21,Group B,PT,, ,South,9/2/2012,Hourly, ,<30,698,23.27,0
8/1/2018,54582,M,49,Group F,PT,, ,Northwest,1/4/2013,Hourly, ,30-49,574,19.13,0
8/1/2018,54614,M,21,Group D,PT,, ,South,10/25/2012,Hourly, ,<30,645,21.5,0
8/1/2018,54630,F,22,Group B,PT,,Yes,North,8/1/2014,Hourly, ,<30,0,0,0
8/1/2018,54636,F,21,Group A,PT,, ,Northwest,4/15/2014,Hourly, ,<30,108,3.6,0
8/1/2018,54662,M,22,Group F,PT,, ,North,2/28/2013,Hourly, ,<30,519,17.3,0
8/1/2018,54890,F,64,Group A,FT,, ,West,4/5/2005,Hourly, ,50+,3405,113.5,0
8/1/2018,54894,F,23,Group F,PT,, ,West,4/26/2013,Hourly, ,<30,462,15.4,0
8/1/2018,54906,F,23,Group F,PT,, ,Midwest,3/15/2012,Hourly, ,<30,869,28.97,0
8/1/2018,54918,F,21,Group C,PT,, ,Midwest,5/31/2013,Hourly, ,<30,427,14.23,0
8/1/2018,54986,F,24,Group D,PT,, ,North,7/7/2014,Hourly, ,<30,25,0.83,0
8/1/2018,55442,F,74,Group G,FT,, ,West,3/11/2003,Hourly, ,50+,4161,138.7,0
8/1/2018,55468,F,20,Group A,PT,, ,West,5/10/2012,Hourly, ,<30,813,27.1,0
8/1/2018,55504,M,25,Group A,PT,,Yes,West,8/22/2014,Hourly, ,<30,0,0,0
8/1/2018,55512,M,55,Group G,PT,, ,West,9/7/2012,Hourly, ,50+,693,23.1,0
8/1/2018,55514,M,24,Group D,PT,, ,West,4/15/2011,Hourly, ,<30,1204,40.13,0
8/1/2018,55552,M,23,Group G,PT,, ,Northwest,7/9/2014,Hourly, ,<30,23,0.77,0
8/1/2018,55566,M,22,Group A,PT,, ,Northwest,8/29/2013,Hourly, ,<30,337,11.23,0
8/1/2018,55578,M,30,Group B,PT,, ,Northwest,11/7/2012,Hourly, ,30-49,632,21.07,0
8/1/2018,55588,M,43,Group F,PT,, ,Northwest,1/24/2014,Hourly, ,30-49,189,6.3,0
8/1/2018,55610,M,61,Group B,PT,,Yes,Northwest,8/14/2014,Hourly, ,50+,0,0,0
8/1/2018,55620,F,19,Group C,PT,, ,Northwest,4/16/2014,Hourly, ,<30,107,3.57,0
8/1/2018,55632,F,62,Group B,FT,, ,Northwest,9/13/2011,Hourly, ,50+,1053,35.1,0
8/1/2018,55646,M,20,Group A,FT,, ,Northwest,11/13/2013,Hourly, ,<30,261,8.7,0
8/1/2018,55648,M,56,Group B,FT,, ,Northwest,7/14/2004,Hourly, ,50+,3670,122.33,0
8/1/2018,55650,M,23,Group E,PT,, ,North,9/26/2008,Hourly, ,<30,2135,71.17,0
8/1/2018,55666,M,21,Group D,PT,, ,South,7/13/2011,Hourly, ,<30,1115,37.17,0
8/1/2018,55700,F,52,Group B,FT,, ,Central,8/30/2005,Hourly, ,50+,3258,108.6,0
8/1/2018,55704,M,52,Group G,FT,, ,Central,5/10/2005,Hourly, ,50+,3370,112.33,0
8/1/2018,55714,M,21,Group D,PT,, ,Central,2/28/2014,Hourly, ,<30,154,5.13,0
8/1/2018,55722,M,40,Group C,PT,, ,Central,5/4/2010,Hourly, ,30-49,1550,51.67,0
8/1/2018,55726,M,42,Group E,FT,, ,Central,10/23/2008,Hourly, ,30-49,2108,70.27,0
8/1/2018,55730,M,22,Group A,PT,, ,Central,8/27/2010,Hourly, ,<30,1435,47.83,0
8/1/2018,55734,M,46,Group F,PT,, ,Central,4/30/2008,Hourly, ,30-49,2284,76.13,0
8/1/2018,55750,M,40,Group A,FT,, ,Central,8/24/2011,Hourly, ,30-49,1073,35.77,0
8/1/2018,55770,M,30,Group E,PT,, ,North,8/11/2000,Hourly, ,30-49,5103,170.1,0
8/1/2018,55776,F,24,Group E,PT,, ,South,2/1/2012,Hourly, ,<30,912,30.4,0
8/1/2018,55778,M,43,Group B,PT,, ,South,5/18/2011,Hourly, ,30-49,1171,39.03,0
8/1/2018,55780,M,64,Group A,PT,, ,North,8/18/2011,Hourly, ,50+,1079,35.97,0
8/1/2018,56246,M,34,Group E,PT,, ,Central,10/4/2001,Hourly, ,30-49,4684,156.13,0
8/1/2018,56276,M,24,Group G,PT,, ,Central,5/21/2013,Hourly, ,<30,437,14.57,0
8/1/2018,56292,F,33,Group G,FT,, ,Central,12/11/2007,Hourly, ,30-49,2425,80.83,0
8/1/2018,56296,M,56,Group D,FT,, ,Central,3/26/2010,Hourly, ,50+,1589,52.97,0
8/1/2018,56300,F,21,Group C,PT,,Yes,Central,8/20/2014,Hourly, ,<30,0,0,0
8/1/2018,56314,M,49,Group C,PT,, ,Central,8/9/2012,Hourly, ,30-49,722,24.07,0
8/1/2018,56318,M,32,Group C,PT,, ,Central,4/25/2014,Hourly, ,30-49,98,3.27,0
8/1/2018,56320,M,26,Group A,PT,, ,Central,4/23/2014,Hourly, ,<30,100,3.33,0
8/1/2018,56324,M,53,Group C,PT,, ,Central,6/1/2014,Hourly, ,50+,61,2.03,0
8/1/2018,56330,M,53,Group E,FT,, ,West,11/17/2009,Hourly, ,50+,1718,57.27,0
8/1/2018,56334,F,25,Group G,PT,, ,West,3/27/2013,Hourly, ,<30,492,16.4,0
8/1/2018,56354,M,68,Group D,PT,, ,West,8/9/2011,Hourly, ,50+,1088,36.27,0
8/1/2018,56358,M,64,Group E,PT,, ,West,2/23/2007,Hourly, ,50+,2716,90.53,0
8/1/2018,56360,M,22,Group B,PT,, ,West,10/17/2013,Hourly, ,<30,288,9.6,0
8/1/2018,56424,M,40,Group D,PT,, ,Northwest,11/6/2013,Hourly, ,30-49,268,8.93,0
8/1/2018,56446,M,20,Group F,PT,, ,Northwest,9/28/2013,Hourly, ,<30,307,10.23,0
8/1/2018,56456,M,20,Group E,PT,, ,Northwest,6/28/2013,Hourly, ,<30,399,13.3,0
8/1/2018,56464,M,58,Group D,PT,, ,Northwest,4/17/2014,Hourly, ,50+,106,3.53,0
8/1/2018,56472,M,20,Group F,PT,, ,Northwest,10/17/2013,Hourly, ,<30,288,9.6,0
8/1/2018,56490,M,66,Group G,FT,, ,South,10/19/1988,Hourly, ,50+,9417,313.9,0
8/1/2018,56498,M,51,Group C,FT,, ,Midwest,1/27/2000,Hourly, ,50+,5300,176.67,0
8/1/2018,56508,F,29,Group F,FT,, ,Midwest,8/4/2004,Hourly, ,<30,3649,121.63,0
8/1/2018,56516,M,50,Group E,FT,, ,Midwest,9/20/1984,Hourly, ,50+,10907,363.57,0
8/1/2018,56526,M,63,Group C,FT,, ,South,6/30/1987,Hourly, ,50+,9894,329.8,0
8/1/2018,91744,F,30,Group F,FT,, ,North,12/19/2006,Salary, ,30-49,2782,92.73,0
8/1/2018,91790,M,20,Group A,PT,, ,North,1/4/2013,Hourly, ,<30,574,19.13,0
8/1/2018,91824,M,24,Group D,FT,, ,North,5/24/2008,Hourly, ,<30,2260,75.33,0
8/1/2018,91868,M,60,Group D,FT,, ,East,7/8/2014,Salary, ,50+,24,0.8,0
8/1/2018,91920,M,27,Group G,FT,,Yes,East,8/2/2014,Hourly, ,<30,0,0,0
8/1/2018,92018,F,61,Group D,FT,, ,East,11/7/2012,Hourly, ,50+,632,21.07,0
8/1/2018,92056,F,52,Group F,FT,, ,East,3/21/2006,Hourly, ,50+,3055,101.83,0
8/1/2018,92072,F,52,Group B,FT,, ,East,8/26/2008,Salary, ,50+,2166,72.2,0
8/1/2018,92166,F,59,Group D,FT,, ,East,1/17/2006,Hourly, ,50+,3118,103.93,0
8/1/2018,92168,F,43,Group B,FT,, ,East,5/13/2003,Hourly, ,30-49,4098,136.6,0
8/1/2018,92240,M,30,Group D,PT,, ,East,5/7/2008,Hourly, ,30-49,2277,75.9,0
8/1/2018,92242,M,51,Group F,FT,, ,East,7/8/2014,Salary, ,50+,24,0.8,0
8/1/2018,92246,F,38,Group B,FT,, ,East,10/5/2010,Salary, ,30-49,1396,46.53,0
8/1/2018,92250,M,55,Group C,FT,, ,East,9/8/1981,Salary, ,50+,12015,400.5,0
8/1/2018,92254,M,53,Group F,FT,, ,East,11/15/2011,Salary, ,50+,990,33,0
8/1/2018,92258,F,61,Group C,FT,, ,East,12/13/2011,Hourly, ,50+,962,32.07,0
8/1/2018,92260,M,51,Group B,FT,, ,East,6/27/2008,Hourly, ,50+,2226,74.2,0
8/1/2018,92270,F,39,Group F,FT,, ,East,3/28/2006,Salary, ,30-49,3048,101.6,0
8/1/2018,92276,F,31,Group E,FT,, ,East,4/15/2014,Salary, ,30-49,108,3.6,0
8/1/2018,92282,F,30,Group E,FT,, ,East,12/1/2009,Salary, ,30-49,1704,56.8,0
8/1/2018,92290,F,44,Group F,FT,, ,East,10/29/2013,Salary, ,30-49,276,9.2,0
8/1/2018,92292,F,31,Group F,FT,, ,East,8/2/2011,Salary, ,30-49,1095,36.5,0
8/1/2018,92302,M,37,Group E,FT,, ,East,3/1/2008,Salary, ,30-49,2344,78.13,0
8/1/2018,92310,M,39,Group B,FT,, ,East,6/25/2008,Salary, ,30-49,2228,74.27,0
8/1/2018,92324,F,28,Group F,FT,, ,East,6/2/2005,Salary, ,<30,3347,111.57,0
8/1/2018,92328,F,37,Group A,FT,, ,East,2/4/2009,Salary, ,30-49,2004,66.8,0
8/1/2018,92332,F,46,Group G,FT,, ,East,2/21/2006,Salary, ,30-49,3083,102.77,0
8/1/2018,92334,M,47,Group F,FT,, ,East,1/7/2009,Salary, ,30-49,2032,67.73,0
8/1/2018,92336,F,40,Group E,FT,, ,East,2/25/2009,Salary, ,30-49,1983,66.1,0
8/1/2018,92338,F,51,Group F,FT,, ,East,8/11/2009,Salary, ,50+,1816,60.53,0
8/1/2018,92340,F,30,Group B,FT,, ,East,9/29/2009,Salary, ,30-49,1767,58.9,0
8/1/2018,92352,F,54,Group C,FT,, ,East,8/9/2011,Hourly, ,50+,1088,36.27,0
8/1/2018,92354,F,53,Group D,FT,, ,East,8/6/2013,Hourly, ,50+,360,12,0
8/1/2018,92358,F,58,Group C,FT,, ,East,5/14/2002,Hourly, ,50+,4462,148.73,0
8/1/2018,92366,F,62,Group F,FT,, ,East,4/4/2006,Hourly, ,50+,3041,101.37,0
8/1/2018,92386,F,46,Group F,FT,, ,East,4/3/2013,Hourly, ,30-49,485,16.17,0
8/1/2018,92404,F,31,Group D,FT,, ,East,9/6/2013,Hourly, ,30-49,329,10.97,0
8/1/2018,92420,M,27,Group D,FT,, ,East,6/23/2004,Hourly, ,<30,3691,123.03,0
8/1/2018,92438,F,53,Group B,FT,, ,East,12/18/2007,Hourly, ,50+,2418,80.6,0
8/1/2018,92440,F,39,Group B,FT,, ,East,2/7/2012,Hourly, ,30-49,906,30.2,0
8/1/2018,92484,F,32,Group C,FT,, ,East,4/28/2011,Salary, ,30-49,1191,39.7,0
8/1/2018,95686,F,23,Group G,PT,,Yes,East,8/19/2014,Hourly, ,<30,0,0,0
8/1/2018,95692,M,50,Group F,FT,, ,East,9/2/2009,Salary, ,50+,1794,59.8,0
8/1/2018,95694,M,34,Group A,FT,, ,East,7/21/2005,Salary, ,30-49,3298,109.93,0
8/1/2018,95696,F,56,Group E,FT,, ,East,11/3/1987,Salary, ,50+,9768,325.6,0
8/1/2018,95710,F,26,Group F,FT,, ,East,2/9/2012,Salary, ,<30,904,30.13,0
8/1/2018,95712,F,23,Group A,FT,, ,East,4/29/2014,Salary, ,<30,94,3.13,0
8/1/2018,95716,M,29,Group F,FT,, ,East,7/23/2013,Salary, ,<30,374,12.47,0
8/1/2018,95722,F,38,Group A,FT,, ,East,4/2/2013,Salary, ,30-49,486,16.2,0
8/1/2018,95726,F,38,Group D,FT,, ,East,7/23/2013,Salary, ,30-49,374,12.47,0
8/1/2018,95728,M,52,Group F,FT,, ,East,5/28/2003,Salary, ,50+,4083,136.1,0
8/1/2018,95730,F,30,Group D,FT,, ,East,6/24/2008,Salary, ,30-49,2229,74.3,0
8/1/2018,95738,M,38,Group C,FT,, ,East,4/15/2014,Salary, ,30-49,108,3.6,0
8/1/2018,95740,M,35,Group E,FT,, ,East,8/13/2008,Salary, ,30-49,2179,72.63,0
8/1/2018,95744,F,51,Group B,FT,, ,East,3/3/1987,Salary, ,50+,10013,333.77,0
8/1/2018,95750,F,23,Group E,FT,, ,East,5/13/2014,Salary, ,<30,80,2.67,0
8/1/2018,95752,F,32,Group D,FT,, ,East,12/1/2006,Salary, ,30-49,2800,93.33,0
8/1/2018,95754,M,58,Group G,FT,, ,East,6/6/2006,Salary, ,50+,2978,99.27,0
8/1/2018,95762,F,37,Group D,FT,, ,East,8/27/2008,Salary, ,30-49,2165,72.17,0
8/1/2018,95770,F,26,Group F,FT,, ,East,5/29/2013,Salary, ,<30,429,14.3,0
8/1/2018,95772,F,54,Group A,FT,, ,East,5/15/1984,Salary, ,50+,11035,367.83,0
8/1/2018,95780,F,34,Group E,FT,,Yes,East,8/12/2014,Salary, ,30-49,0,0,0
8/1/2018,95782,F,42,Group E,FT,, ,East,9/17/2008,Salary, ,30-49,2144,71.47,0
8/1/2018,95784,M,43,Group F,FT,, ,East,7/17/2007,Salary, ,30-49,2572,85.73,0
8/1/2018,95788,F,52,Group G,FT,, ,East,1/5/2010,Salary, ,50+,1669,55.63,0
8/1/2018,95792,F,37,Group D,PT,, ,East,8/27/2013,Salary, ,30-49,339,11.3,0
8/1/2018,96072,F,21,Group E,PT,, ,East,5/13/2014,Hourly, ,<30,80,2.67,0
8/1/2018,96180,M,26,Group E,FT,, ,East,1/29/2008,Hourly, ,<30,2376,79.2,0
8/1/2018,96198,F,49,Group G,PT,, ,East,2/18/2014,Hourly, ,30-49,164,5.47,0
8/1/2018,96218,F,32,Group A,PT,, ,East,7/30/2013,Hourly, ,30-49,367,12.23,0
8/1/2018,96236,F,34,Group A,FT,, ,East,10/11/2011,Hourly, ,30-49,1025,34.17,0
8/1/2018,96352,F,23,Group E,FT,, ,East,2/13/2013,Hourly, ,<30,534,17.8,0
8/1/2018,96374,F,18,Group E,PT,, ,East,7/22/2014,Hourly, ,<30,10,0.33,0
8/1/2018,96382,F,25,Group A,FT,, ,East,11/20/2007,Hourly, ,<30,2446,81.53,0
8/1/2018,96442,M,46,Group C,FT,, ,East,9/20/2005,Hourly, ,30-49,3237,107.9,0
8/1/2018,96484,F,21,Group E,PT,, ,East,7/8/2014,Hourly, ,<30,24,0.8,0
8/1/2018,96504,F,28,Group B,FT,, ,East,2/11/2014,Hourly, ,<30,171,5.7,0
8/1/2018,96512,F,19,Group C,PT,, ,East,1/21/2014,Hourly, ,<30,192,6.4,0
8/1/2018,96764,F,36,Group E,FT,, ,East,7/13/2001,Hourly, ,30-49,4767,158.9,0
8/1/2018,97020,F,41,Group B,FT,, ,East,6/21/2002,Hourly, ,30-49,4424,147.47,0
8/1/2018,97038,F,26,Group E,FT,, ,East,10/2/2007,Hourly, ,<30,2495,83.17,0
8/1/2018,97052,F,50,Group A,FT,, ,East,5/14/2008,Hourly, ,50+,2270,75.67,0
8/1/2018,97066,F,25,Group F,FT,, ,East,7/19/2011,Hourly, ,<30,1109,36.97,0
8/1/2018,97198,M,25,Group A,PT,, ,East,10/24/2012,Hourly, ,<30,646,21.53,0
8/1/2018,97318,F,26,Group A,PT,, ,East,5/13/2009,Hourly, ,<30,1906,63.53,0
8/1/2018,97344,F,37,Group F,FT,, ,East,2/27/2003,Hourly, ,30-49,4173,139.1,0
8/1/2018,97528,F,19,Group B,PT,, ,East,10/29/2013,Hourly, ,<30,276,9.2,0
8/1/2018,97546,F,60,Group E,FT,, ,East,7/24/2003,Hourly, ,50+,4026,134.2,0
8/1/2018,97712,M,20,Group C,PT,, ,East,4/29/2014,Hourly, ,<30,94,3.13,0
8/1/2018,98080,F,32,Group A,FT,, ,East,10/9/2001,Hourly, ,30-49,4679,155.97,0
8/1/2018,98172,F,22,Group D,FT,, ,East,2/25/2014,Hourly, ,<30,157,5.23,0
8/1/2018,98352,F,23,Group B,FT,, ,East,8/9/2011,Hourly, ,<30,1088,36.27,0
8/1/2018,98432,F,32,Group E,FT,, ,East,4/5/2005,Hourly, ,30-49,3405,113.5,0
