Date,EmpID,Gender,Age,EthnicGroup,FP,TermDate,isNewHire,BU Region,HireDate,PayType,TermReason,AgeGroup,TenureDays,TenureMonths,BadHires
11/1/2018,30,M,21,Group G,PT,11/21/2014, ,North,10/30/2014,Hourly,Voluntary,<30,22,0.73,1
11/1/2018,122,M,20,Group G,PT,11/2/2014,Yes,North,11/1/2014,Hourly,Voluntary,<30,1,0.03,1
11/1/2018,508,M,66,Group B,PT,11/9/2014, ,North,10/30/2014,Hourly,Voluntary,50+,10,0.33,1
11/1/2018,582,M,21,Group B,PT,11/21/2014, ,North,10/31/2014,Hourly,Voluntary,<30,21,0.7,1
11/1/2018,746,F,34,Group C,PT,11/10/2014,Yes,North,11/1/2014,Hourly,Voluntary,30-49,9,0.3,1
11/1/2018,904,M,47,Group B,PT,11/24/2014, ,North,10/30/2014,Hourly,Voluntary,30-49,25,0.83,1
11/1/2018,1254,M,34,Group B,PT,11/9/2014, ,North,10/31/2014,Hourly,Voluntary,30-49,9,0.3,1
11/1/2018,1292,M,21,Group D,PT,11/23/2014, ,North,10/31/2014,Hourly,Voluntary,<30,23,0.77,1
11/1/2018,1336,F,18,Group E,PT,11/15/2014, ,North,10/29/2014,Hourly,Voluntary,<30,27,0.9,1
11/1/2018,1568,M,20,Group F,PT,, ,North,8/21/2014,Hourly, ,<30,72,2.4,0
11/1/2018,1940,M,19,Group E,PT,11/17/2014, ,North,7/25/2014,Hourly,Voluntary,<30,115,3.83,0
11/1/2018,1960,M,18,Group G,PT,,Yes,North,11/15/2014,Hourly, ,<30,0,0,0
11/1/2018,3140,F,22,Group F,PT,11/20/2014, ,Midwest,10/30/2014,Hourly,Voluntary,<30,21,0.7,1
11/1/2018,3178,M,30,Group D,PT,11/2/2014, ,Midwest,10/31/2014,Hourly,Voluntary,30-49,2,0.07,1
11/1/2018,3802,M,31,Group A,PT,11/25/2014, ,South,9/13/2014,Hourly,Voluntary,30-49,73,2.43,0
11/1/2018,4132,F,18,Group C,PT,11/23/2014, ,South,9/5/2014,Hourly,Voluntary,<30,79,2.63,0
11/1/2018,4434,M,21,Group G,PT,11/29/2014, ,South,10/24/2014,Hourly,Voluntary,<30,36,1.2,1
11/1/2018,4582,F,25,Group D,PT,11/21/2014, ,South,10/30/2014,Hourly,Voluntary,<30,22,0.73,1
11/1/2018,4782,F,41,Group B,PT,11/13/2014, ,South,10/30/2014,Hourly,Voluntary,30-49,14,0.47,1
11/1/2018,5044,M,55,Group G,PT,11/18/2014, ,South,10/31/2014,Hourly,Voluntary,50+,18,0.6,1
11/1/2018,5088,M,53,Group B,PT,11/1/2014, ,South,6/4/2014,Hourly,Voluntary,50+,150,5,0
11/1/2018,5242,F,26,Group D,PT,11/10/2014, ,North,4/26/2012,Hourly,Voluntary,<30,928,30.93,0
11/1/2018,7004,F,18,Group D,PT,11/27/2014, ,Midwest,8/5/2014,Hourly,Voluntary,<30,114,3.8,0
11/1/2018,7694,M,18,Group D,PT,11/5/2014, ,Midwest,8/21/2014,Hourly,Involuntary,<30,76,2.53,0
11/1/2018,7846,F,23,Group A,PT,11/10/2014, ,Midwest,10/30/2014,Hourly,Voluntary,<30,11,0.37,1
11/1/2018,9202,F,24,Group G,PT,11/30/2014, ,North,10/16/2014,Hourly,Voluntary,<30,45,1.5,1
11/1/2018,9202,F,24,Group G,PT,, ,North,10/16/2014,Hourly, ,<30,16,0.53,0
11/1/2018,9218,M,19,Group E,PT,,Yes,North,11/13/2014,Hourly, ,<30,0,0,0
11/1/2018,9274,M,20,Group D,PT,11/14/2014, ,North,10/30/2014,Hourly,Voluntary,<30,15,0.5,1
11/1/2018,9392,M,19,Group G,PT,11/5/2014, ,North,10/30/2014,Hourly,Voluntary,<30,6,0.2,1
11/1/2018,9518,M,18,Group F,PT,11/23/2014, ,North,10/4/2014,Hourly,Involuntary,<30,50,1.67,1
11/1/2018,10074,M,26,Group A,PT,11/8/2014, ,North,8/23/2014,Hourly,Involuntary,<30,77,2.57,0
11/1/2018,10132,M,48,Group D,PT,11/17/2014, ,North,10/30/2014,Hourly,Voluntary,30-49,18,0.6,1
11/1/2018,10580,F,20,Group B,PT,11/26/2014, ,South,8/7/2014,Hourly,Involuntary,<30,111,3.7,0
11/1/2018,10990,M,50,Group F,PT,11/29/2014, ,South,5/29/2014,Hourly,Involuntary,50+,184,6.13,0
11/1/2018,11072,M,22,Group B,PT,11/14/2014, ,South,10/31/2014,Hourly,Voluntary,<30,14,0.47,1
11/1/2018,11586,M,26,Group B,PT,11/4/2014, ,South,10/31/2014,Hourly,Involuntary,<30,4,0.13,1
11/1/2018,11780,M,38,Group B,PT,11/13/2014, ,South,8/28/2014,Hourly,Involuntary,30-49,77,2.57,0
11/1/2018,11808,F,60,Group B,PT,11/12/2014, ,South,10/30/2014,Hourly,Voluntary,50+,13,0.43,1
11/1/2018,11846,F,18,Group F,PT,11/2/2014,Yes,South,11/1/2014,Hourly,Voluntary,<30,1,0.03,1
11/1/2018,11862,M,47,Group G,PT,11/3/2014, ,South,10/31/2014,Hourly,Voluntary,30-49,3,0.1,1
11/1/2018,11970,F,25,Group B,PT,11/10/2014, ,South,10/31/2014,Hourly,Voluntary,<30,10,0.33,1
11/1/2018,12026,M,22,Group E,PT,11/3/2014, ,South,8/14/2014,Hourly,Involuntary,<30,81,2.7,0
11/1/2018,12076,F,18,Group B,PT,11/27/2014, ,South,10/29/2014,Hourly,Involuntary,<30,29,0.97,1
11/1/2018,12444,F,18,Group C,PT,11/18/2014, ,South,10/30/2014,Hourly,Voluntary,<30,19,0.63,1
11/1/2018,13056,F,34,Group E,PT,11/8/2014, ,East,10/30/2014,Hourly,Voluntary,30-49,9,0.3,1
11/1/2018,13178,F,22,Group E,PT,,Yes,Central,11/12/2014,Hourly, ,<30,0,0,0
11/1/2018,13474,M,19,Group D,PT,, ,West,9/16/2014,Hourly, ,<30,46,1.53,0
11/1/2018,13734,M,20,Group C,PT,11/9/2014, ,Northwest,9/5/2014,Hourly,Involuntary,<30,65,2.17,0
11/1/2018,13834,M,28,Group C,PT,11/7/2014, ,Central,9/9/2014,Hourly,Involuntary,<30,59,1.97,1
11/1/2018,14076,F,53,Group G,PT,11/9/2014, ,Northwest,10/30/2014,Hourly,Involuntary,50+,10,0.33,1
11/1/2018,14246,M,19,Group A,PT,11/14/2014, ,West,9/18/2014,Hourly,Involuntary,<30,57,1.9,1
11/1/2018,14720,M,19,Group D,PT,11/22/2014, ,East,10/16/2014,Hourly,Involuntary,<30,37,1.23,1
11/1/2018,15040,F,20,Group E,PT,11/6/2014, ,East,10/14/2014,Hourly,Involuntary,<30,23,0.77,1
11/1/2018,15600,M,35,Group G,PT,11/1/2014, ,Central,10/30/2014,Hourly,Voluntary,30-49,2,0.07,1
11/1/2018,16004,M,18,Group E,PT,11/6/2014, ,Central,10/30/2014,Hourly,Voluntary,<30,7,0.23,1
11/1/2018,16320,M,40,Group G,PT,11/2/2014, ,Central,10/30/2014,Hourly,Voluntary,30-49,3,0.1,1
11/1/2018,16546,M,18,Group A,PT,11/3/2014, ,Central,10/30/2014,Hourly,Voluntary,<30,4,0.13,1
11/1/2018,17006,M,20,Group B,PT,11/1/2014, ,West,9/26/2014,Hourly,Involuntary,<30,36,1.2,1
11/1/2018,18006,F,18,Group E,PT,11/12/2014, ,Northwest,6/7/2014,Hourly,Involuntary,<30,158,5.27,0
11/1/2018,18024,M,53,Group C,PT,11/5/2014, ,Northwest,8/5/2014,Hourly,Involuntary,50+,92,3.07,0
11/1/2018,18886,F,19,Group B,PT,11/1/2014,Yes,Northwest,11/1/2014,Hourly,Voluntary,<30,0,0,1
11/1/2018,18994,F,21,Group B,FT,11/8/2014, ,Northwest,9/9/2013,Hourly,Voluntary,<30,425,14.17,0
11/1/2018,19106,M,21,Group F,PT,11/4/2014, ,West,10/31/2014,Hourly,Voluntary,<30,4,0.13,1
11/1/2018,19376,M,19,Group C,PT,11/23/2014, ,Central,10/3/2013,Hourly,Involuntary,<30,416,13.87,0
11/1/2018,19418,M,20,Group G,PT,11/10/2014, ,Central,9/24/2014,Hourly,Voluntary,<30,47,1.57,1
11/1/2018,19442,M,22,Group D,PT,11/3/2014, ,Central,6/17/2014,Hourly,Voluntary,<30,139,4.63,0
11/1/2018,19888,F,24,Group B,PT,11/19/2014, ,Northwest,10/29/2014,Hourly,Voluntary,<30,21,0.7,1
11/1/2018,20270,M,42,Group F,PT,11/20/2014, ,Northwest,10/3/2014,Hourly,Involuntary,30-49,48,1.6,1
11/1/2018,20534,M,49,Group E,PT,11/23/2014, ,Central,10/30/2014,Hourly,Voluntary,30-49,24,0.8,1
11/1/2018,21046,M,20,Group F,PT,11/19/2014, ,Central,7/30/2014,Hourly,Involuntary,<30,112,3.73,0
11/1/2018,21122,M,42,Group F,PT,11/10/2014, ,Central,10/30/2014,Hourly,Voluntary,30-49,11,0.37,1
11/1/2018,21492,M,27,Group E,PT,11/5/2014, ,Northwest,10/30/2014,Hourly,Involuntary,<30,6,0.2,1
11/1/2018,21630,F,19,Group B,PT,11/14/2014, ,South,10/18/2013,Hourly,Involuntary,<30,392,13.07,0
11/1/2018,21870,F,21,Group C,PT,, ,North,9/13/2013,Hourly, ,<30,414,13.8,0
11/1/2018,21990,M,17,Group E,PT,11/29/2014, ,Midwest,8/20/2014,Hourly,Voluntary,<30,101,3.37,0
11/1/2018,21998,F,17,Group E,PT,11/20/2014, ,West,10/29/2014,Hourly,Involuntary,<30,22,0.73,1
11/1/2018,22182,M,19,Group C,PT,11/30/2014, ,Central,10/29/2014,Hourly,Involuntary,<30,32,1.07,1
11/1/2018,22208,F,48,Group A,FT,, ,Central,10/17/2014,Salary, ,30-49,15,0.5,0
11/1/2018,24226,F,26,Group G,PT,11/6/2014,Yes,Northwest,11/1/2014,Hourly,Voluntary,<30,5,0.17,1
11/1/2018,24514,F,25,Group A,PT,11/22/2014, ,East,12/19/2013,Hourly,Voluntary,<30,338,11.27,0
11/1/2018,26200,M,19,Group A,PT,11/24/2014, ,West,10/30/2014,Hourly,Voluntary,<30,25,0.83,1
11/1/2018,26870,M,35,Group A,PT,11/16/2014, ,Central,9/3/2014,Hourly,Voluntary,30-49,74,2.47,0
11/1/2018,27286,F,21,Group E,PT,11/20/2014, ,Central,10/29/2014,Hourly,Voluntary,<30,22,0.73,1
11/1/2018,27676,F,21,Group A,PT,11/16/2014, ,East,3/11/2014,Hourly,Voluntary,<30,250,8.33,0
11/1/2018,27906,M,30,Group E,PT,11/30/2014, ,Northwest,10/31/2014,Hourly,Voluntary,30-49,30,1,1
11/1/2018,28076,M,21,Group E,PT,11/16/2014, ,Northwest,9/27/2014,Hourly,Voluntary,<30,50,1.67,1
11/1/2018,28554,F,42,Group E,PT,11/21/2104, ,Central,10/29/2014,Hourly,Voluntary,30-49,23,0.77,1
11/1/2018,28738,F,23,Group G,PT,11/5/2014, ,Central,9/16/2012,Hourly,Voluntary,<30,780,26,0
11/1/2018,29044,M,46,Group C,PT,11/17/2014, ,West,6/5/2014,Hourly,Voluntary,30-49,165,5.5,0
11/1/2018,29416,M,24,Group A,PT,11/14/2014, ,West,8/21/2014,Hourly,Voluntary,<30,85,2.83,0
11/1/2018,29664,F,36,Group A,PT,11/29/2014, ,Central,10/29/2014,Hourly,Voluntary,30-49,31,1.03,1
11/1/2018,30370,M,19,Group D,PT,11/19/2014, ,Northwest,10/29/2014,Hourly,Voluntary,<30,21,0.7,1
11/1/2018,30862,M,26,Group B,PT,11/20/2014, ,Northwest,10/30/2014,Hourly,Voluntary,<30,21,0.7,1
11/1/2018,30882,M,62,Group A,PT,11/4/2014, ,Northwest,10/30/2014,Hourly,Voluntary,50+,5,0.17,1
11/1/2018,30950,M,20,Group C,PT,11/8/2014, ,Northwest,7/30/2014,Hourly,Voluntary,<30,101,3.37,0
11/1/2018,31060,M,44,Group E,PT,11/2/2014,Yes,Northwest,11/1/2014,Hourly,Voluntary,30-49,1,0.03,1
11/1/2018,31772,M,52,Group C,PT,11/30/2014, ,West,8/21/2014,Hourly,Voluntary,50+,101,3.37,0
11/1/2018,31772,M,52,Group C,PT,, ,West,8/21/2014,Hourly, ,50+,72,2.4,0
11/1/2018,32024,M,17,Group E,PT,11/4/2014, ,Central,6/25/2014,Hourly,Voluntary,<30,132,4.4,0
11/1/2018,32270,F,16,Group G,PT,11/9/2014, ,North,10/30/2014,Hourly,Voluntary,<30,10,0.33,1
11/1/2018,32618,F,17,Group D,PT,11/25/2014, ,Central,10/29/2014,Hourly,Voluntary,<30,27,0.9,1
11/1/2018,40390,F,56,Group G,PT,, ,North,6/20/2014,Hourly, ,50+,134,4.47,0
11/1/2018,40404,F,19,Group A,PT,, ,North,6/26/2014,Hourly, ,<30,128,4.27,0
11/1/2018,40406,M,49,Group B,FT,, ,North,4/9/2005,Hourly, ,30-49,3493,116.43,0
11/1/2018,40416,F,20,Group C,FT,, ,North,5/21/2013,Hourly, ,<30,529,17.63,0
11/1/2018,40418,M,21,Group D,PT,, ,North,7/8/2014,Hourly, ,<30,116,3.87,0
11/1/2018,40428,M,29,Group D,PT,, ,North,8/27/2014,Hourly, ,<30,66,2.2,0
11/1/2018,40434,M,56,Group E,FT,, ,North,8/16/2012,Hourly, ,50+,807,26.9,0
11/1/2018,40440,F,20,Group G,PT,, ,North,10/1/2014,Hourly, ,<30,31,1.03,0
11/1/2018,40442,M,19,Group G,PT,, ,North,3/5/2014,Hourly, ,<30,241,8.03,0
11/1/2018,40452,M,47,Group A,PT,, ,North,10/16/2013,Hourly, ,30-49,381,12.7,0
11/1/2018,40456,M,58,Group E,PT,, ,North,6/10/2014,Hourly, ,50+,144,4.8,0
11/1/2018,40458,F,24,Group B,PT,, ,North,7/18/2014,Hourly, ,<30,106,3.53,0
11/1/2018,40462,F,20,Group A,PT,, ,North,9/19/2013,Hourly, ,<30,408,13.6,0
11/1/2018,40466,F,19,Group B,PT,, ,North,6/6/2014,Hourly, ,<30,148,4.93,0
11/1/2018,40472,F,57,Group E,FT,, ,North,5/18/2005,Hourly, ,50+,3454,115.13,0
11/1/2018,40478,M,22,Group C,PT,, ,North,6/22/2011,Hourly, ,<30,1228,40.93,0
11/1/2018,40480,F,21,Group F,PT,, ,North,9/12/2014,Hourly, ,<30,50,1.67,0
11/1/2018,40484,M,21,Group F,PT,, ,North,12/13/2011,Hourly, ,<30,1054,35.13,0
11/1/2018,40486,M,28,Group A,PT,, ,North,11/2/2011,Hourly, ,<30,1095,36.5,0
11/1/2018,40488,M,37,Group D,FT,, ,North,5/23/2011,Hourly, ,30-49,1258,41.93,0
11/1/2018,40492,F,19,Group D,PT,,Yes,North,11/20/2014,Hourly, ,<30,0,0,0
11/1/2018,40502,M,22,Group A,PT,, ,North,7/18/2014,Hourly, ,<30,106,3.53,0
11/1/2018,40504,F,21,Group B,PT,,Yes,North,11/12/2014,Hourly, ,<30,0,0,0
11/1/2018,40506,M,21,Group G,PT,, ,North,7/27/2012,Hourly, ,<30,827,27.57,0
11/1/2018,40514,F,20,Group F,PT,, ,North,8/21/2014,Hourly, ,<30,72,2.4,0
11/1/2018,40516,F,20,Group D,PT,,Yes,North,11/7/2014,Hourly, ,<30,0,0,0
11/1/2018,40520,F,21,Group G,PT,,Yes,North,11/15/2014,Hourly, ,<30,0,0,0
11/1/2018,40530,M,20,Group A,PT,, ,North,3/26/2014,Hourly, ,<30,220,7.33,0
11/1/2018,40542,M,47,Group D,PT,, ,North,6/21/2005,Hourly, ,30-49,3420,114,0
11/1/2018,40548,F,31,Group E,FT,, ,North,5/2/2007,Hourly, ,30-49,2740,91.33,0
11/1/2018,40554,M,68,Group C,PT,, ,North,2/23/2007,Hourly, ,50+,2808,93.6,0
11/1/2018,40560,M,20,Group G,PT,,Yes,North,11/2/2014,Hourly, ,<30,0,0,0
11/1/2018,40674,F,19,Group G,PT,, ,North,10/3/2014,Hourly, ,<30,29,0.97,0
11/1/2018,40684,M,21,Group F,PT,, ,North,9/18/2014,Hourly, ,<30,44,1.47,0
11/1/2018,40698,M,21,Group C,PT,,Yes,North,11/20/2014,Hourly, ,<30,0,0,0
11/1/2018,40702,F,21,Group D,PT,, ,North,9/10/2014,Hourly, ,<30,52,1.73,0
11/1/2018,40720,F,20,Group G,PT,, ,North,10/23/2014,Hourly, ,<30,9,0.3,0
11/1/2018,40728,F,36,Group C,PT,, ,North,10/30/2014,Hourly, ,30-49,2,0.07,0
11/1/2018,40754,F,24,Group D,PT,, ,North,8/7/2008,Hourly, ,<30,2277,75.9,0
11/1/2018,40986,M,58,Group B,PT,, ,Midwest,10/24/2014,Hourly, ,50+,8,0.27,0
11/1/2018,41030,F,20,Group F,PT,, ,Midwest,5/16/2013,Hourly, ,<30,534,17.8,0
11/1/2018,41038,M,44,Group F,PT,, ,Midwest,3/16/2012,Hourly, ,30-49,960,32,0
11/1/2018,41042,F,37,Group D,PT,, ,Midwest,8/9/2013,Hourly, ,30-49,449,14.97,0
11/1/2018,41046,M,27,Group G,FT,, ,Midwest,4/17/2014,Hourly, ,<30,198,6.6,0
11/1/2018,41050,M,29,Group F,PT,, ,Midwest,12/29/2007,Hourly, ,<30,2499,83.3,0
11/1/2018,41058,F,24,Group C,PT,, ,Midwest,10/26/2011,Hourly, ,<30,1102,36.73,0
11/1/2018,41082,F,23,Group F,PT,, ,Midwest,2/18/2010,Hourly, ,<30,1717,57.23,0
11/1/2018,41090,M,19,Group G,PT,, ,Midwest,4/25/2014,Hourly, ,<30,190,6.33,0
11/1/2018,41104,M,19,Group D,PT,, ,Midwest,10/10/2014,Hourly, ,<30,22,0.73,0
11/1/2018,41288,F,22,Group B,FT,, ,Midwest,3/2/2012,Hourly, ,<30,974,32.47,0
11/1/2018,41290,M,21,Group G,PT,, ,Midwest,2/12/2014,Hourly, ,<30,262,8.73,0
11/1/2018,41292,F,22,Group D,PT,, ,Midwest,11/3/2012,Hourly, ,<30,728,24.27,0
11/1/2018,41300,M,20,Group F,PT,,Yes,Midwest,11/18/2014,Hourly, ,<30,0,0,0
11/1/2018,41314,F,21,Group F,PT,, ,Midwest,6/6/2014,Hourly, ,<30,148,4.93,0
11/1/2018,41316,M,42,Group F,PT,, ,Midwest,6/25/2014,Hourly, ,30-49,129,4.3,0
11/1/2018,41332,M,26,Group G,FT,, ,Midwest,10/20/2009,Hourly, ,<30,1838,61.27,0
11/1/2018,41344,M,66,Group F,PT,, ,Midwest,8/30/2005,Hourly, ,50+,3350,111.67,0
11/1/2018,41372,F,31,Group G,FT,, ,Midwest,7/26/2013,Hourly, ,30-49,463,15.43,0
11/1/2018,41388,F,22,Group B,FT,, ,South,6/26/2013,Hourly, ,<30,493,16.43,0
11/1/2018,41390,M,40,Group B,PT,, ,South,8/16/2014,Hourly, ,30-49,77,2.57,0
11/1/2018,41394,M,42,Group G,PT,, ,South,6/14/2014,Hourly, ,30-49,140,4.67,0
11/1/2018,41396,F,19,Group C,PT,, ,South,4/27/2013,Hourly, ,<30,553,18.43,0
11/1/2018,41416,M,21,Group C,PT,, ,South,8/28/2013,Hourly, ,<30,430,14.33,0
11/1/2018,41420,M,20,Group C,PT,, ,South,4/18/2013,Hourly, ,<30,562,18.73,0
11/1/2018,41510,M,25,Group A,PT,, ,South,10/26/2011,Hourly, ,<30,1102,36.73,0
11/1/2018,41512,F,21,Group G,PT,, ,South,8/25/2012,Hourly, ,<30,798,26.6,0
11/1/2018,41518,M,52,Group C,PT,, ,South,7/12/2013,Hourly, ,50+,477,15.9,0
11/1/2018,41526,M,51,Group B,PT,, ,South,5/7/2014,Hourly, ,50+,178,5.93,0
11/1/2018,41544,M,47,Group F,PT,, ,South,3/19/2014,Hourly, ,30-49,227,7.57,0
11/1/2018,41692,M,48,Group D,FT,, ,South,11/22/2012,Hourly, ,30-49,709,23.63,0
11/1/2018,41704,M,20,Group A,PT,, ,South,9/17/2014,Hourly, ,<30,45,1.5,0
11/1/2018,41708,M,25,Group E,PT,, ,South,8/22/2014,Hourly, ,<30,71,2.37,0
11/1/2018,41710,M,31,Group E,PT,,Yes,South,11/20/2014,Hourly, ,30-49,0,0,0
11/1/2018,41712,F,25,Group B,PT,, ,South,8/21/2014,Hourly, ,<30,72,2.4,0
11/1/2018,41714,M,28,Group G,PT,, ,South,4/9/2014,Hourly, ,<30,206,6.87,0
11/1/2018,42106,M,59,Group B,PT,, ,South,8/23/2012,Hourly, ,50+,800,26.67,0
11/1/2018,42114,F,19,Group A,PT,, ,South,9/26/2014,Hourly, ,<30,36,1.2,0
11/1/2018,42118,F,19,Group B,PT,, ,South,6/13/2014,Hourly, ,<30,141,4.7,0
11/1/2018,42236,M,65,Group G,FT,, ,South,6/15/2011,Hourly, ,50+,1235,41.17,0
11/1/2018,42238,F,21,Group B,PT,, ,South,10/20/2012,Hourly, ,<30,742,24.73,0
11/1/2018,42240,M,23,Group A,PT,, ,South,8/13/2014,Hourly, ,<30,80,2.67,0
11/1/2018,42328,M,49,Group B,PT,, ,South,6/1/2014,Hourly, ,30-49,153,5.1,0
11/1/2018,42460,M,67,Group D,PT,, ,South,6/4/2014,Hourly, ,50+,150,5,0
11/1/2018,42462,F,28,Group E,FT,, ,South,5/24/2014,Hourly, ,<30,161,5.37,0
11/1/2018,42464,F,47,Group G,FT,, ,South,5/24/2014,Hourly, ,30-49,161,5.37,0
11/1/2018,42466,F,44,Group G,FT,, ,South,6/19/2014,Hourly, ,30-49,135,4.5,0
11/1/2018,42468,M,23,Group G,PT,, ,South,5/24/2014,Hourly, ,<30,161,5.37,0
11/1/2018,42472,M,22,Group G,PT,, ,South,5/24/2014,Hourly, ,<30,161,5.37,0
11/1/2018,42474,M,41,Group A,PT,, ,South,6/19/2014,Hourly, ,30-49,135,4.5,0
11/1/2018,42476,M,27,Group C,PT,, ,South,5/24/2014,Hourly, ,<30,161,5.37,0
11/1/2018,42478,M,46,Group B,PT,, ,South,6/13/2014,Hourly, ,30-49,141,4.7,0
11/1/2018,42480,M,19,Group C,PT,, ,South,6/1/2014,Hourly, ,<30,153,5.1,0
11/1/2018,42482,M,28,Group B,PT,, ,South,6/1/2014,Hourly, ,<30,153,5.1,0
11/1/2018,42484,F,24,Group D,PT,, ,South,6/13/2014,Hourly, ,<30,141,4.7,0
11/1/2018,42490,M,24,Group F,PT,, ,South,6/19/2014,Hourly, ,<30,135,4.5,0
11/1/2018,42492,M,44,Group G,PT,, ,South,6/6/2014,Hourly, ,30-49,148,4.93,0
11/1/2018,42494,M,40,Group F,PT,, ,South,5/29/2014,Hourly, ,30-49,156,5.2,0
11/1/2018,42496,M,27,Group D,FT,, ,South,6/4/2014,Hourly, ,<30,150,5,0
11/1/2018,42498,M,24,Group F,PT,, ,South,6/4/2014,Hourly, ,<30,150,5,0
11/1/2018,42500,M,26,Group D,PT,, ,South,6/4/2014,Hourly, ,<30,150,5,0
11/1/2018,42502,M,26,Group B,PT,, ,South,6/4/2014,Hourly, ,<30,150,5,0
11/1/2018,42506,F,22,Group F,PT,, ,South,6/4/2014,Hourly, ,<30,150,5,0
11/1/2018,42680,M,63,Group D,PT,, ,South,6/20/2013,Hourly, ,50+,499,16.63,0
11/1/2018,42684,M,25,Group A,FT,, ,South,2/14/2006,Hourly, ,<30,3182,106.07,0
11/1/2018,42708,M,62,Group E,PT,, ,South,10/27/2011,Hourly, ,50+,1101,36.7,0
11/1/2018,42762,M,22,Group B,PT,, ,South,9/26/2014,Hourly, ,<30,36,1.2,0
11/1/2018,42772,M,53,Group G,PT,, ,South,5/28/2014,Hourly, ,50+,157,5.23,0
11/1/2018,42804,F,24,Group F,PT,, ,South,9/7/2012,Hourly, ,<30,785,26.17,0
11/1/2018,42872,M,47,Group C,PT,, ,South,9/18/2014,Hourly, ,30-49,44,1.47,0
11/1/2018,42874,M,23,Group C,PT,,Yes,South,11/6/2014,Hourly, ,<30,0,0,0
11/1/2018,42892,M,59,Group G,FT,, ,South,6/19/2007,Hourly, ,50+,2692,89.73,0
11/1/2018,42896,M,20,Group B,PT,, ,South,8/14/2013,Hourly, ,<30,444,14.8,0
11/1/2018,42910,M,51,Group A,PT,, ,South,10/11/2014,Hourly, ,50+,21,0.7,0
11/1/2018,42922,M,48,Group F,PT,, ,South,10/11/2014,Hourly, ,30-49,21,0.7,0
11/1/2018,42924,F,24,Group E,PT,, ,South,6/23/2011,Hourly, ,<30,1227,40.9,0
11/1/2018,42928,M,39,Group C,PT,, ,South,10/28/2014,Hourly, ,30-49,4,0.13,0
11/1/2018,42934,F,22,Group E,PT,, ,South,7/10/2014,Hourly, ,<30,114,3.8,0
11/1/2018,43056,M,32,Group A,PT,, ,South,5/1/2014,Hourly, ,30-49,184,6.13,0
11/1/2018,43058,M,37,Group C,PT,, ,South,8/16/2013,Hourly, ,30-49,442,14.73,0
11/1/2018,43128,M,23,Group B,PT,, ,South,2/25/2012,Hourly, ,<30,980,32.67,0
11/1/2018,43130,M,22,Group A,PT,, ,South,2/28/2014,Hourly, ,<30,246,8.2,0
11/1/2018,43134,F,20,Group E,PT,, ,South,7/31/2013,Hourly, ,<30,458,15.27,0
11/1/2018,43142,F,23,Group A,PT,, ,South,7/3/2014,Hourly, ,<30,121,4.03,0
11/1/2018,43144,M,25,Group E,PT,, ,South,6/20/2014,Hourly, ,<30,134,4.47,0
11/1/2018,43154,M,19,Group G,PT,, ,South,9/19/2014,Hourly, ,<30,43,1.43,0
11/1/2018,43160,M,37,Group F,PT,, ,South,1/20/2014,Hourly, ,30-49,285,9.5,0
11/1/2018,43308,M,18,Group C,PT,, ,South,10/31/2012,Hourly, ,<30,731,24.37,0
11/1/2018,43312,M,21,Group F,PT,, ,South,3/14/2014,Hourly, ,<30,232,7.73,0
11/1/2018,43336,M,22,Group E,PT,, ,South,3/31/2012,Hourly, ,<30,945,31.5,0
11/1/2018,43340,F,23,Group G,FT,, ,South,8/20/2013,Hourly, ,<30,438,14.6,0
11/1/2018,43342,F,23,Group F,FT,, ,South,3/31/2012,Hourly, ,<30,945,31.5,0
11/1/2018,43350,M,69,Group E,PT,, ,South,11/6/2013,Hourly, ,50+,360,12,0
11/1/2018,43356,F,23,Group B,FT,, ,South,9/2/2009,Hourly, ,<30,1886,62.87,0
11/1/2018,43364,M,32,Group G,PT,, ,North,10/9/2014,Hourly, ,30-49,23,0.77,0
11/1/2018,43376,F,48,Group A,PT,, ,North,10/16/2012,Hourly, ,30-49,746,24.87,0
11/1/2018,43380,M,27,Group C,PT,, ,North,7/5/2012,Hourly, ,<30,849,28.3,0
11/1/2018,43384,F,22,Group F,PT,, ,North,6/11/2014,Hourly, ,<30,143,4.77,0
11/1/2018,43386,M,19,Group E,PT,,Yes,North,11/15/2014,Hourly, ,<30,0,0,0
11/1/2018,43388,F,21,Group D,PT,, ,North,6/7/2014,Hourly, ,<30,147,4.9,0
11/1/2018,43396,F,23,Group C,PT,, ,North,5/23/2014,Hourly, ,<30,162,5.4,0
11/1/2018,43398,M,23,Group C,PT,, ,North,5/22/2014,Hourly, ,<30,163,5.43,0
11/1/2018,43400,F,21,Group G,PT,,Yes,North,11/19/2014,Hourly, ,<30,0,0,0
11/1/2018,43404,M,26,Group B,PT,,Yes,North,11/19/2014,Hourly, ,<30,0,0,0
11/1/2018,43408,F,21,Group A,PT,, ,North,8/13/2014,Hourly, ,<30,80,2.67,0
11/1/2018,43414,F,19,Group E,FT,, ,North,9/26/2013,Hourly, ,<30,401,13.37,0
11/1/2018,43416,M,20,Group D,PT,, ,North,6/27/2014,Hourly, ,<30,127,4.23,0
11/1/2018,43418,M,22,Group B,PT,, ,North,8/1/2014,Hourly, ,<30,92,3.07,0
11/1/2018,43422,M,23,Group B,PT,, ,North,7/10/2014,Hourly, ,<30,114,3.8,0
11/1/2018,43424,M,34,Group E,PT,, ,North,5/16/2014,Hourly, ,30-49,169,5.63,0
11/1/2018,43426,M,23,Group C,PT,, ,North,10/15/2014,Hourly, ,<30,17,0.57,0
11/1/2018,43428,F,19,Group D,PT,, ,North,8/8/2013,Hourly, ,<30,450,15,0
11/1/2018,43430,F,49,Group A,FT,, ,North,9/16/2011,Hourly, ,30-49,1142,38.07,0
11/1/2018,43432,F,36,Group C,FT,, ,North,3/10/2011,Hourly, ,30-49,1332,44.4,0
11/1/2018,43438,M,60,Group G,FT,, ,North,7/19/2012,Hourly, ,50+,835,27.83,0
11/1/2018,43440,F,26,Group G,FT,, ,North,5/31/2007,Hourly, ,<30,2711,90.37,0
11/1/2018,43442,M,24,Group C,PT,, ,North,10/24/2014,Hourly, ,<30,8,0.27,0
11/1/2018,43490,M,44,Group A,PT,,Yes,North,11/14/2014,Hourly, ,30-49,0,0,0
11/1/2018,43496,M,45,Group C,PT,, ,North,8/28/2014,Hourly, ,30-49,65,2.17,0
11/1/2018,43526,M,58,Group C,FT,, ,North,4/26/2008,Hourly, ,50+,2380,79.33,0
11/1/2018,43538,M,26,Group C,PT,, ,North,6/12/2008,Hourly, ,<30,2333,77.77,0
11/1/2018,43570,F,20,Group A,PT,, ,North,11/6/2013,Hourly, ,<30,360,12,0
11/1/2018,43584,M,21,Group G,PT,, ,North,7/2/2014,Hourly, ,<30,122,4.07,0
11/1/2018,43590,M,26,Group D,PT,, ,North,7/9/2014,Hourly, ,<30,115,3.83,0
11/1/2018,43606,F,24,Group B,PT,, ,North,8/31/2011,Hourly, ,<30,1158,38.6,0
11/1/2018,43610,M,25,Group C,PT,, ,North,3/20/2007,Hourly, ,<30,2783,92.77,0
11/1/2018,43612,M,55,Group G,PT,, ,North,2/27/2007,Hourly, ,50+,2804,93.47,0
11/1/2018,43614,M,61,Group F,PT,, ,North,3/26/2014,Hourly, ,50+,220,7.33,0
11/1/2018,43626,M,19,Group F,PT,, ,North,11/29/2013,Hourly, ,<30,337,11.23,0
11/1/2018,43662,M,43,Group D,PT,, ,North,8/19/2014,Hourly, ,30-49,74,2.47,0
11/1/2018,43672,F,23,Group D,FT,, ,North,11/3/2006,Hourly, ,<30,2920,97.33,0
11/1/2018,43678,M,60,Group A,FT,, ,North,4/9/2007,Hourly, ,50+,2763,92.1,0
11/1/2018,43682,M,64,Group F,PT,, ,North,11/13/2013,Hourly, ,50+,353,11.77,0
11/1/2018,43690,F,24,Group E,PT,, ,North,7/31/2014,Hourly, ,<30,93,3.1,0
11/1/2018,43708,M,22,Group D,PT,, ,North,5/15/2014,Hourly, ,<30,170,5.67,0
11/1/2018,43712,F,23,Group A,PT,, ,North,7/17/2014,Hourly, ,<30,107,3.57,0
11/1/2018,43728,F,23,Group D,PT,, ,North,10/3/2011,Hourly, ,<30,1125,37.5,0
11/1/2018,43732,F,20,Group G,PT,, ,North,8/27/2014,Hourly, ,<30,66,2.2,0
11/1/2018,43738,M,23,Group D,PT,, ,North,6/22/2010,Hourly, ,<30,1593,53.1,0
11/1/2018,43756,M,22,Group C,PT,,Yes,North,11/20/2014,Hourly, ,<30,0,0,0
11/1/2018,43764,F,20,Group A,PT,, ,North,5/29/2014,Hourly, ,<30,156,5.2,0
11/1/2018,43782,M,20,Group D,PT,, ,Midwest,10/22/2014,Hourly, ,<30,10,0.33,0
11/1/2018,43784,F,21,Group B,PT,, ,Midwest,8/15/2013,Hourly, ,<30,443,14.77,0
11/1/2018,43788,F,22,Group E,PT,, ,Midwest,8/23/2014,Hourly, ,<30,70,2.33,0
11/1/2018,43790,F,65,Group D,FT,, ,Midwest,8/1/2009,Hourly, ,50+,1918,63.93,0
11/1/2018,43796,F,26,Group A,FT,, ,Midwest,3/19/2014,Hourly, ,<30,227,7.57,0
11/1/2018,43802,M,58,Group C,PT,, ,Midwest,3/19/2014,Hourly, ,50+,227,7.57,0
11/1/2018,43804,M,33,Group E,FT,, ,Midwest,3/19/2014,Hourly, ,30-49,227,7.57,0
11/1/2018,43806,M,21,Group C,PT,, ,Midwest,3/19/2014,Hourly, ,<30,227,7.57,0
11/1/2018,43808,M,62,Group D,PT,, ,Midwest,3/25/2014,Hourly, ,50+,221,7.37,0
11/1/2018,43918,M,50,Group A,PT,, ,Midwest,3/9/2010,Hourly, ,50+,1698,56.6,0
11/1/2018,43926,F,19,Group B,PT,, ,Midwest,10/4/2011,Hourly, ,<30,1124,37.47,0
11/1/2018,43990,M,20,Group A,PT,, ,Midwest,9/19/2013,Hourly, ,<30,408,13.6,0
11/1/2018,44032,F,23,Group A,PT,, ,Midwest,10/28/2013,Hourly, ,<30,369,12.3,0
11/1/2018,44038,M,47,Group G,PT,, ,Midwest,10/12/2013,Hourly, ,30-49,385,12.83,0
11/1/2018,44044,M,63,Group A,PT,, ,Midwest,2/13/2007,Hourly, ,50+,2818,93.93,0
11/1/2018,44046,F,22,Group D,PT,, ,Midwest,3/26/2014,Hourly, ,<30,220,7.33,0
11/1/2018,44060,M,57,Group C,PT,, ,Midwest,8/2/2014,Hourly, ,50+,91,3.03,0
11/1/2018,44062,M,32,Group C,FT,, ,Midwest,8/12/2006,Hourly, ,30-49,3003,100.1,0
11/1/2018,44066,M,21,Group C,FT,, ,Midwest,3/26/2013,Hourly, ,<30,585,19.5,0
11/1/2018,44088,M,23,Group F,PT,, ,Midwest,9/16/2014,Hourly, ,<30,46,1.53,0
11/1/2018,44100,M,47,Group G,PT,, ,Midwest,8/15/2014,Hourly, ,30-49,78,2.6,0
11/1/2018,44110,M,27,Group D,PT,, ,Midwest,6/24/2009,Hourly, ,<30,1956,65.2,0
11/1/2018,44114,M,20,Group G,PT,, ,Midwest,7/11/2013,Hourly, ,<30,478,15.93,0
11/1/2018,44122,M,23,Group F,PT,, ,Midwest,10/9/2014,Hourly, ,<30,23,0.77,0
11/1/2018,49000,M,36,Group B,PT,, ,Central,10/1/2014,Hourly, ,30-49,31,1.03,0
11/1/2018,49036,M,55,Group G,FT,, ,Central,10/13/2005,Hourly, ,50+,3306,110.2,0
11/1/2018,49040,F,48,Group F,PT,, ,South,6/2/2010,Hourly, ,30-49,1613,53.77,0
11/1/2018,49044,M,24,Group A,PT,, ,Northwest,7/30/2014,Hourly, ,<30,94,3.13,0
11/1/2018,49142,M,34,Group A,PT,, ,Midwest,3/22/2008,Hourly, ,30-49,2415,80.5,0
11/1/2018,49164,F,53,Group A,FT,, ,South,4/17/2008,Hourly, ,50+,2389,79.63,0
11/1/2018,49188,F,51,Group B,FT,, ,Midwest,3/10/1981,Hourly, ,50+,12289,409.63,0
11/1/2018,49216,F,41,Group D,FT,, ,Central,5/15/2013,Hourly, ,30-49,535,17.83,0
11/1/2018,49232,M,51,Group E,FT,, ,Northwest,7/5/2012,Hourly, ,50+,849,28.3,0
11/1/2018,49284,F,19,Group A,PT,, ,Northwest,11/2/2012,Hourly, ,<30,729,24.3,0
11/1/2018,49296,M,40,Group F,PT,, ,Northwest,12/6/2011,Hourly, ,30-49,1061,35.37,0
11/1/2018,49300,F,22,Group E,PT,, ,Northwest,9/24/2014,Hourly, ,<30,38,1.27,0
11/1/2018,49302,F,22,Group A,PT,, ,North,12/13/2007,Hourly, ,<30,2515,83.83,0
11/1/2018,49356,M,17,Group B,PT,, ,West,5/30/2014,Hourly, ,<30,155,5.17,0
11/1/2018,49368,M,24,Group E,PT,, ,West,11/14/2012,Hourly, ,<30,717,23.9,0
11/1/2018,49376,F,31,Group G,FT,, ,West,1/9/2013,Hourly, ,30-49,661,22.03,0
11/1/2018,49416,M,32,Group E,PT,, ,Central,11/2/2011,Hourly, ,30-49,1095,36.5,0
11/1/2018,49420,M,20,Group F,PT,, ,Northwest,8/8/2014,Hourly, ,<30,85,2.83,0
11/1/2018,49438,M,22,Group F,PT,, ,Northwest,6/18/2014,Hourly, ,<30,136,4.53,0
11/1/2018,49444,M,28,Group F,PT,, ,South,9/21/2012,Hourly, ,<30,771,25.7,0
11/1/2018,49550,M,49,Group G,FT,, ,West,3/16/2008,Hourly, ,30-49,2421,80.7,0
11/1/2018,49576,F,58,Group E,PT,, ,West,11/1/2012,Hourly, ,50+,730,24.33,0
11/1/2018,49578,F,19,Group A,PT,, ,West,7/10/2014,Hourly, ,<30,114,3.8,0
11/1/2018,49580,M,44,Group B,PT,, ,West,7/31/2014,Hourly, ,30-49,93,3.1,0
11/1/2018,49590,F,20,Group C,PT,, ,West,10/23/2014,Hourly, ,<30,9,0.3,0
11/1/2018,49602,F,20,Group D,PT,, ,West,9/26/2014,Hourly, ,<30,36,1.2,0
11/1/2018,49666,F,34,Group A,FT,, ,Midwest,1/26/2007,Hourly, ,30-49,2836,94.53,0
11/1/2018,49698,F,35,Group F,PT,, ,Central,10/23/2014,Hourly, ,30-49,9,0.3,0
11/1/2018,49700,F,22,Group D,PT,, ,Northwest,10/2/2014,Hourly, ,<30,30,1,0
11/1/2018,49716,F,62,Group E,FT,, ,Central,7/27/2007,Hourly, ,50+,2654,88.47,0
11/1/2018,49724,F,20,Group F,PT,, ,Northwest,6/10/2014,Hourly, ,<30,144,4.8,0
11/1/2018,49746,F,21,Group F,PT,, ,Northwest,8/29/2014,Hourly, ,<30,64,2.13,0
11/1/2018,49748,F,52,Group E,FT,, ,Northwest,11/21/2001,Hourly, ,50+,4728,157.6,0
11/1/2018,49776,F,29,Group A,FT,, ,North,7/12/2006,Hourly, ,<30,3034,101.13,0
11/1/2018,49794,F,43,Group G,FT,, ,South,1/18/1989,Hourly, ,30-49,9418,313.93,0
11/1/2018,49832,F,30,Group F,FT,, ,West,7/14/2004,Hourly, ,30-49,3762,125.4,0
11/1/2018,49848,M,47,Group B,FT,, ,West,3/15/2012,Hourly, ,30-49,961,32.03,0
11/1/2018,49908,F,23,Group F,PT,, ,Central,12/6/2013,Hourly, ,<30,330,11,0
11/1/2018,49932,F,23,Group E,PT,, ,Central,10/18/2013,Hourly, ,<30,379,12.63,0
11/1/2018,49960,F,19,Group F,PT,, ,Northwest,10/31/2014,Hourly, ,<30,1,0.03,0
11/1/2018,49966,F,19,Group G,PT,, ,Northwest,3/11/2014,Hourly, ,<30,235,7.83,0
11/1/2018,49976,F,21,Group B,PT,, ,West,8/9/2012,Hourly, ,<30,814,27.13,0
11/1/2018,49984,F,21,Group D,PT,, ,Central,6/4/2014,Hourly, ,<30,150,5,0
11/1/2018,50272,M,22,Group F,FT,, ,North,3/20/2012,Hourly, ,<30,956,31.87,0
11/1/2018,50278,F,57,Group F,FT,, ,North,10/13/2000,Hourly, ,50+,5132,171.07,0
11/1/2018,50282,F,55,Group D,PT,, ,South,10/15/2002,Hourly, ,50+,4400,146.67,0
11/1/2018,50294,F,21,Group E,PT,, ,Central,11/19/2013,Hourly, ,<30,347,11.57,0
11/1/2018,50296,F,24,Group A,PT,, ,Central,9/3/2014,Hourly, ,<30,59,1.97,0
11/1/2018,50304,F,32,Group F,FT,, ,Central,7/23/2009,Hourly, ,30-49,1927,64.23,0
11/1/2018,50306,F,44,Group C,FT,, ,Central,11/8/2005,Hourly, ,30-49,3280,109.33,0
11/1/2018,50312,F,46,Group D,FT,, ,Northwest,8/31/2012,Hourly, ,30-49,792,26.4,0
11/1/2018,50318,F,43,Group A,FT,, ,Midwest,9/13/2005,Hourly, ,30-49,3336,111.2,0
11/1/2018,50322,F,30,Group G,FT,, ,West,12/1/2007,Hourly, ,30-49,2527,84.23,0
11/1/2018,50332,M,23,Group B,PT,, ,North,12/18/2012,Hourly, ,<30,683,22.77,0
11/1/2018,50334,F,20,Group C,PT,, ,West,10/2/2014,Hourly, ,<30,30,1,0
11/1/2018,50336,F,30,Group A,FT,, ,West,9/15/2005,Hourly, ,30-49,3334,111.13,0
11/1/2018,50340,F,27,Group F,FT,, ,Northwest,6/24/2012,Hourly, ,<30,860,28.67,0
11/1/2018,50342,F,33,Group C,FT,, ,Central,5/1/2008,Hourly, ,30-49,2375,79.17,0
11/1/2018,50370,F,28,Group C,FT,, ,West,5/29/2014,Hourly, ,<30,156,5.2,0
11/1/2018,50378,F,36,Group A,FT,, ,North,9/7/2012,Hourly, ,30-49,785,26.17,0
11/1/2018,50384,F,23,Group A,PT,, ,Midwest,9/13/2011,Hourly, ,<30,1145,38.17,0
11/1/2018,50386,F,23,Group A,FT,, ,North,9/11/2010,Hourly, ,<30,1512,50.4,0
11/1/2018,50396,F,22,Group A,FT,, ,Midwest,10/11/2012,Hourly, ,<30,751,25.03,0
11/1/2018,50406,F,22,Group G,PT,, ,Central,9/24/2014,Hourly, ,<30,38,1.27,0
11/1/2018,50418,F,23,Group G,PT,, ,Northwest,6/24/2014,Hourly, ,<30,130,4.33,0
11/1/2018,50426,F,43,Group E,FT,, ,Northwest,6/30/2004,Hourly, ,30-49,3776,125.87,0
11/1/2018,50438,F,59,Group G,FT,, ,West,3/29/2005,Hourly, ,50+,3504,116.8,0
11/1/2018,50452,F,21,Group C,PT,, ,West,6/5/2014,Hourly, ,<30,149,4.97,0
11/1/2018,50466,M,21,Group F,PT,, ,Northwest,9/24/2014,Hourly, ,<30,38,1.27,0
11/1/2018,50468,M,30,Group D,PT,, ,West,7/25/2014,Hourly, ,30-49,99,3.3,0
11/1/2018,50470,F,58,Group D,FT,, ,Midwest,11/21/1974,Hourly, ,50+,14590,486.33,0
11/1/2018,50472,F,24,Group B,PT,, ,West,9/13/2011,Hourly, ,<30,1145,38.17,0
11/1/2018,50798,M,23,Group B,PT,, ,Central,9/3/2014,Hourly, ,<30,59,1.97,0
11/1/2018,50812,M,22,Group B,PT,, ,Northwest,2/23/2013,Hourly, ,<30,616,20.53,0
11/1/2018,50814,M,61,Group A,PT,, ,Northwest,8/29/2014,Hourly, ,50+,64,2.13,0
11/1/2018,50838,M,25,Group G,FT,, ,West,4/23/2010,Hourly, ,<30,1653,55.1,0
11/1/2018,50850,M,19,Group F,PT,, ,Northwest,4/26/2014,Hourly, ,<30,189,6.3,0
11/1/2018,50854,M,20,Group F,PT,, ,Northwest,7/18/2013,Hourly, ,<30,471,15.7,0
11/1/2018,50858,M,53,Group F,PT,, ,Central,7/19/2014,Hourly, ,50+,105,3.5,0
11/1/2018,50860,M,33,Group E,PT,, ,Central,4/30/2014,Hourly, ,30-49,185,6.17,0
11/1/2018,50884,F,57,Group E,FT,, ,North,4/15/2005,Hourly, ,50+,3487,116.23,0
11/1/2018,50984,M,20,Group B,PT,, ,West,8/1/2014,Hourly, ,<30,92,3.07,0
11/1/2018,51010,M,35,Group B,FT,, ,West,8/5/2009,Hourly, ,30-49,1914,63.8,0
11/1/2018,51036,M,18,Group D,PT,, ,West,10/31/2014,Hourly, ,<30,1,0.03,0
11/1/2018,51134,M,24,Group B,PT,, ,Central,8/7/2013,Hourly, ,<30,451,15.03,0
11/1/2018,51146,F,36,Group D,FT,, ,Central,6/24/1995,Hourly, ,30-49,7070,235.67,0
11/1/2018,51166,F,24,Group E,PT,, ,Central,5/10/2013,Hourly, ,<30,540,18,0
11/1/2018,51170,M,20,Group C,PT,, ,Central,10/11/2014,Hourly, ,<30,21,0.7,0
11/1/2018,51184,F,29,Group C,PT,, ,Central,3/5/2014,Hourly, ,<30,241,8.03,0
11/1/2018,51230,M,28,Group E,PT,, ,Central,6/3/2014,Hourly, ,<30,151,5.03,0
11/1/2018,51236,F,71,Group B,FT,, ,Central,4/15/2004,Hourly, ,50+,3852,128.4,0
11/1/2018,51296,M,22,Group C,PT,, ,Central,7/2/2014,Hourly, ,<30,122,4.07,0
11/1/2018,51312,M,28,Group D,FT,, ,Northwest,9/22/2004,Hourly, ,<30,3692,123.07,0
11/1/2018,51314,F,20,Group B,PT,, ,Northwest,9/3/2014,Hourly, ,<30,59,1.97,0
11/1/2018,51316,F,68,Group C,FT,, ,Northwest,10/30/2007,Hourly, ,50+,2559,85.3,0
11/1/2018,51324,M,31,Group B,FT,, ,Northwest,3/18/2004,Hourly, ,30-49,3880,129.33,0
11/1/2018,51338,M,46,Group A,FT,, ,Northwest,11/2/2012,Hourly, ,30-49,729,24.3,0
11/1/2018,51340,F,23,Group G,PT,, ,Northwest,6/6/2013,Hourly, ,<30,513,17.1,0
11/1/2018,51430,F,21,Group A,PT,, ,Northwest,8/14/2014,Hourly, ,<30,79,2.63,0
11/1/2018,51432,F,20,Group D,PT,, ,Northwest,8/26/2014,Hourly, ,<30,67,2.23,0
11/1/2018,51434,M,26,Group A,PT,, ,Northwest,8/20/2014,Hourly, ,<30,73,2.43,0
11/1/2018,51456,F,19,Group C,PT,, ,Northwest,10/24/2014,Hourly, ,<30,8,0.27,0
11/1/2018,51458,M,19,Group C,PT,, ,Northwest,5/9/2014,Hourly, ,<30,176,5.87,0
11/1/2018,51462,M,38,Group E,PT,, ,Northwest,10/17/2014,Hourly, ,30-49,15,0.5,0
11/1/2018,51468,M,42,Group C,PT,, ,Northwest,5/14/2014,Hourly, ,30-49,171,5.7,0
11/1/2018,51486,M,67,Group G,PT,, ,Northwest,8/8/2014,Hourly, ,50+,85,2.83,0
11/1/2018,51512,F,19,Group F,PT,, ,Central,10/22/2014,Hourly, ,<30,10,0.33,0
11/1/2018,51548,M,50,Group B,FT,, ,Central,12/14/2008,Hourly, ,50+,2148,71.6,0
11/1/2018,51580,F,22,Group A,PT,, ,Central,10/16/2014,Hourly, ,<30,16,0.53,0
11/1/2018,51598,F,20,Group D,PT,, ,Central,6/6/2014,Hourly, ,<30,148,4.93,0
11/1/2018,51618,M,20,Group F,PT,, ,Central,5/7/2014,Hourly, ,<30,178,5.93,0
11/1/2018,51622,F,41,Group D,FT,, ,Central,6/23/1998,Hourly, ,30-49,5975,199.17,0
11/1/2018,51658,F,24,Group E,PT,, ,Central,7/8/2014,Hourly, ,<30,116,3.87,0
11/1/2018,51690,F,21,Group A,PT,, ,West,11/15/2013,Hourly, ,<30,351,11.7,0
11/1/2018,51776,M,26,Group A,PT,, ,West,6/26/2013,Hourly, ,<30,493,16.43,0
11/1/2018,51800,F,23,Group G,PT,, ,West,10/16/2014,Hourly, ,<30,16,0.53,0
11/1/2018,51812,M,60,Group E,PT,, ,West,11/15/2013,Hourly, ,50+,351,11.7,0
11/1/2018,51916,F,57,Group C,FT,, ,South,5/13/2003,Hourly, ,50+,4190,139.67,0
11/1/2018,51922,M,51,Group G,FT,, ,South,8/12/2004,Hourly, ,50+,3733,124.43,0
11/1/2018,51962,M,24,Group G,PT,, ,Northwest,9/18/2014,Hourly, ,<30,44,1.47,0
11/1/2018,51964,F,23,Group A,PT,, ,Northwest,6/4/2014,Hourly, ,<30,150,5,0
11/1/2018,51974,F,25,Group E,PT,, ,Northwest,8/2/2011,Hourly, ,<30,1187,39.57,0
11/1/2018,51980,F,21,Group G,PT,, ,Northwest,6/20/2014,Hourly, ,<30,134,4.47,0
11/1/2018,51994,M,58,Group E,PT,, ,Northwest,11/10/2004,Hourly, ,50+,3643,121.43,0
11/1/2018,52004,M,23,Group B,PT,, ,Northwest,1/25/2013,Hourly, ,<30,645,21.5,0
11/1/2018,52010,M,35,Group F,PT,, ,Northwest,5/1/2003,Hourly, ,30-49,4202,140.07,0
11/1/2018,52018,M,44,Group F,FT,, ,Northwest,1/10/2012,Hourly, ,30-49,1026,34.2,0
11/1/2018,52020,M,36,Group E,FT,, ,Northwest,2/6/2014,Hourly, ,30-49,268,8.93,0
11/1/2018,52022,M,52,Group E,PT,, ,Northwest,9/3/2014,Hourly, ,50+,59,1.97,0
11/1/2018,52024,M,20,Group E,PT,, ,Northwest,8/15/2013,Hourly, ,<30,443,14.77,0
11/1/2018,52238,M,44,Group E,PT,, ,Northwest,7/13/2005,Hourly, ,30-49,3398,113.27,0
11/1/2018,52248,M,43,Group B,FT,, ,West,11/16/2011,Hourly, ,30-49,1081,36.03,0
11/1/2018,52290,M,64,Group G,PT,, ,West,10/30/2007,Hourly, ,50+,2559,85.3,0
11/1/2018,52292,M,35,Group D,FT,, ,West,6/7/2005,Hourly, ,30-49,3434,114.47,0
11/1/2018,52304,M,22,Group D,PT,, ,Northwest,10/24/2013,Hourly, ,<30,373,12.43,0
11/1/2018,52332,M,61,Group C,PT,, ,South,1/22/2002,Hourly, ,50+,4666,155.53,0
11/1/2018,52372,M,23,Group D,PT,, ,Central,6/11/2014,Hourly, ,<30,143,4.77,0
11/1/2018,52424,M,54,Group C,PT,, ,Central,5/23/2013,Hourly, ,50+,527,17.57,0
11/1/2018,52428,M,54,Group A,PT,, ,Northwest,10/10/2014,Hourly, ,50+,22,0.73,0
11/1/2018,52446,M,24,Group B,PT,, ,Northwest,2/15/2013,Hourly, ,<30,624,20.8,0
11/1/2018,52470,M,30,Group E,FT,, ,Northwest,9/3/2014,Hourly, ,30-49,59,1.97,0
11/1/2018,52472,M,65,Group F,PT,,Yes,Northwest,11/5/2014,Hourly, ,50+,0,0,0
11/1/2018,52502,M,54,Group C,PT,, ,Central,9/9/2014,Hourly, ,50+,53,1.77,0
11/1/2018,52536,M,43,Group D,FT,, ,Central,11/25/2003,Hourly, ,30-49,3994,133.13,0
11/1/2018,52566,M,57,Group B,FT,, ,Central,9/23/2009,Hourly, ,50+,1865,62.17,0
11/1/2018,52576,M,42,Group C,PT,, ,Central,10/19/2012,Hourly, ,30-49,743,24.77,0
11/1/2018,52592,M,58,Group D,PT,, ,Northwest,9/12/2014,Hourly, ,50+,50,1.67,0
11/1/2018,52634,F,21,Group D,PT,,Yes,Northwest,11/18/2014,Hourly, ,<30,0,0,0
11/1/2018,52640,M,52,Group E,PT,, ,West,9/16/2014,Hourly, ,50+,46,1.53,0
11/1/2018,52652,M,47,Group A,FT,, ,Northwest,11/15/2013,Hourly, ,30-49,351,11.7,0
11/1/2018,52668,M,22,Group C,PT,, ,Central,5/16/2014,Hourly, ,<30,169,5.63,0
11/1/2018,52682,M,42,Group G,PT,, ,Central,4/4/2002,Hourly, ,30-49,4594,153.13,0
11/1/2018,52698,M,51,Group E,PT,, ,West,5/7/2013,Hourly, ,50+,543,18.1,0
11/1/2018,52706,M,19,Group A,PT,, ,Northwest,10/24/2014,Hourly, ,<30,8,0.27,0
11/1/2018,52714,M,56,Group C,PT,, ,Northwest,8/7/2014,Hourly, ,50+,86,2.87,0
11/1/2018,52762,M,21,Group D,PT,, ,Central,7/16/2014,Hourly, ,<30,108,3.6,0
11/1/2018,52764,M,31,Group F,FT,, ,Central,4/6/2010,Hourly, ,30-49,1670,55.67,0
11/1/2018,52770,F,20,Group E,PT,, ,Northwest,7/12/2012,Hourly, ,<30,842,28.07,0
11/1/2018,52782,F,19,Group E,PT,, ,East,1/3/2014,Hourly, ,<30,302,10.07,0
11/1/2018,52784,M,22,Group C,PT,, ,East,10/21/2014,Hourly, ,<30,11,0.37,0
11/1/2018,52814,F,24,Group G,PT,,Yes,Northwest,11/7/2014,Hourly, ,<30,0,0,0
11/1/2018,52824,F,38,Group E,FT,, ,Northwest,3/6/2014,Salary, ,30-49,240,8,0
11/1/2018,52826,M,56,Group C,FT,, ,Northwest,3/1/2006,Hourly, ,50+,3167,105.57,0
11/1/2018,52834,M,23,Group G,FT,, ,Northwest,1/25/2012,Salary, ,<30,1011,33.7,0
11/1/2018,52926,F,46,Group A,PT,, ,North,5/11/1988,Hourly, ,30-49,9670,322.33,0
11/1/2018,52934,M,27,Group B,PT,, ,North,4/14/2007,Hourly, ,<30,2758,91.93,0
11/1/2018,52954,M,52,Group G,FT,, ,North,2/28/1989,Salary, ,50+,9377,312.57,0
11/1/2018,52960,M,21,Group G,PT,, ,North,10/18/2014,Hourly, ,<30,14,0.47,0
11/1/2018,52968,M,37,Group F,FT,, ,North,3/28/2007,Salary, ,30-49,2775,92.5,0
11/1/2018,52970,M,38,Group A,FT,, ,North,10/12/1996,Salary, ,30-49,6594,219.8,0
11/1/2018,52980,M,70,Group A,PT,, ,North,6/1/2011,Hourly, ,50+,1249,41.63,0
11/1/2018,52982,M,28,Group G,FT,, ,North,6/29/2006,Hourly, ,<30,3047,101.57,0
11/1/2018,52984,M,46,Group A,FT,, ,North,11/10/1988,Hourly, ,30-49,9487,316.23,0
11/1/2018,52986,F,20,Group C,PT,, ,North,7/13/2012,Hourly, ,<30,841,28.03,0
11/1/2018,52988,F,22,Group B,FT,, ,North,7/26/2014,Salary, ,<30,98,3.27,0
11/1/2018,53004,M,35,Group A,FT,, ,North,11/26/1998,Hourly, ,30-49,5819,193.97,0
11/1/2018,53166,M,25,Group A,FT,, ,Midwest,3/25/2014,Salary, ,<30,221,7.37,0
11/1/2018,53176,F,46,Group G,FT,, ,Midwest,11/25/1992,Hourly, ,30-49,8011,267.03,0
11/1/2018,53184,F,38,Group D,FT,, ,Midwest,5/7/2014,Salary, ,30-49,178,5.93,0
11/1/2018,53218,M,68,Group C,PT,, ,Midwest,5/15/2009,Hourly, ,50+,1996,66.53,0
11/1/2018,53236,M,49,Group B,FT,, ,South,5/15/2014,Hourly, ,30-49,170,5.67,0
11/1/2018,53238,F,19,Group D,PT,, ,South,5/8/2014,Hourly, ,<30,177,5.9,0
11/1/2018,53250,F,45,Group E,FT,, ,South,5/4/2010,Salary, ,30-49,1642,54.73,0
11/1/2018,53260,M,21,Group E,PT,, ,South,3/19/2014,Hourly, ,<30,227,7.57,0
11/1/2018,53266,M,52,Group F,FT,, ,South,6/11/1991,Hourly, ,50+,8544,284.8,0
11/1/2018,53290,F,22,Group G,PT,, ,South,8/15/2012,Hourly, ,<30,808,26.93,0
11/1/2018,53292,F,41,Group E,FT,, ,South,6/4/1993,Salary, ,30-49,7820,260.67,0
11/1/2018,53356,F,38,Group C,FT,, ,South,2/17/2014,Salary, ,30-49,257,8.57,0
11/1/2018,53368,F,38,Group G,FT,, ,South,3/23/2012,Hourly, ,30-49,953,31.77,0
11/1/2018,53370,M,46,Group D,FT,, ,South,5/20/1986,Salary, ,30-49,10392,346.4,0
11/1/2018,53382,M,23,Group C,PT,, ,South,6/4/2014,Hourly, ,<30,150,5,0
11/1/2018,53388,M,48,Group C,PT,, ,South,6/4/2014,Hourly, ,30-49,150,5,0
11/1/2018,53394,M,53,Group E,FT,, ,South,6/14/2014,Salary, ,50+,140,4.67,0
11/1/2018,53396,F,21,Group E,FT,, ,South,2/7/2014,Hourly, ,<30,267,8.9,0
11/1/2018,53400,M,44,Group G,FT,, ,South,9/30/2014,Salary, ,30-49,32,1.07,0
11/1/2018,53402,F,34,Group B,FT,, ,South,8/20/2009,Salary, ,30-49,1899,63.3,0
11/1/2018,53404,F,46,Group D,FT,, ,South,8/26/2014,Salary, ,30-49,67,2.23,0
11/1/2018,53410,F,37,Group G,FT,, ,South,11/8/2013,Hourly, ,30-49,358,11.93,0
11/1/2018,53412,M,49,Group F,FT,, ,South,4/25/2006,Salary, ,30-49,3112,103.73,0
11/1/2018,53554,F,32,Group F,FT,, ,Central,3/28/2006,Salary, ,30-49,3140,104.67,0
11/1/2018,53612,F,54,Group E,FT,, ,Central,10/2/2001,Salary, ,50+,4778,159.27,0
11/1/2018,53616,F,22,Group C,PT,, ,Central,8/15/2013,Hourly, ,<30,443,14.77,0
11/1/2018,53652,M,42,Group A,FT,, ,Central,12/21/1990,Salary, ,30-49,8716,290.53,0
11/1/2018,53700,F,46,Group F,FT,, ,Central,5/28/2014,Salary, ,30-49,157,5.23,0
11/1/2018,53726,F,27,Group F,PT,, ,Central,4/12/2012,Hourly, ,<30,933,31.1,0
11/1/2018,53744,F,29,Group E,FT,, ,Central,12/10/2013,Salary, ,<30,326,10.87,0
11/1/2018,53750,M,25,Group C,PT,, ,Central,4/30/2014,Hourly, ,<30,185,6.17,0
11/1/2018,53752,M,41,Group A,PT,, ,Central,11/20/2007,Hourly, ,30-49,2538,84.6,0
11/1/2018,53804,F,28,Group B,FT,, ,Central,10/31/2005,Hourly, ,<30,3288,109.6,0
11/1/2018,53806,F,20,Group F,PT,, ,Central,10/31/2014,Hourly, ,<30,1,0.03,0
11/1/2018,53816,F,19,Group B,PT,, ,West,10/8/2014,Hourly, ,<30,24,0.8,0
11/1/2018,53826,F,51,Group G,FT,, ,West,8/29/2006,Salary, ,50+,2986,99.53,0
11/1/2018,53838,M,46,Group A,FT,, ,West,11/28/2013,Salary, ,30-49,338,11.27,0
11/1/2018,53868,M,53,Group G,PT,, ,West,12/1/2013,Hourly, ,50+,335,11.17,0
11/1/2018,53874,F,24,Group D,PT,, ,West,11/1/2013,Hourly, ,<30,365,12.17,0
11/1/2018,53876,F,29,Group E,FT,, ,West,8/22/2013,Hourly, ,<30,436,14.53,0
11/1/2018,53938,F,20,Group F,PT,, ,West,5/9/2013,Hourly, ,<30,541,18.03,0
11/1/2018,53952,M,19,Group B,PT,, ,West,7/6/2013,Hourly, ,<30,483,16.1,0
11/1/2018,53970,F,24,Group C,PT,, ,West,10/9/2014,Hourly, ,<30,23,0.77,0
11/1/2018,53988,F,23,Group D,PT,, ,West,1/26/2012,Hourly, ,<30,1010,33.67,0
11/1/2018,53992,F,62,Group D,FT,, ,West,2/23/2007,Hourly, ,50+,2808,93.6,0
11/1/2018,54034,F,37,Group G,FT,, ,West,6/10/2014,Salary, ,30-49,144,4.8,0
11/1/2018,54044,M,43,Group B,FT,, ,West,6/27/2014,Salary, ,30-49,127,4.23,0
11/1/2018,54048,M,45,Group A,FT,, ,West,6/27/2004,Salary, ,30-49,3779,125.97,0
11/1/2018,54064,F,44,Group B,FT,, ,West,5/14/2011,Salary, ,30-49,1267,42.23,0
11/1/2018,54066,M,51,Group C,FT,, ,West,8/19/2014,Salary, ,50+,74,2.47,0
11/1/2018,54082,M,51,Group G,FT,, ,West,8/23/2007,Hourly, ,50+,2627,87.57,0
11/1/2018,54100,M,55,Group B,FT,, ,West,12/15/2007,Hourly, ,50+,2513,83.77,0
11/1/2018,54304,M,25,Group E,PT,, ,South,6/8/2011,Hourly, ,<30,1242,41.4,0
11/1/2018,54306,M,38,Group D,PT,, ,South,10/12/2011,Hourly, ,30-49,1116,37.2,0
11/1/2018,54316,M,24,Group B,PT,, ,Northwest,9/13/2006,Hourly, ,<30,2971,99.03,0
11/1/2018,54338,M,28,Group B,FT,, ,North,1/6/2011,Hourly, ,<30,1395,46.5,0
11/1/2018,54356,M,22,Group E,FT,, ,South,4/27/2012,Hourly, ,<30,918,30.6,0
11/1/2018,54366,M,22,Group D,PT,, ,West,7/7/2013,Hourly, ,<30,482,16.07,0
11/1/2018,54372,F,38,Group G,FT,, ,North,1/10/2012,Salary, ,30-49,1026,34.2,0
11/1/2018,54384,F,27,Group G,FT,, ,North,1/23/2013,Salary, ,<30,647,21.57,0
11/1/2018,54394,F,44,Group A,FT,, ,Midwest,6/24/2014,Salary, ,30-49,130,4.33,0
11/1/2018,54468,F,31,Group B,FT,, ,West,10/29/2014,Salary, ,30-49,3,0.1,0
11/1/2018,54472,F,69,Group B,FT,, ,Northwest,8/27/2002,Salary, ,50+,4449,148.3,0
11/1/2018,54504,M,41,Group F,FT,, ,North,3/15/2014,Hourly, ,30-49,231,7.7,0
11/1/2018,54506,M,28,Group D,FT,, ,East,12/3/2013,Salary, ,<30,333,11.1,0
11/1/2018,54510,M,45,Group C,FT,, ,Northwest,10/30/2007,Hourly, ,30-49,2559,85.3,0
11/1/2018,54518,M,21,Group D,FT,, ,North,11/8/2013,Hourly, ,<30,358,11.93,0
11/1/2018,54526,M,29,Group B,FT,, ,East,1/8/2014,Hourly, ,<30,297,9.9,0
11/1/2018,54528,F,23,Group B,PT,, ,Midwest,12/15/2011,Hourly, ,<30,1052,35.07,0
11/1/2018,54550,M,26,Group B,PT,, ,North,5/14/2014,Hourly, ,<30,171,5.7,0
11/1/2018,54552,M,46,Group C,PT,, ,Midwest,10/19/2012,Hourly, ,30-49,743,24.77,0
11/1/2018,54556,M,22,Group F,PT,, ,South,3/2/2012,Hourly, ,<30,974,32.47,0
11/1/2018,54564,M,21,Group B,PT,, ,South,9/2/2012,Hourly, ,<30,790,26.33,0
11/1/2018,54582,M,49,Group F,PT,, ,Northwest,1/4/2013,Hourly, ,30-49,666,22.2,0
11/1/2018,54614,M,21,Group D,PT,, ,South,10/25/2012,Hourly, ,<30,737,24.57,0
11/1/2018,54630,F,22,Group B,PT,, ,North,8/1/2014,Hourly, ,<30,92,3.07,0
11/1/2018,54636,F,21,Group A,PT,, ,Northwest,4/15/2014,Hourly, ,<30,200,6.67,0
11/1/2018,54656,F,21,Group A,PT,, ,Northwest,9/3/2014,Hourly, ,<30,59,1.97,0
11/1/2018,54662,M,22,Group F,PT,, ,North,2/28/2013,Hourly, ,<30,611,20.37,0
11/1/2018,54726,M,44,Group C,PT,, ,North,10/29/2014,Hourly, ,30-49,3,0.1,0
11/1/2018,54736,M,29,Group A,PT,,Yes,West,11/12/2014,Hourly, ,<30,0,0,0
11/1/2018,54744,M,20,Group C,PT,,Yes,South,11/25/2014,Hourly, ,<30,0,0,0
11/1/2018,54752,M,35,Group A,PT,,Yes,East,11/6/2014,Hourly, ,30-49,0,0,0
11/1/2018,54890,F,64,Group A,FT,, ,West,4/5/2005,Hourly, ,50+,3497,116.57,0
11/1/2018,54894,F,23,Group F,PT,, ,West,4/26/2013,Hourly, ,<30,554,18.47,0
11/1/2018,54906,F,23,Group F,PT,, ,Midwest,3/15/2012,Hourly, ,<30,961,32.03,0
11/1/2018,54918,F,21,Group C,PT,, ,Midwest,5/31/2013,Hourly, ,<30,519,17.3,0
11/1/2018,54986,F,24,Group D,PT,, ,North,7/7/2014,Hourly, ,<30,117,3.9,0
11/1/2018,55010,M,18,Group B,PT,, ,Central,9/10/2014,Hourly, ,<30,52,1.73,0
11/1/2018,55026,F,24,Group E,PT,, ,Northwest,10/24/2014,Hourly, ,<30,8,0.27,0
11/1/2018,55080,M,17,Group G,PT,, ,West,10/1/2014,Hourly, ,<30,31,1.03,0
11/1/2018,55442,F,74,Group G,FT,, ,West,3/11/2003,Hourly, ,50+,4253,141.77,0
11/1/2018,55468,F,20,Group A,PT,, ,West,5/10/2012,Hourly, ,<30,905,30.17,0
11/1/2018,55504,M,25,Group A,PT,, ,West,8/22/2014,Hourly, ,<30,71,2.37,0
11/1/2018,55512,M,55,Group G,PT,, ,West,9/7/2012,Hourly, ,50+,785,26.17,0
11/1/2018,55514,M,24,Group D,PT,, ,West,4/15/2011,Hourly, ,<30,1296,43.2,0
11/1/2018,55552,M,23,Group G,PT,, ,Northwest,7/9/2014,Hourly, ,<30,115,3.83,0
11/1/2018,55566,M,22,Group A,PT,, ,Northwest,8/29/2013,Hourly, ,<30,429,14.3,0
11/1/2018,55576,F,21,Group F,PT,, ,Northwest,9/13/2014,Hourly, ,<30,49,1.63,0
11/1/2018,55578,M,30,Group B,PT,, ,Northwest,11/7/2012,Hourly, ,30-49,724,24.13,0
11/1/2018,55588,M,43,Group F,PT,, ,Northwest,1/24/2014,Hourly, ,30-49,281,9.37,0
11/1/2018,55592,M,45,Group A,PT,,Yes,Northwest,11/7/2014,Hourly, ,30-49,0,0,0
11/1/2018,55594,M,32,Group D,PT,, ,Northwest,10/24/2014,Hourly, ,30-49,8,0.27,0
11/1/2018,55598,M,19,Group F,PT,,Yes,Northwest,11/21/2014,Hourly, ,<30,0,0,0
11/1/2018,55600,M,33,Group G,PT,, ,Northwest,10/31/2014,Hourly, ,30-49,1,0.03,0
11/1/2018,55602,M,32,Group D,PT,, ,Northwest,9/12/2014,Hourly, ,30-49,50,1.67,0
11/1/2018,55610,M,61,Group B,PT,, ,Northwest,8/14/2014,Hourly, ,50+,79,2.63,0
11/1/2018,55620,F,19,Group C,PT,, ,Northwest,4/16/2014,Hourly, ,<30,199,6.63,0
11/1/2018,55632,F,62,Group B,FT,, ,Northwest,9/13/2011,Hourly, ,50+,1145,38.17,0
11/1/2018,55646,M,20,Group A,FT,, ,Northwest,11/13/2013,Hourly, ,<30,353,11.77,0
11/1/2018,55648,M,56,Group B,FT,, ,Northwest,7/14/2004,Hourly, ,50+,3762,125.4,0
11/1/2018,55650,M,23,Group E,PT,, ,North,9/26/2008,Hourly, ,<30,2227,74.23,0
11/1/2018,55662,F,23,Group F,PT,,Yes,North,11/5/2014,Hourly, ,<30,0,0,0
11/1/2018,55666,M,21,Group D,PT,, ,South,7/13/2011,Hourly, ,<30,1207,40.23,0
11/1/2018,55700,F,52,Group B,FT,, ,Central,8/30/2005,Hourly, ,50+,3350,111.67,0
11/1/2018,55704,M,52,Group G,FT,, ,Central,5/10/2005,Hourly, ,50+,3462,115.4,0
11/1/2018,55714,M,21,Group D,PT,, ,Central,2/28/2014,Hourly, ,<30,246,8.2,0
11/1/2018,55718,M,33,Group F,PT,,Yes,Central,11/5/2014,Hourly, ,30-49,0,0,0
11/1/2018,55722,M,40,Group C,PT,, ,Central,5/4/2010,Hourly, ,30-49,1642,54.73,0
11/1/2018,55726,M,42,Group E,FT,, ,Central,10/23/2008,Hourly, ,30-49,2200,73.33,0
11/1/2018,55730,M,22,Group A,PT,, ,Central,8/27/2010,Hourly, ,<30,1527,50.9,0
11/1/2018,55734,M,46,Group F,PT,, ,Central,4/30/2008,Hourly, ,30-49,2376,79.2,0
11/1/2018,55750,M,40,Group A,FT,, ,Central,8/24/2011,Hourly, ,30-49,1165,38.83,0
11/1/2018,55770,M,30,Group E,PT,, ,North,8/11/2000,Hourly, ,30-49,5195,173.17,0
11/1/2018,55776,F,24,Group E,PT,, ,South,2/1/2012,Hourly, ,<30,1004,33.47,0
11/1/2018,55778,M,43,Group B,PT,, ,South,5/18/2011,Hourly, ,30-49,1263,42.1,0
11/1/2018,55780,M,64,Group A,PT,, ,North,8/18/2011,Hourly, ,50+,1171,39.03,0
11/1/2018,56246,M,34,Group E,PT,, ,Central,10/4/2001,Hourly, ,30-49,4776,159.2,0
11/1/2018,56262,F,20,Group E,PT,, ,Central,9/9/2014,Hourly, ,<30,53,1.77,0
11/1/2018,56264,M,24,Group C,PT,,Yes,Central,11/19/2014,Hourly, ,<30,0,0,0
11/1/2018,56276,M,24,Group G,PT,, ,Central,5/21/2013,Hourly, ,<30,529,17.63,0
11/1/2018,56292,F,33,Group G,FT,, ,Central,12/11/2007,Hourly, ,30-49,2517,83.9,0
11/1/2018,56296,M,56,Group D,FT,, ,Central,3/26/2010,Hourly, ,50+,1681,56.03,0
11/1/2018,56300,F,21,Group C,PT,, ,Central,8/20/2014,Hourly, ,<30,73,2.43,0
11/1/2018,56314,M,49,Group C,PT,, ,Central,8/9/2012,Hourly, ,30-49,814,27.13,0
11/1/2018,56318,M,32,Group C,PT,, ,Central,4/25/2014,Hourly, ,30-49,190,6.33,0
11/1/2018,56320,M,26,Group A,PT,, ,Central,4/23/2014,Hourly, ,<30,192,6.4,0
11/1/2018,56324,M,53,Group C,PT,, ,Central,6/1/2014,Hourly, ,50+,153,5.1,0
11/1/2018,56330,M,53,Group E,FT,, ,West,11/17/2009,Hourly, ,50+,1810,60.33,0
11/1/2018,56334,F,25,Group G,PT,, ,West,3/27/2013,Hourly, ,<30,584,19.47,0
11/1/2018,56354,M,68,Group D,PT,, ,West,8/9/2011,Hourly, ,50+,1180,39.33,0
11/1/2018,56358,M,64,Group E,PT,, ,West,2/23/2007,Hourly, ,50+,2808,93.6,0
11/1/2018,56360,M,22,Group B,PT,, ,West,10/17/2013,Hourly, ,<30,380,12.67,0
11/1/2018,56394,M,19,Group A,PT,, ,West,10/17/2014,Hourly, ,<30,15,0.5,0
11/1/2018,56424,M,40,Group D,PT,, ,Northwest,11/6/2013,Hourly, ,30-49,360,12,0
11/1/2018,56440,M,36,Group E,PT,, ,Northwest,10/29/2014,Hourly, ,30-49,3,0.1,0
11/1/2018,56444,M,18,Group D,PT,, ,Northwest,10/15/2014,Hourly, ,<30,17,0.57,0
11/1/2018,56446,M,20,Group F,PT,, ,Northwest,9/28/2013,Hourly, ,<30,399,13.3,0
11/1/2018,56456,M,20,Group E,PT,, ,Northwest,6/28/2013,Hourly, ,<30,491,16.37,0
11/1/2018,56464,M,58,Group D,PT,, ,Northwest,4/17/2014,Hourly, ,50+,198,6.6,0
11/1/2018,56472,M,20,Group F,PT,, ,Northwest,10/17/2013,Hourly, ,<30,380,12.67,0
11/1/2018,56474,M,55,Group B,PT,,Yes,Northwest,11/18/2014,Hourly, ,50+,0,0,0
11/1/2018,56490,M,66,Group G,FT,, ,South,10/19/1988,Hourly, ,50+,9509,316.97,0
11/1/2018,56498,M,51,Group C,FT,, ,Midwest,1/27/2000,Hourly, ,50+,5392,179.73,0
11/1/2018,56508,F,29,Group F,FT,, ,Midwest,8/4/2004,Hourly, ,<30,3741,124.7,0
11/1/2018,56516,M,50,Group E,FT,, ,Midwest,9/20/1984,Hourly, ,50+,10999,366.63,0
11/1/2018,56526,M,63,Group C,FT,, ,South,6/30/1987,Hourly, ,50+,9986,332.87,0
11/1/2018,91744,F,30,Group F,FT,, ,North,12/19/2006,Salary, ,30-49,2874,95.8,0
11/1/2018,91790,M,20,Group A,PT,, ,North,1/4/2013,Hourly, ,<30,666,22.2,0
11/1/2018,91824,M,24,Group D,FT,, ,North,5/24/2008,Hourly, ,<30,2352,78.4,0
11/1/2018,91868,M,60,Group D,FT,, ,East,7/8/2014,Salary, ,50+,116,3.87,0
11/1/2018,91920,M,27,Group G,FT,, ,East,8/2/2014,Hourly, ,<30,91,3.03,0
11/1/2018,92018,F,61,Group D,FT,, ,East,11/7/2012,Hourly, ,50+,724,24.13,0
11/1/2018,92056,F,52,Group F,FT,, ,East,3/21/2006,Hourly, ,50+,3147,104.9,0
11/1/2018,92072,F,52,Group B,FT,, ,East,8/26/2008,Salary, ,50+,2258,75.27,0
11/1/2018,92166,F,59,Group D,FT,, ,East,1/17/2006,Hourly, ,50+,3210,107,0
11/1/2018,92168,F,43,Group B,FT,, ,East,5/13/2003,Hourly, ,30-49,4190,139.67,0
11/1/2018,92170,F,40,Group G,FT,, ,East,9/18/2014,Hourly, ,30-49,44,1.47,0
11/1/2018,92240,M,30,Group D,PT,, ,East,5/7/2008,Hourly, ,30-49,2369,78.97,0
11/1/2018,92242,M,51,Group F,FT,, ,East,7/8/2014,Salary, ,50+,116,3.87,0
11/1/2018,92246,F,38,Group B,FT,, ,East,10/5/2010,Salary, ,30-49,1488,49.6,0
11/1/2018,92250,M,55,Group C,FT,, ,East,9/8/1981,Salary, ,50+,12107,403.57,0
11/1/2018,92254,M,53,Group F,FT,, ,East,11/15/2011,Salary, ,50+,1082,36.07,0
11/1/2018,92258,F,61,Group C,FT,, ,East,12/13/2011,Hourly, ,50+,1054,35.13,0
11/1/2018,92260,M,51,Group B,FT,, ,East,6/27/2008,Hourly, ,50+,2318,77.27,0
11/1/2018,92270,F,39,Group F,FT,, ,East,3/28/2006,Salary, ,30-49,3140,104.67,0
11/1/2018,92276,F,31,Group E,FT,, ,East,4/15/2014,Salary, ,30-49,200,6.67,0
11/1/2018,92282,F,30,Group E,FT,, ,East,12/1/2009,Salary, ,30-49,1796,59.87,0
11/1/2018,92288,F,54,Group C,FT,, ,East,10/28/2014,Salary, ,50+,4,0.13,0
11/1/2018,92290,F,44,Group F,FT,, ,East,10/29/2013,Salary, ,30-49,368,12.27,0
11/1/2018,92292,F,31,Group F,FT,, ,East,8/2/2011,Salary, ,30-49,1187,39.57,0
11/1/2018,92302,M,37,Group E,FT,, ,East,3/1/2008,Salary, ,30-49,2436,81.2,0
11/1/2018,92310,M,39,Group B,FT,, ,East,6/25/2008,Salary, ,30-49,2320,77.33,0
11/1/2018,92324,F,28,Group F,FT,, ,East,6/2/2005,Salary, ,<30,3439,114.63,0
11/1/2018,92328,F,37,Group A,FT,, ,East,2/4/2009,Salary, ,30-49,2096,69.87,0
11/1/2018,92332,F,46,Group G,FT,, ,East,2/21/2006,Salary, ,30-49,3175,105.83,0
11/1/2018,92334,M,47,Group F,FT,, ,East,1/7/2009,Salary, ,30-49,2124,70.8,0
11/1/2018,92336,F,40,Group E,FT,, ,East,2/25/2009,Salary, ,30-49,2075,69.17,0
11/1/2018,92338,F,51,Group F,FT,, ,East,8/11/2009,Salary, ,50+,1908,63.6,0
11/1/2018,92340,F,30,Group B,FT,, ,East,9/29/2009,Salary, ,30-49,1859,61.97,0
11/1/2018,92352,F,54,Group C,FT,, ,East,8/9/2011,Hourly, ,50+,1180,39.33,0
11/1/2018,92354,F,53,Group D,FT,, ,East,8/6/2013,Hourly, ,50+,452,15.07,0
11/1/2018,92358,F,58,Group C,FT,, ,East,5/14/2002,Hourly, ,50+,4554,151.8,0
11/1/2018,92366,F,62,Group F,FT,, ,East,4/4/2006,Hourly, ,50+,3133,104.43,0
11/1/2018,92386,F,46,Group F,FT,, ,East,4/3/2013,Hourly, ,30-49,577,19.23,0
11/1/2018,92404,F,31,Group D,FT,, ,East,9/6/2013,Hourly, ,30-49,421,14.03,0
11/1/2018,92420,M,27,Group D,FT,, ,East,6/23/2004,Hourly, ,<30,3783,126.1,0
11/1/2018,92438,F,53,Group B,FT,, ,East,12/18/2007,Hourly, ,50+,2510,83.67,0
11/1/2018,92440,F,39,Group B,FT,, ,East,2/7/2012,Hourly, ,30-49,998,33.27,0
11/1/2018,92444,F,37,Group F,FT,, ,East,9/30/2014,Salary, ,30-49,32,1.07,0
11/1/2018,92452,F,58,Group F,FT,,Yes,East,11/4/2014,Hourly, ,50+,0,0,0
11/1/2018,92454,F,52,Group C,FT,,Yes,East,11/4/2014,Hourly, ,50+,0,0,0
11/1/2018,92456,F,30,Group B,FT,,Yes,East,11/4/2014,Hourly, ,30-49,0,0,0
11/1/2018,92460,F,28,Group B,FT,, ,East,10/27/2014,Salary, ,<30,5,0.17,0
11/1/2018,92484,F,32,Group C,FT,, ,East,4/28/2011,Salary, ,30-49,1283,42.77,0
11/1/2018,95686,F,23,Group G,PT,, ,East,8/19/2014,Hourly, ,<30,74,2.47,0
11/1/2018,95692,M,50,Group F,FT,, ,East,9/2/2009,Salary, ,50+,1886,62.87,0
11/1/2018,95694,M,34,Group A,FT,, ,East,7/21/2005,Salary, ,30-49,3390,113,0
11/1/2018,95696,F,56,Group E,FT,, ,East,11/3/1987,Salary, ,50+,9860,328.67,0
11/1/2018,95710,F,26,Group F,FT,, ,East,2/9/2012,Salary, ,<30,996,33.2,0
11/1/2018,95712,F,23,Group A,FT,, ,East,4/29/2014,Salary, ,<30,186,6.2,0
11/1/2018,95716,M,29,Group F,FT,, ,East,7/23/2013,Salary, ,<30,466,15.53,0
11/1/2018,95722,F,38,Group A,FT,, ,East,4/2/2013,Salary, ,30-49,578,19.27,0
11/1/2018,95726,F,38,Group D,FT,, ,East,7/23/2013,Salary, ,30-49,466,15.53,0
11/1/2018,95728,M,52,Group F,FT,, ,East,5/28/2003,Salary, ,50+,4175,139.17,0
11/1/2018,95730,F,30,Group D,FT,, ,East,6/24/2008,Salary, ,30-49,2321,77.37,0
11/1/2018,95738,M,38,Group C,FT,, ,East,4/15/2014,Salary, ,30-49,200,6.67,0
11/1/2018,95740,M,35,Group E,FT,, ,East,8/13/2008,Salary, ,30-49,2271,75.7,0
11/1/2018,95744,F,51,Group B,FT,, ,East,3/3/1987,Salary, ,50+,10105,336.83,0
11/1/2018,95750,F,23,Group E,FT,, ,East,5/13/2014,Salary, ,<30,172,5.73,0
11/1/2018,95752,F,32,Group D,FT,, ,East,12/1/2006,Salary, ,30-49,2892,96.4,0
11/1/2018,95754,M,58,Group G,FT,, ,East,6/6/2006,Salary, ,50+,3070,102.33,0
11/1/2018,95762,F,37,Group D,FT,, ,East,8/27/2008,Salary, ,30-49,2257,75.23,0
11/1/2018,95770,F,26,Group F,FT,, ,East,5/29/2013,Salary, ,<30,521,17.37,0
11/1/2018,95772,F,54,Group A,FT,, ,East,5/15/1984,Salary, ,50+,11127,370.9,0
11/1/2018,95780,F,34,Group E,FT,, ,East,8/12/2014,Salary, ,30-49,81,2.7,0
11/1/2018,95782,F,42,Group E,FT,, ,East,9/17/2008,Salary, ,30-49,2236,74.53,0
11/1/2018,95784,M,43,Group F,FT,, ,East,7/17/2007,Salary, ,30-49,2664,88.8,0
11/1/2018,95788,F,52,Group G,FT,, ,East,1/5/2010,Salary, ,50+,1761,58.7,0
11/1/2018,95792,F,37,Group D,PT,, ,East,8/27/2013,Salary, ,30-49,431,14.37,0
11/1/2018,96072,F,21,Group E,PT,, ,East,5/13/2014,Hourly, ,<30,172,5.73,0
11/1/2018,96136,F,22,Group F,PT,,Yes,East,11/25/2014,Hourly, ,<30,0,0,0
11/1/2018,96180,M,26,Group E,FT,, ,East,1/29/2008,Hourly, ,<30,2468,82.27,0
11/1/2018,96198,F,49,Group G,PT,, ,East,2/18/2014,Hourly, ,30-49,256,8.53,0
11/1/2018,96218,F,32,Group A,PT,, ,East,7/30/2013,Hourly, ,30-49,459,15.3,0
11/1/2018,96236,F,34,Group A,FT,, ,East,10/11/2011,Hourly, ,30-49,1117,37.23,0
11/1/2018,96252,F,20,Group E,PT,,Yes,East,11/25/2014,Hourly, ,<30,0,0,0
11/1/2018,96352,F,23,Group E,FT,, ,East,2/13/2013,Hourly, ,<30,626,20.87,0
11/1/2018,96374,F,18,Group E,PT,, ,East,7/22/2014,Hourly, ,<30,102,3.4,0
11/1/2018,96376,M,18,Group G,PT,, ,East,10/7/2014,Hourly, ,<30,25,0.83,0
11/1/2018,96382,F,25,Group A,FT,, ,East,11/20/2007,Hourly, ,<30,2538,84.6,0
11/1/2018,96386,M,24,Group D,PT,,Yes,East,11/25/2014,Hourly, ,<30,0,0,0
11/1/2018,96434,F,22,Group D,PT,,Yes,East,11/11/2014,Hourly, ,<30,0,0,0
11/1/2018,96442,M,46,Group C,FT,, ,East,9/20/2005,Hourly, ,30-49,3329,110.97,0
11/1/2018,96452,M,22,Group E,PT,,Yes,East,11/11/2014,Hourly, ,<30,0,0,0
11/1/2018,96484,F,21,Group E,PT,, ,East,7/8/2014,Hourly, ,<30,116,3.87,0
11/1/2018,96504,F,28,Group B,FT,, ,East,2/11/2014,Hourly, ,<30,263,8.77,0
11/1/2018,96512,F,19,Group C,PT,, ,East,1/21/2014,Hourly, ,<30,284,9.47,0
11/1/2018,96764,F,36,Group E,FT,, ,East,7/13/2001,Hourly, ,30-49,4859,161.97,0
11/1/2018,97020,F,41,Group B,FT,, ,East,6/21/2002,Hourly, ,30-49,4516,150.53,0
11/1/2018,97038,F,26,Group E,FT,, ,East,10/2/2007,Hourly, ,<30,2587,86.23,0
11/1/2018,97052,F,50,Group A,FT,, ,East,5/14/2008,Hourly, ,50+,2362,78.73,0
11/1/2018,97066,F,25,Group F,FT,, ,East,7/19/2011,Hourly, ,<30,1201,40.03,0
11/1/2018,97198,M,25,Group A,PT,, ,East,10/24/2012,Hourly, ,<30,738,24.6,0
11/1/2018,97280,M,52,Group C,PT,, ,East,9/23/2014,Hourly, ,50+,39,1.3,0
11/1/2018,97318,F,26,Group A,PT,, ,East,5/13/2009,Hourly, ,<30,1998,66.6,0
11/1/2018,97344,F,37,Group F,FT,, ,East,2/27/2003,Hourly, ,30-49,4265,142.17,0
11/1/2018,97528,F,19,Group B,PT,, ,East,10/29/2013,Hourly, ,<30,368,12.27,0
11/1/2018,97546,F,60,Group E,FT,, ,East,7/24/2003,Hourly, ,50+,4118,137.27,0
11/1/2018,97712,M,20,Group C,PT,, ,East,4/29/2014,Hourly, ,<30,186,6.2,0
11/1/2018,98012,F,20,Group F,PT,,Yes,East,11/13/2014,Hourly, ,<30,0,0,0
11/1/2018,98080,F,32,Group A,FT,, ,East,10/9/2001,Hourly, ,30-49,4771,159.03,0
11/1/2018,98172,F,22,Group D,FT,, ,East,2/25/2014,Hourly, ,<30,249,8.3,0
11/1/2018,98352,F,23,Group B,FT,, ,East,8/9/2011,Hourly, ,<30,1180,39.33,0
11/1/2018,98432,F,32,Group E,FT,, ,East,4/5/2005,Hourly, ,30-49,3497,116.57,0
11/1/2018,98472,F,19,Group E,PT,,Yes,East,11/11/2014,Hourly, ,<30,0,0,0
11/1/2018,98546,F,20,Group B,PT,, ,East,10/28/2014,Hourly, ,<30,4,0.13,0
11/1/2018,98712,M,20,Group C,PT,, ,East,10/16/2014,Hourly, ,<30,16,0.53,0
